FECHA,1M,1F,1,2M,2F,2,3M,3F,3,4M,4F,4,5M,5F,5,6M,6F,6,7M,7F,7,8M,8F,8,9M,9F,9,10M,10F,10,11M,11F,11,12M,12F,12,13M,13F,13,14M,14F,14,15M,15F,15,TotalM,TotalF,Total
2020-03-15,2,0,2,1,1,2,0,1,1,1,2,3,0,0,0,1,1,2,1,0,1,0,0,0,0,0,0,0,0,0,1,0,1,0,0,0,0,0,0,1,0,1,0,0,0,8,5,13
2020-03-16,2,2,4,0,1,1,1,0,1,1,2,3,0,1,1,0,0,0,1,1,2,1,1,2,1,0,1,0,0,0,0,0,0,0,0,0,1,0,1,0,1,1,1,2,3,9,11,20
2020-03-17,1,4,5,1,2,3,0,1,1,0,0,0,1,0,1,1,1,2,0,0,0,1,0,1,0,0,0,1,1,2,2,0,2,0,3,3,0,3,3,2,1,3,0,1,1,10,17,27
2020-03-18,3,1,4,1,0,1,0,2,2,0,0,0,1,1,2,0,1,1,1,0,1,0,0,0,0,0,0,1,0,1,0,0,0,1,0,1,2,3,5,0,0,0,1,0,1,11,8,19
2020-03-19,1,1,2,2,1,3,1,1,2,1,0,1,1,0,1,0,2,2,0,1,1,1,0,1,1,0,1,2,0,2,1,0,1,0,0,0,1,1,2,1,0,1,0,0,0,13,7,20
2020-03-20,0,1,1,0,0,0,0,0,0,1,0,1,0,2,2,1,0,1,0,0,0,1,0,1,1,2,3,0,0,0,1,0,1,1,0,1,1,1,2,1,1,2,0,2,2,8,9,17
2020-03-21,1,1,2,2,0,2,4,2,6,1,0,1,2,0,2,1,1,2,0,1,1,0,0,0,0,0,0,1,1,2,0,0,0,0,0,0,1,1,2,1,1,2,1,0,1,15,8,23
2020-03-22,1,0,1,0,0,0,1,0,1,2,0,2,1,1,2,0,1,1,0,0,0,1,1,2,1,0,1,0,0,0,2,1,3,2,1,3,1,1,2,3,0,3,0,1,1,15,7,22
2020-03-23,0,1,1,0,0,0,1,1,2,1,2,3,2,2,4,1,0,1,3,2,5,1,0,1,2,1,3,2,1,3,1,3,4,1,0,1,2,1,3,2,3,5,4,2,6,23,19,42
2020-03-24,1,1,2,2,0,2,1,0,1,0,1,1,1,0,1,0,1,1,0,0,0,0,0,0,0,0,0,2,3,5,0,0,0,0,0,0,3,1,4,2,3,5,1,0,1,13,10,23
2020-03-25,1,0,1,1,4,5,2,1,3,0,2,2,0,2,2,0,0,0,2,2,4,0,1,1,1,0,1,2,1,3,2,1,3,0,2,2,1,3,4,0,4,4,1,2,3,13,25,38
2020-03-26,1,1,2,2,3,5,1,0,1,1,0,1,1,3,4,0,0,0,4,4,8,0,0,0,2,0,2,0,2,2,1,3,4,3,1,4,5,4,9,4,0,4,1,1,2,26,22,48
2020-03-27,4,3,7,0,0,0,1,3,4,2,2,4,0,2,2,2,1,3,2,2,4,1,1,2,0,0,0,3,8,11,1,1,2,1,0,1,3,2,5,2,2,4,2,4,6,24,31,55
2020-03-28,0,0,0,2,1,3,1,0,1,4,1,5,0,1,1,2,0,2,2,3,5,0,1,1,0,0,0,0,1,1,3,2,5,1,2,3,4,2,6,1,1,2,3,0,3,23,15,38
2020-03-29,2,3,5,0,0,0,1,1,2,1,0,1,2,1,3,1,4,5,2,1,3,1,1,2,5,0,5,3,1,4,3,2,5,1,1,2,0,1,1,3,0,3,1,0,1,26,16,42
2020-03-30,4,1,5,1,0,1,1,1,2,2,0,2,4,2,6,2,1,3,2,0,2,2,0,2,0,1,1,2,4,6,4,2,6,3,3,6,5,7,12,1,1,2,1,0,1,34,23,57
2020-03-31,3,0,3,4,0,4,2,1,3,1,3,4,3,1,4,3,1,4,7,5,12,1,1,2,2,1,3,5,3,8,2,5,7,4,0,4,5,0,5,4,1,5,1,1,2,47,23,70
2020-04-01,1,3,4,1,0,1,1,4,5,6,6,12,4,2,6,3,4,7,7,4,11,5,3,8,3,2,5,3,3,6,3,2,5,8,1,9,4,2,6,3,1,4,4,5,9,56,42,98
2020-04-02,6,8,14,2,5,7,1,4,5,2,8,10,5,5,10,2,4,6,2,2,4,2,4,6,4,2,6,5,2,7,5,4,9,6,4,10,3,5,8,2,3,5,2,0,2,49,60,109
2020-04-03,6,4,10,2,3,5,8,4,12,5,1,6,2,3,5,0,3,3,6,7,13,6,5,11,1,4,5,6,7,13,4,4,8,5,5,10,4,3,7,4,11,15,3,4,7,62,68,130
2020-04-04,1,7,8,1,3,4,3,7,10,4,2,6,1,4,5,2,1,3,4,5,9,1,5,6,1,3,4,2,1,3,3,2,5,2,1,3,5,3,8,7,2,9,4,2,6,41,48,89
2020-04-05,6,10,16,2,3,5,5,5,10,3,5,8,4,1,5,3,0,3,5,5,10,3,2,5,4,0,4,1,5,6,3,5,8,5,4,9,1,3,4,1,3,4,2,0,2,48,51,99
2020-04-06,6,4,10,3,4,7,4,4,8,10,5,15,3,3,6,2,4,6,6,7,13,4,2,6,6,2,8,9,2,11,7,0,7,8,2,10,3,2,5,4,3,7,3,2,5,78,46,124
2020-04-07,4,7,11,2,2,4,2,5,7,5,2,7,3,4,7,5,4,9,9,3,12,0,0,0,6,5,11,4,6,10,3,7,10,8,2,10,5,3,8,0,3,3,3,3,6,59,56,115
2020-04-08,7,3,10,3,3,6,1,3,4,7,2,9,6,1,7,5,5,10,4,10,14,3,5,8,0,0,0,8,4,12,3,1,4,2,2,4,4,2,6,4,2,6,2,5,7,59,48,107
2020-04-09,5,4,9,5,2,7,2,3,5,6,5,11,5,7,12,5,4,9,6,7,13,4,3,7,5,4,9,4,10,14,2,3,5,2,3,5,3,5,8,1,3,4,4,2,6,59,65,124
2020-04-10,4,1,5,6,1,7,3,3,6,5,4,9,2,6,8,4,4,8,8,6,14,3,2,5,4,3,7,0,3,3,5,3,8,2,2,4,3,1,4,4,1,5,2,5,7,55,45,100
2020-04-11,2,1,3,3,2,5,4,4,8,6,1,7,3,4,7,3,2,5,7,7,14,1,2,3,5,1,6,0,4,4,5,3,8,4,3,7,1,5,6,3,1,4,4,4,8,51,44,95
2020-04-12,5,3,8,2,0,2,4,3,7,2,6,8,1,2,3,2,2,4,3,3,6,0,1,1,3,2,5,3,2,5,9,5,14,4,5,9,2,6,8,1,2,3,3,2,5,44,44,88
2020-04-13,11,6,17,2,5,7,3,1,4,6,8,14,7,9,16,2,3,5,8,3,11,2,2,4,3,4,7,3,4,7,8,4,12,3,3,6,4,7,11,3,7,10,3,8,11,68,74,142
2020-04-14,12,7,19,2,3,5,4,2,6,6,3,9,7,3,10,0,1,1,7,3,10,3,5,8,2,5,7,6,4,10,4,1,5,8,1,9,3,3,6,6,3,9,5,5,10,75,49,124
2020-04-15,8,3,11,2,3,5,2,6,8,4,8,12,3,0,3,1,1,2,3,7,10,4,6,10,4,4,8,6,6,12,3,2,5,2,6,8,3,4,7,7,4,11,10,4,14,62,64,126
2020-04-16,6,5,11,1,4,5,5,4,9,9,6,15,5,4,9,5,5,10,6,5,11,4,2,6,3,4,7,4,3,7,6,7,13,3,7,10,5,6,11,3,5,8,4,4,8,69,71,140
2020-04-17,8,5,13,3,2,5,11,4,15,6,4,10,2,1,3,3,5,8,7,8,15,3,4,7,1,4,5,1,4,5,5,6,11,11,9,20,3,7,10,8,9,17,5,6,11,77,78,155
2020-04-18,3,2,5,5,4,9,4,5,9,7,4,11,10,6,16,4,7,11,6,3,9,2,4,6,4,1,5,4,5,9,3,8,11,4,6,10,6,0,6,10,2,12,4,1,5,76,58,134
2020-04-19,7,8,15,4,2,6,2,1,3,3,3,6,4,5,9,2,4,6,6,7,13,1,1,2,1,0,1,2,2,4,7,5,12,4,2,6,4,5,9,4,7,11,3,2,5,54,54,108
2020-04-20,4,4,8,2,3,5,12,9,21,6,7,13,6,9,15,10,8,18,13,10,23,8,7,15,8,4,12,7,4,11,5,4,9,8,5,13,4,5,9,12,4,16,4,9,13,109,92,201
2020-04-21,6,6,12,3,4,7,7,8,15,8,7,15,6,10,16,3,1,4,4,5,9,8,5,13,4,6,10,1,0,1,3,11,14,8,7,15,6,5,11,6,6,12,5,3,8,78,84,162
2020-04-22,7,9,16,2,3,5,4,6,10,11,8,19,6,4,10,2,1,3,14,9,23,7,5,12,3,4,7,5,9,14,7,4,11,2,4,6,4,3,7,7,5,12,3,1,4,84,75,159
2020-04-23,4,6,10,4,4,8,4,4,8,7,6,13,9,4,13,5,3,8,3,8,11,3,1,4,9,8,17,6,6,12,11,6,17,5,9,14,5,7,12,3,7,10,8,5,13,86,84,170
2020-04-24,13,5,18,1,5,6,5,4,9,7,5,12,3,4,7,4,5,9,7,14,21,7,3,10,3,7,10,7,7,14,5,4,9,7,8,15,7,7,14,3,10,13,7,4,11,86,92,178
2020-04-25,10,8,18,2,1,3,2,6,8,6,5,11,3,5,8,2,4,6,5,5,10,5,3,8,5,3,8,2,3,5,4,1,5,3,6,9,3,5,8,4,4,8,4,6,10,60,65,125
2020-04-26,4,3,7,1,3,4,2,2,4,7,7,14,3,2,5,3,4,7,6,7,13,0,3,3,1,4,5,4,4,8,7,4,11,3,4,7,3,3,6,9,8,17,2,5,7,55,63,118
2020-04-27,10,10,20,6,6,12,6,4,10,6,5,11,2,6,8,4,8,12,5,8,13,3,3,6,7,6,13,3,6,9,2,3,5,2,8,10,10,4,14,7,6,13,7,6,13,80,89,169
2020-04-28,10,9,19,2,7,9,4,7,11,10,8,18,3,4,7,2,11,13,9,7,16,8,5,13,4,5,9,1,4,5,7,4,11,6,5,11,2,5,7,5,10,15,6,3,9,79,94,173
2020-04-29,6,11,17,5,5,10,3,6,9,4,4,8,4,9,13,10,5,15,9,13,22,9,3,12,6,4,10,8,5,13,7,4,11,7,4,11,11,7,18,4,8,12,10,5,15,103,93,196
2020-04-30,5,5,10,0,4,4,5,9,14,7,4,11,7,8,15,7,9,16,11,17,28,4,4,8,12,2,14,4,3,7,14,6,20,5,3,8,6,5,11,4,6,10,4,8,12,95,93,188
2020-05-01,5,6,11,1,6,7,6,5,11,8,5,13,3,3,6,1,1,2,8,9,17,2,6,8,8,1,9,6,7,13,7,3,10,3,6,9,2,5,7,4,3,7,2,3,5,66,69,135
2020-05-02,7,7,14,3,3,6,2,1,3,8,2,10,4,4,8,3,2,5,6,9,15,3,4,7,5,3,8,4,3,7,2,2,4,4,2,6,4,6,10,2,7,9,2,2,4,59,57,116
2020-05-03,3,10,13,3,2,5,4,3,7,4,3,7,4,4,8,3,8,11,5,5,10,2,3,5,5,4,9,4,4,8,6,1,7,1,3,4,5,5,10,4,3,7,3,3,6,56,61,117
2020-05-04,6,5,11,8,8,16,5,8,13,10,4,14,4,3,7,2,6,8,6,7,13,2,8,10,5,4,9,4,4,8,14,2,16,6,11,17,3,13,16,8,4,12,7,10,17,90,97,187
2020-05-05,13,11,24,9,4,13,5,4,9,6,8,14,5,6,11,2,5,7,5,13,18,9,5,14,4,3,7,7,6,13,6,4,10,5,10,15,8,3,11,6,8,14,2,6,8,92,96,188
2020-05-06,13,11,24,3,6,9,10,5,15,9,4,13,8,3,11,4,5,9,6,8,14,4,8,12,6,2,8,0,2,2,10,6,16,9,6,15,10,5,15,8,12,20,9,6,15,109,89,198
2020-05-07,11,12,23,11,7,18,5,7,12,11,4,15,0,6,6,3,9,12,10,8,18,9,4,13,3,1,4,3,9,12,3,3,6,5,4,9,7,7,14,11,7,18,3,3,6,95,91,186
2020-05-08,19,17,36,4,5,9,6,4,10,11,7,18,8,1,9,7,5,12,4,9,13,6,8,14,7,1,8,5,6,11,7,5,12,8,10,18,9,14,23,7,4,11,2,6,8,110,102,212
2020-05-09,11,16,27,6,5,11,7,5,12,3,4,7,4,4,8,3,2,5,7,6,13,4,4,8,5,2,7,4,5,9,3,4,7,1,3,4,5,5,10,9,3,12,5,5,10,77,73,150
2020-05-10,5,7,12,5,4,9,2,5,7,6,4,10,2,2,4,2,7,9,8,3,11,3,4,7,5,5,10,4,4,8,1,6,7,3,7,10,7,4,11,2,7,9,1,7,8,56,76,132
2020-05-11,15,17,32,2,2,4,8,7,15,9,10,19,3,7,10,7,10,17,11,8,19,2,4,6,4,9,13,4,1,5,4,4,8,9,6,15,14,9,23,8,7,15,6,7,13,106,108,214
2020-05-12,19,14,33,3,7,10,11,7,18,6,10,16,4,5,9,3,3,6,15,16,31,13,6,19,5,7,12,3,10,13,5,5,10,2,4,6,7,10,17,9,6,15,4,2,6,109,112,221
2020-05-13,23,17,40,5,6,11,2,7,9,10,16,26,7,4,11,6,11,17,13,14,27,3,3,6,2,2,4,7,4,11,7,7,14,5,4,9,5,3,8,8,6,14,8,10,18,111,114,225
2020-05-14,21,32,53,7,14,21,7,9,16,7,11,18,6,6,12,7,5,12,14,22,36,9,9,18,7,3,10,4,5,9,6,5,11,2,5,7,5,4,9,7,9,16,4,8,12,113,147,260
2020-05-15,15,18,33,6,5,11,0,5,5,15,10,25,4,5,9,9,6,15,8,11,19,8,12,20,4,2,6,3,7,10,4,5,9,6,4,10,5,14,19,5,9,14,3,5,8,95,118,213
2020-05-16,15,13,28,6,8,14,5,6,11,4,7,11,4,4,8,6,7,13,8,14,22,2,6,8,7,5,12,0,3,3,5,1,6,1,5,6,3,5,8,7,6,13,1,7,8,74,97,171
2020-05-17,15,10,25,1,7,8,1,8,9,16,6,22,5,6,11,7,7,14,8,12,20,4,1,5,2,4,6,2,0,2,3,6,9,3,1,4,2,5,7,8,4,12,5,5,10,82,82,164
2020-05-18,32,27,59,3,4,7,12,8,20,23,21,44,6,7,13,3,9,12,19,18,37,7,3,10,7,5,12,5,9,14,3,8,11,1,11,12,7,7,14,11,10,21,7,7,14,146,154,300
2020-05-19,29,31,60,12,8,20,10,6,16,25,24,49,7,7,14,6,10,16,23,24,47,29,13,42,4,5,9,3,8,11,6,5,11,6,5,11,4,10,14,4,3,7,7,11,18,175,170,345
2020-05-20,35,30,65,6,7,13,10,16,26,13,16,29,8,7,15,5,8,13,23,24,47,14,12,26,8,4,12,7,6,13,8,2,10,12,5,17,15,11,26,9,11,20,6,9,15,179,168,347
2020-05-21,24,21,45,4,9,13,14,11,25,33,34,67,6,4,10,9,4,13,25,19,44,12,7,19,12,13,25,3,8,11,7,7,14,7,12,19,5,8,13,9,6,15,3,2,5,173,165,338
2020-05-22,29,22,51,4,7,11,12,14,26,17,23,40,7,7,14,5,11,16,24,18,42,14,7,21,5,4,9,7,5,12,3,6,9,7,8,15,9,7,16,11,12,23,3,9,12,157,160,317
2020-05-23,23,20,43,6,4,10,8,8,16,14,13,27,8,6,14,4,6,10,30,15,45,6,8,14,2,6,8,8,6,14,3,10,13,5,7,12,4,2,6,4,7,11,6,6,12,131,124,255
2020-05-24,11,7,18,2,4,6,4,5,9,14,16,30,3,2,5,5,4,9,16,13,29,8,6,14,7,2,9,8,5,13,3,11,14,1,6,7,8,7,15,6,6,12,4,5,9,100,99,199
2020-05-25,13,17,30,6,11,17,4,6,10,30,34,64,8,6,14,7,4,11,30,29,59,3,4,7,1,3,4,5,3,8,4,3,7,4,5,9,6,8,14,6,11,17,7,3,10,134,147,281
2020-05-26,33,29,62,4,9,13,11,14,25,42,28,70,7,11,18,2,6,8,26,33,59,28,16,44,4,11,15,9,2,11,13,8,21,1,5,6,6,14,20,10,11,21,12,10,22,208,207,415
2020-05-27,29,32,61,6,4,10,8,6,14,25,16,41,10,9,19,5,6,11,17,27,44,17,14,31,5,7,12,5,9,14,3,5,8,6,7,13,9,6,15,9,13,22,5,5,10,159,166,325
2020-05-28,27,34,61,5,7,12,12,7,19,40,27,67,12,7,19,2,9,11,17,14,31,11,15,26,8,11,19,4,10,14,7,6,13,6,10,16,10,20,30,13,12,25,7,13,20,181,202,383
2020-05-29,30,36,66,9,8,17,13,11,24,38,31,69,10,12,22,6,9,15,31,24,55,22,21,43,9,6,15,9,6,15,5,9,14,6,9,15,5,9,14,11,16,27,9,8,17,213,215,428
2020-05-30,24,19,43,8,7,15,9,7,16,33,21,54,6,5,11,6,5,11,30,22,52,11,9,20,3,4,7,8,3,11,5,3,8,4,6,10,7,7,14,5,14,19,1,7,8,160,139,299
2020-05-31,15,14,29,7,6,13,6,4,10,16,7,23,6,6,12,7,6,13,16,9,25,15,9,24,1,2,3,3,4,7,5,6,11,2,2,4,4,4,8,4,5,9,0,8,8,107,92,199
2020-06-01,26,21,47,5,7,12,14,10,24,34,27,61,9,11,20,8,8,16,29,39,68,15,21,36,9,4,13,6,8,14,5,6,11,9,4,13,6,7,13,9,11,20,9,13,22,193,197,390
2020-06-02,25,22,47,10,7,17,14,21,35,21,20,41,11,7,18,13,5,18,31,25,56,19,27,46,9,5,14,4,3,7,5,4,9,8,11,19,6,12,18,10,12,22,15,9,24,201,190,391
2020-06-03,37,41,78,8,6,14,15,9,24,19,20,39,7,10,17,6,7,13,19,19,38,16,22,38,8,12,20,5,10,15,8,7,15,7,8,15,12,7,19,5,11,16,7,7,14,179,196,375
2020-06-04,26,25,51,4,11,15,10,5,15,32,37,69,10,5,15,7,8,15,26,25,51,20,16,36,5,6,11,4,7,11,4,5,9,6,11,17,12,11,23,12,11,23,8,12,20,186,195,381
2020-06-05,16,16,32,5,11,16,12,10,22,39,35,74,11,13,24,3,8,11,20,26,46,43,48,91,8,3,11,7,6,13,7,9,16,4,7,11,9,12,21,17,12,29,18,14,32,219,230,449
2020-06-06,24,21,45,6,8,14,7,9,16,19,18,37,8,13,21,5,4,9,23,21,44,13,10,23,3,0,3,4,5,9,4,6,10,10,9,19,4,3,7,11,11,22,6,13,19,147,151,298
2020-06-07,22,13,35,6,5,11,14,15,29,23,14,37,8,6,14,3,2,5,9,12,21,17,13,30,3,2,5,8,2,10,5,5,10,3,10,13,4,4,8,5,7,12,5,4,9,135,114,249
2020-06-08,25,17,42,9,15,24,23,19,42,31,26,57,9,9,18,9,12,21,32,28,60,30,28,58,3,4,7,5,4,9,6,5,11,9,7,16,5,10,15,11,11,22,17,15,32,224,210,434
2020-06-09,24,21,45,6,5,11,11,17,28,41,30,71,11,6,17,9,5,14,23,46,69,32,33,65,7,9,16,7,6,13,2,6,8,9,8,17,8,9,17,5,6,11,12,8,20,207,215,422
2020-06-10,22,16,38,7,11,18,22,19,41,31,28,59,9,13,22,4,15,19,29,24,53,22,26,48,11,9,20,15,11,26,9,11,20,11,9,20,9,8,17,10,15,25,9,11,20,220,226,446
2020-06-11,22,16,38,8,8,16,7,23,30,31,39,70,11,12,23,6,12,18,13,28,41,31,30,61,8,8,16,14,17,31,6,12,18,9,12,21,6,14,20,13,13,26,6,10,16,191,254,445
2020-06-12,23,20,43,9,12,21,13,21,34,35,37,72,13,12,25,7,6,13,26,35,61,40,49,89,12,9,21,3,11,14,9,8,17,14,11,25,13,10,23,15,14,29,12,12,24,244,267,511
2020-06-13,22,20,42,4,8,12,11,8,19,28,34,62,9,8,17,5,8,13,23,27,50,28,21,49,5,9,14,6,9,15,18,5,23,6,13,19,6,4,10,10,12,22,9,9,18,190,195,385
2020-06-14,18,12,30,6,1,7,9,7,16,29,29,58,5,9,14,4,8,12,16,14,30,15,22,37,8,4,12,7,7,14,3,12,15,2,4,6,6,8,14,8,6,14,5,10,15,141,153,294
2020-06-15,11,13,24,2,6,8,13,6,19,48,27,75,10,13,23,5,10,15,13,25,38,28,21,49,11,5,16,9,4,13,6,3,9,8,9,17,7,9,16,9,10,19,5,12,17,185,173,358
2020-06-16,26,20,46,8,16,24,18,13,31,39,33,72,6,8,14,5,12,17,20,18,38,41,49,90,9,8,17,10,12,22,15,7,22,11,17,28,13,12,25,19,10,29,20,21,41,260,256,516
2020-06-17,28,29,57,7,9,16,23,17,40,32,33,65,18,11,29,11,15,26,26,18,44,39,40,79,10,11,21,13,8,21,11,13,24,8,12,20,9,12,21,13,11,24,13,12,25,261,251,512
2020-06-18,24,23,47,16,15,31,14,18,32,48,34,82,14,12,26,15,14,29,28,25,53,46,42,88,11,10,21,7,9,16,10,6,16,11,10,21,15,21,36,13,14,27,13,17,30,285,270,555
2020-06-19,32,24,56,9,11,20,15,17,32,48,44,92,9,9,18,9,14,23,31,22,53,58,50,108,20,17,37,9,2,11,10,9,19,17,11,28,19,24,43,12,17,29,13,14,27,311,285,596
2020-06-20,18,13,31,5,5,10,7,14,21,36,50,86,18,12,30,8,2,10,14,12,26,28,32,60,7,14,21,3,11,14,10,4,14,8,11,19,7,3,10,13,12,25,10,9,19,192,204,396
2020-06-21,18,17,35,4,7,11,8,9,17,30,32,62,16,10,26,8,4,12,5,10,15,26,19,45,11,5,16,6,7,13,5,6,11,6,8,14,3,7,10,8,5,13,6,5,11,160,151,311
2020-06-22,19,20,39,5,7,12,19,19,38,41,49,90,25,20,45,4,10,14,25,29,54,55,33,88,11,21,32,9,14,23,8,7,15,12,8,20,16,9,25,11,15,26,9,20,29,269,281,550
2020-06-23,25,25,50,11,9,20,9,15,24,58,50,108,16,19,35,14,11,25,27,31,58,35,40,75,11,13,24,6,10,16,5,16,21,20,14,34,11,9,20,16,19,35,13,10,23,277,291,568
2020-06-24,20,21,41,5,11,16,20,22,42,58,49,107,12,19,31,7,11,18,27,16,43,45,37,82,7,13,20,7,12,19,7,9,16,6,11,17,16,19,35,15,19,34,9,18,27,261,287,548
2020-06-25,22,25,47,13,11,24,20,16,36,64,49,113,8,21,29,16,5,21,11,17,28,40,44,84,12,15,27,18,17,35,9,11,20,8,11,19,10,12,22,7,23,30,19,15,34,277,292,569
2020-06-26,24,23,47,3,8,11,20,19,39,43,34,77,13,13,26,15,7,22,17,27,44,60,45,105,11,17,28,11,19,30,12,11,23,18,20,38,19,18,37,14,15,29,9,15,24,289,291,580
2020-06-27,29,29,58,7,5,12,9,11,20,35,29,64,9,7,16,6,5,11,23,21,44,47,49,96,10,16,26,6,9,15,20,21,41,11,10,21,6,9,15,10,13,23,10,9,19,238,243,481
2020-06-28,18,21,39,6,7,13,4,11,15,21,30,51,8,9,17,7,7,14,19,13,32,38,34,72,11,8,19,8,2,10,8,12,20,3,9,12,7,6,13,11,10,21,7,9,16,176,188,364
2020-06-29,32,25,57,8,13,21,20,17,37,39,49,88,10,11,21,11,9,20,29,33,62,48,44,92,7,9,16,7,6,13,19,18,37,17,15,32,8,20,28,16,12,28,9,9,18,280,290,570
2020-06-30,23,21,44,9,13,22,24,31,55,41,46,87,11,5,16,11,9,20,7,18,25,39,38,77,13,20,33,9,9,18,12,7,19,11,9,20,14,10,24,8,15,23,15,11,26,247,262,509
2020-07-01,21,23,44,8,19,27,18,18,36,39,53,92,14,13,27,13,10,23,22,22,44,38,43,81,18,8,26,6,8,14,6,12,18,8,7,15,8,17,25,21,9,30,13,13,26,253,275,528
2020-07-02,21,35,56,18,11,29,13,16,29,57,56,113,19,16,35,6,8,14,32,21,53,40,38,78,21,13,34,10,10,20,7,12,19,7,13,20,13,12,25,17,17,34,13,10,23,294,288,582
2020-07-03,27,26,53,12,8,20,19,24,43,51,34,85,20,14,34,11,13,24,18,16,34,44,30,74,14,19,33,6,7,13,14,16,30,10,14,24,12,20,32,16,11,27,9,10,19,283,262,545
2020-07-04,15,17,32,3,8,11,14,10,24,33,31,64,11,7,18,5,11,16,22,24,46,38,42,80,9,13,22,12,7,19,9,5,14,11,8,19,6,10,16,10,14,24,9,10,19,207,217,424
2020-07-05,18,16,34,5,9,14,17,9,26,25,31,56,23,28,51,2,7,9,26,22,48,20,30,50,8,10,18,3,3,6,7,9,16,8,3,11,7,17,24,14,17,31,5,12,17,188,223,411
2020-07-06,24,23,47,15,10,25,17,18,35,35,26,61,20,23,43,10,11,21,15,36,51,58,52,110,20,10,30,3,14,17,11,17,28,16,11,27,12,16,28,8,12,20,12,12,24,276,291,567
2020-07-07,26,28,54,11,17,28,15,29,44,44,54,98,14,14,28,8,13,21,25,29,54,66,45,111,17,19,36,10,12,22,10,13,23,13,8,21,9,19,28,20,17,37,9,15,24,297,332,629
2020-07-08,28,38,66,9,12,21,37,36,73,38,27,65,12,13,25,7,17,24,28,30,58,39,37,76,21,12,33,12,6,18,12,13,25,10,12,22,14,22,36,13,17,30,10,16,26,290,308,598
2020-07-09,25,11,36,4,11,15,9,15,24,22,18,40,14,15,29,14,5,19,25,22,47,31,30,61,14,13,27,11,13,24,11,9,20,11,11,22,7,12,19,10,12,22,9,11,20,217,208,425
2020-07-10,16,13,29,9,10,19,10,18,28,27,28,55,15,9,24,6,8,14,18,15,33,24,27,51,16,7,23,7,10,17,17,12,29,9,15,24,9,11,20,18,25,43,12,17,29,213,225,438
2020-07-11,11,18,29,10,11,21,14,28,42,36,26,62,2,14,16,12,20,32,15,17,32,26,30,56,20,12,32,8,12,20,8,8,16,7,16,23,10,11,21,12,16,28,8,21,29,199,260,459
2020-07-12,18,13,31,8,4,12,11,4,15,17,21,38,12,9,21,11,5,16,14,9,23,13,20,33,6,4,10,3,9,12,8,10,18,8,7,15,7,12,19,9,12,21,8,8,16,153,147,300
2020-07-13,53,60,113,8,17,25,33,38,71,42,59,101,16,15,31,10,15,25,25,33,58,35,31,66,14,18,32,5,14,19,12,10,22,18,22,40,13,18,31,22,26,48,9,14,23,315,390,705
2020-07-14,24,26,50,10,10,20,19,20,39,58,46,104,17,14,31,16,18,34,28,31,59,48,31,79,21,11,32,11,11,22,14,16,30,11,14,25,20,14,34,12,18,30,17,16,33,326,296,622
2020-07-15,22,33,55,6,13,19,19,21,40,45,35,80,29,36,65,18,15,33,25,36,61,49,43,92,21,19,40,13,17,30,16,19,35,5,18,23,14,25,39,25,34,59,19,15,34,326,379,705
2020-07-16,39,41,80,7,6,13,29,23,52,47,40,87,10,14,24,17,19,36,21,30,51,51,46,97,21,19,40,15,19,34,17,14,31,9,18,27,11,26,37,14,25,39,17,27,44,325,367,692
2020-07-17,24,32,56,10,19,29,33,33,66,40,64,104,15,20,35,15,11,26,22,31,53,42,40,82,19,13,32,17,17,34,8,20,28,13,22,35,11,18,29,15,24,39,13,12,25,297,376,673
2020-07-18,32,36,68,14,17,31,13,22,35,20,33,53,15,9,24,12,12,24,19,15,34,18,26,44,15,14,29,17,15,32,11,17,28,13,15,28,19,19,38,18,16,34,12,13,25,248,279,527
2020-07-19,18,19,37,13,8,21,14,21,35,22,32,54,13,17,30,10,10,20,19,24,43,33,29,62,17,16,33,7,9,16,7,7,14,9,12,21,13,8,21,7,11,18,14,18,32,216,241,457
2020-07-20,70,75,145,18,16,34,25,24,49,48,65,113,24,31,55,10,16,26,22,28,50,41,59,100,19,13,32,12,11,23,18,16,34,16,24,40,18,24,42,17,24,41,19,18,37,377,444,821
2020-07-21,37,39,76,9,16,25,23,19,42,50,49,99,8,19,27,17,16,33,31,38,69,56,39,95,16,25,41,23,12,35,13,18,31,20,24,44,18,26,44,19,20,39,14,11,25,354,371,725
2020-07-22,46,39,85,16,18,34,18,22,40,67,65,132,20,51,71,21,14,35,29,31,60,45,34,79,19,31,50,23,16,39,17,22,39,17,21,38,16,20,36,25,20,45,25,14,39,404,418,822
2020-07-23,34,36,70,14,16,30,23,28,51,42,44,86,19,14,33,19,18,37,27,40,67,36,39,75,19,19,38,13,12,25,20,12,32,25,21,46,22,25,47,24,29,53,16,25,41,353,378,731
2020-07-24,27,31,58,20,27,47,23,21,44,59,26,85,18,15,33,17,29,46,37,30,67,28,33,61,28,32,60,12,30,42,21,13,34,20,24,44,13,17,30,20,30,50,17,19,36,360,377,737
2020-07-25,32,23,55,13,16,29,17,16,33,38,38,76,14,19,33,10,17,27,24,24,48,29,26,55,15,13,28,14,11,25,11,13,24,17,20,37,9,15,24,18,24,42,16,19,35,277,294,571
2020-07-26,14,15,29,7,6,13,14,12,26,27,22,49,6,11,17,9,9,18,21,21,42,17,18,35,10,16,26,11,7,18,10,8,18,12,9,21,11,13,24,19,20,39,15,19,34,203,206,409
2020-07-27,36,58,94,12,14,26,18,21,39,41,48,89,22,23,45,15,18,33,23,33,56,45,37,82,15,21,36,15,24,39,22,21,43,20,14,34,19,16,35,25,33,58,16,18,34,344,399,743
2020-07-28,32,30,62,17,18,35,32,31,63,56,67,123,19,28,47,16,28,44,39,34,73,38,33,71,17,27,44,17,18,35,17,23,40,19,20,39,16,21,37,25,31,56,28,24,52,388,433,821
2020-07-29,43,36,79,15,25,40,37,32,69,58,77,135,21,22,43,19,19,38,31,29,60,35,38,73,25,19,44,20,15,35,15,20,35,12,13,25,17,18,35,40,55,95,26,23,49,414,441,855
2020-07-30,44,42,86,10,18,28,39,52,91,50,35,85,21,27,48,12,17,29,63,35,98,49,48,97,38,20,58,16,22,38,17,9,26,19,17,36,20,22,42,20,19,39,16,22,38,434,405,839
2020-07-31,39,44,83,19,25,44,36,37,73,42,40,82,17,26,43,15,26,41,34,31,65,36,52,88,23,19,42,14,18,32,18,17,35,18,22,40,23,31,54,21,37,58,13,28,41,368,453,821
2020-08-01,30,38,68,8,7,15,23,24,47,38,42,80,10,26,36,9,12,21,17,16,33,28,30,58,12,9,21,8,13,21,14,25,39,8,15,23,19,21,40,19,16,35,11,21,32,254,315,569
2020-08-02,21,25,46,9,6,15,10,17,27,31,32,63,24,25,49,9,13,22,21,18,39,17,21,38,9,14,23,6,10,16,8,11,19,11,13,24,15,10,25,15,27,42,16,20,36,222,262,484
2020-08-03,39,37,76,10,19,29,20,32,52,52,57,109,16,25,41,11,16,27,37,36,73,30,34,64,28,28,56,10,18,28,14,21,35,18,17,35,22,27,49,19,30,49,27,21,48,353,418,771
2020-08-04,42,32,74,24,14,38,42,37,79,68,54,122,14,31,45,14,10,24,27,40,67,51,40,91,23,21,44,17,22,39,19,18,37,19,19,38,19,30,49,33,27,60,29,14,43,441,409,850
2020-08-05,45,25,70,18,18,36,26,26,52,62,53,115,25,35,60,12,22,34,26,32,58,39,32,71,28,26,54,20,20,40,20,25,45,18,26,44,24,32,56,25,29,54,15,28,43,403,429,832
2020-08-06,46,33,79,12,15,27,24,35,59,47,36,83,15,20,35,23,24,47,31,32,63,34,54,88,23,19,42,14,23,37,15,21,36,31,37,68,21,20,41,24,34,58,23,38,61,383,441,824
2020-08-07,47,51,98,14,25,39,28,50,78,44,40,84,26,26,52,10,18,28,23,35,58,37,57,94,28,25,53,17,11,28,18,21,39,29,26,55,26,30,56,25,37,62,29,27,56,401,479,880
2020-08-08,29,34,63,13,16,29,24,27,51,37,39,76,12,23,35,15,40,55,21,25,46,34,30,64,14,15,29,14,14,28,12,22,34,18,13,31,15,22,37,22,27,49,24,30,54,304,377,681
2020-08-09,35,13,48,13,17,30,29,52,81,24,22,46,15,29,44,11,12,23,15,14,29,19,17,36,13,15,28,12,12,24,15,11,26,14,21,35,14,30,44,19,47,66,19,27,46,267,339,606
2020-08-10,33,36,69,14,21,35,36,39,75,46,58,104,23,33,56,14,19,33,32,27,59,45,34,79,41,23,64,20,20,40,15,29,44,20,26,46,23,30,53,31,28,59,23,29,52,416,452,868
2020-08-11,58,36,94,28,33,61,24,25,49,54,63,117,32,33,65,23,29,52,22,28,50,44,34,78,39,34,73,20,57,77,18,24,42,28,29,57,35,32,67,29,43,72,28,23,51,482,523,1005
2020-08-12,37,38,75,25,24,49,24,41,65,51,59,110,15,31,46,21,18,39,36,22,58,47,42,89,22,38,60,14,27,41,21,24,45,18,30,48,28,39,67,25,35,60,17,33,50,401,501,902
2020-08-13,37,46,83,22,22,44,23,38,61,70,63,133,29,32,61,21,22,43,20,34,54,37,38,75,31,23,54,13,21,34,18,25,43,27,37,64,30,37,67,40,45,85,36,26,62,454,509,963
2020-08-14,30,38,68,19,21,40,31,31,62,61,50,111,20,32,52,29,21,50,25,24,49,33,42,75,30,37,67,14,24,38,30,26,56,34,40,74,15,41,56,43,48,91,26,27,53,440,502,942
2020-08-15,31,32,63,15,18,33,40,48,88,35,35,70,25,42,67,13,18,31,22,36,58,35,33,68,25,28,53,21,20,41,12,29,41,16,30,46,16,27,43,12,31,43,12,29,41,330,456,786
2020-08-16,24,21,45,7,12,19,15,31,46,22,28,50,13,18,31,18,8,26,14,32,46,17,14,31,13,17,30,11,12,23,18,25,43,16,22,38,18,24,42,17,25,42,15,23,38,238,312,550
2020-08-17,29,36,65,16,20,36,29,22,51,36,40,76,16,22,38,16,16,32,21,30,51,27,38,65,26,16,42,26,28,54,7,17,24,19,22,41,27,37,64,29,23,52,24,16,40,348,383,731
2020-08-18,42,49,91,25,24,49,23,49,72,55,49,104,23,37,60,19,24,43,32,25,57,37,42,79,14,23,37,23,20,43,22,26,48,24,19,43,26,41,67,29,38,67,29,17,46,423,483,906
2020-08-19,33,38,71,21,46,67,21,36,57,53,43,96,22,34,56,16,20,36,21,47,68,30,45,75,30,20,50,21,11,32,17,32,49,26,34,60,17,30,47,25,34,59,17,19,36,370,489,859
2020-08-20,23,19,42,8,22,30,24,39,63,43,53,96,21,20,41,17,23,40,22,34,56,43,43,86,24,28,52,14,18,32,20,21,41,31,26,57,20,34,54,20,40,60,29,23,52,359,443,802
2020-08-21,35,31,66,18,24,42,28,34,62,38,45,83,18,28,46,25,27,52,31,27,58,32,40,72,35,58,93,15,10,25,15,21,36,29,42,71,25,29,54,35,44,79,22,25,47,401,485,886
2020-08-22,19,20,39,17,13,30,29,24,53,25,31,56,23,23,46,18,15,33,22,32,54,21,28,49,16,24,40,17,14,31,13,11,24,25,48,73,10,22,32,26,39,65,21,15,36,302,359,661
2020-08-23,11,17,28,14,13,27,16,26,42,25,38,63,13,18,31,11,12,23,16,20,36,18,28,46,18,10,28,14,10,24,7,13,20,12,14,26,13,19,32,20,20,40,20,16,36,228,274,502
2020-08-24,38,31,69,18,24,42,38,34,72,56,56,112,29,30,59,22,17,39,39,35,74,20,39,59,26,25,51,10,26,36,15,21,36,22,32,54,33,65,98,26,39,65,21,27,48,413,501,914
2020-08-25,47,43,90,23,32,55,25,34,59,48,50,98,29,30,59,14,31,45,25,42,67,41,43,84,25,36,61,13,17,30,19,24,43,22,34,56,29,38,67,21,35,56,27,29,56,408,518,926
2020-08-26,45,42,87,29,23,52,33,41,74,39,43,82,23,33,56,28,35,63,29,41,70,46,36,82,29,32,61,14,18,32,27,24,51,27,35,62,26,31,57,29,36,65,38,21,59,462,491,953
2020-08-27,46,45,91,23,43,66,35,28,63,41,56,97,54,37,91,20,14,34,34,34,68,43,36,79,25,23,48,16,23,39,32,44,76,28,27,55,36,35,71,39,36,75,21,36,57,493,517,1010
2020-08-28,49,54,103,27,32,59,42,34,76,47,64,111,19,30,49,23,40,63,41,35,76,38,43,81,28,28,56,18,20,38,21,27,48,25,29,54,54,80,134,31,31,62,22,38,60,485,585,1070
2020-08-29,34,27,61,26,25,51,21,21,42,30,27,57,23,14,37,17,33,50,31,33,64,24,22,46,24,17,41,25,27,52,24,41,65,29,24,53,17,27,44,20,26,46,13,18,31,358,382,740
2020-08-30,34,26,60,14,18,32,29,29,58,37,36,73,19,27,46,21,21,42,21,24,45,18,24,42,19,23,42,11,7,18,16,14,30,9,10,19,15,14,29,15,22,37,18,15,33,296,310,606
2020-08-31,43,35,78,26,25,51,37,30,67,34,41,75,26,36,62,17,28,45,40,39,79,45,41,86,31,35,66,21,22,43,17,27,44,23,26,49,27,42,69,33,45,78,20,18,38,440,490,930
2020-09-01,53,41,94,18,17,35,27,35,62,38,42,80,29,28,57,19,30,49,27,36,63,43,52,95,37,42,79,25,33,58,17,36,53,36,25,61,34,36,70,31,38,69,20,35,55,454,526,980
2020-09-02,32,29,61,20,26,46,29,32,61,30,40,70,30,34,64,14,18,32,27,28,55,21,29,50,27,28,55,18,18,36,19,23,42,29,69,98,37,36,73,34,34,68,21,28,49,388,472,860
2020-09-03,39,34,73,31,25,56,36,41,77,63,76,139,29,23,52,21,34,55,29,21,50,37,33,70,34,36,70,22,31,53,28,30,58,29,32,61,38,53,91,42,35,77,24,31,55,502,535,1037
2020-09-04,42,41,83,23,33,56,21,29,50,51,46,97,33,32,65,29,36,65,22,36,58,25,41,66,30,34,64,17,26,43,29,33,62,24,45,69,42,43,85,44,49,93,22,29,51,454,553,1007
2020-09-05,27,28,55,12,24,36,25,18,43,18,31,49,24,26,50,18,19,37,31,26,57,26,39,65,28,23,51,21,21,42,14,25,39,15,24,39,25,31,56,26,36,62,27,26,53,337,397,734
2020-09-06,29,34,63,13,19,32,23,28,51,25,25,50,12,20,32,16,17,33,17,30,47,14,18,32,14,10,24,11,12,23,11,24,35,10,18,28,14,16,30,13,25,38,14,10,24,236,306,542
2020-09-07,42,49,91,30,32,62,33,48,81,39,36,75,24,44,68,19,28,47,22,35,57,33,39,72,24,38,62,29,24,53,25,24,49,31,28,59,44,50,94,22,35,57,34,24,58,451,534,985
2020-09-08,47,44,91,24,22,46,34,38,72,33,37,70,23,39,62,20,27,47,40,40,80,34,43,77,32,33,65,25,30,55,24,23,47,26,39,65,37,35,72,30,50,80,27,29,56,456,529,985
2020-09-09,25,40,65,21,29,50,29,29,58,28,34,62,28,25,53,29,26,55,28,37,65,42,39,81,39,33,72,31,36,67,21,32,53,26,50,76,37,38,75,45,55,100,27,37,64,456,540,996
2020-09-10,56,41,97,26,30,56,35,34,69,46,39,85,26,40,66,19,28,47,40,55,95,31,35,66,30,21,51,27,30,57,19,26,45,29,41,70,36,42,78,33,44,77,38,31,69,491,537,1028
2020-09-11,46,39,85,23,31,54,35,45,80,50,38,88,38,33,71,14,32,46,27,36,63,48,30,78,25,27,52,27,25,52,28,25,53,29,32,61,42,44,86,36,44,80,22,25,47,490,506,996
2020-09-12,21,32,53,10,17,27,19,28,47,29,29,58,25,27,52,19,27,46,18,19,37,18,20,38,19,24,43,9,22,31,15,19,34,26,42,68,25,20,45,20,31,51,14,17,31,287,374,661
2020-09-13,21,26,47,10,13,23,24,25,49,27,28,55,17,21,38,17,26,43,21,23,44,14,18,32,17,13,30,21,22,43,20,16,36,12,18,30,24,24,48,18,26,44,13,11,24,276,310,586
2020-09-14,47,49,96,21,39,60,36,31,67,37,45,82,33,35,68,21,32,53,43,35,78,33,35,68,31,31,62,27,24,51,25,28,53,29,45,74,26,31,57,35,54,89,35,35,70,479,549,1028
2020-09-15,44,44,88,29,24,53,29,33,62,37,35,72,24,27,51,25,30,55,28,35,63,24,27,51,32,18,50,14,20,34,28,32,60,24,25,49,38,40,78,32,46,78,19,25,44,427,461,888
2020-09-16,45,52,97,18,28,46,35,46,81,43,54,97,50,39,89,21,39,60,32,25,57,40,46,86,28,40,68,19,34,53,27,24,51,34,31,65,24,35,59,44,53,97,32,34,66,492,580,1072
2020-09-17,38,38,76,24,32,56,25,40,65,36,38,74,36,30,66,33,31,64,24,32,56,39,29,68,32,35,67,21,25,46,22,22,44,27,45,72,33,30,63,50,74,124,30,32,62,470,533,1003
2020-09-18,43,57,100,27,25,52,32,40,72,56,53,109,30,36,66,22,27,49,27,35,62,36,42,78,21,29,50,19,28,47,23,31,54,25,42,67,21,34,55,31,52,83,33,33,66,446,564,1010
2020-09-19,22,29,51,13,18,31,20,22,42,24,18,42,29,24,53,17,16,33,24,22,46,12,21,33,17,21,38,11,14,25,11,22,33,17,25,42,21,28,49,25,27,52,14,24,38,277,331,608
2020-09-20,25,20,45,10,14,24,26,28,54,31,22,53,16,18,34,12,25,37,13,24,37,19,23,42,17,20,37,11,19,30,10,9,19,12,16,28,14,22,36,26,19,45,17,13,30,259,292,551
2020-09-21,50,49,99,21,18,39,22,21,43,44,55,99,21,31,52,20,30,50,30,42,72,26,41,67,29,25,54,28,22,50,18,19,37,30,20,50,39,41,80,39,42,81,26,39,65,443,495,938
2020-09-22,52,39,91,20,28,48,31,34,65,51,45,96,37,25,62,25,35,60,39,44,83,42,59,101,35,29,64,27,21,48,26,19,45,23,50,73,32,32,64,34,40,74,30,30,60,504,530,1034
2020-09-23,34,31,65,21,35,56,42,36,78,36,34,70,23,34,57,19,16,35,27,31,58,36,41,77,29,26,55,12,24,36,15,31,46,31,41,72,24,49,73,32,57,89,29,21,50,410,507,917
2020-09-24,50,57,107,17,25,42,29,28,57,48,40,88,30,29,59,25,18,43,27,69,96,40,43,83,35,28,63,21,28,49,21,29,50,32,23,55,31,43,74,45,46,91,18,26,44,469,532,1001
2020-09-25,34,32,66,16,32,48,32,36,68,44,38,82,18,28,46,20,31,51,24,26,50,35,40,75,27,21,48,32,17,49,19,26,45,33,28,61,42,46,88,36,39,75,20,25,45,432,465,897
2020-09-26,24,26,50,12,12,24,16,15,31,25,21,46,12,13,25,13,13,26,18,17,35,19,16,35,17,22,39,20,15,35,17,24,41,23,24,47,24,26,50,22,26,48,26,17,43,288,287,575
2020-09-27,16,24,40,11,14,25,9,18,27,22,32,54,17,16,33,22,17,39,18,22,40,18,18,36,22,22,44,19,9,28,12,17,29,13,12,25,18,28,46,17,21,38,13,22,35,247,292,539
2020-09-28,62,38,100,27,26,53,24,23,47,51,47,98,35,27,62,23,23,46,30,34,64,27,30,57,31,28,59,29,11,40,22,19,41,21,28,49,23,31,54,35,41,76,18,24,42,458,430,888
2020-09-29,44,46,90,24,27,51,33,34,67,46,55,101,31,52,83,30,57,87,36,33,69,37,35,72,32,29,61,31,24,55,30,30,60,29,40,69,35,28,63,48,38,86,36,34,70,522,562,1084
2020-09-30,49,30,79,20,35,55,38,32,70,38,53,91,33,44,77,18,33,51,33,39,72,31,45,76,30,51,81,28,17,45,21,20,41,22,28,50,37,28,65,33,41,74,26,24,50,457,520,977
2020-10-01,48,52,100,30,37,67,24,34,58,32,52,84,27,34,61,23,24,47,34,31,65,54,76,130,40,30,70,25,16,41,13,29,42,26,38,64,26,42,68,35,46,81,27,39,66,464,580,1044
2020-10-02,48,53,101,22,36,58,29,34,63,40,48,88,25,21,46,30,18,48,38,50,88,43,55,98,29,25,54,23,31,54,23,31,54,24,41,65,19,33,52,33,34,67,27,30,57,453,540,993
2020-10-03,31,26,57,22,11,33,21,27,48,24,33,57,17,23,40,14,14,28,31,25,56,23,30,53,10,22,32,16,14,30,19,27,46,22,28,50,18,30,48,23,20,43,19,21,40,310,351,661
2020-10-04,25,29,54,16,13,29,17,21,38,20,26,46,9,17,26,11,11,22,22,27,49,27,21,48,18,17,35,25,28,53,15,12,27,15,13,28,25,16,41,21,17,38,14,22,36,280,290,570
2020-10-05,29,35,64,27,23,50,46,38,84,45,46,91,41,43,84,25,27,52,32,30,62,39,34,73,30,23,53,30,27,57,25,28,53,30,32,62,28,43,71,47,59,106,33,26,59,507,514,1021
2020-10-06,46,38,84,23,34,57,28,24,52,52,64,116,32,32,64,33,37,70,38,40,78,46,33,79,24,20,44,27,18,45,14,25,39,24,25,49,30,44,74,32,51,83,26,27,53,475,512,987
2020-10-07,46,61,107,18,26,44,32,29,61,48,56,104,19,29,48,24,33,57,54,44,98,46,50,96,27,23,50,25,32,57,22,26,48,20,26,46,37,29,66,35,42,77,26,15,41,479,521,1000
2020-10-08,40,40,80,21,34,55,33,29,62,40,38,78,28,51,79,25,23,48,31,27,58,40,31,71,30,35,65,17,30,47,29,36,65,27,35,62,39,34,73,21,36,57,20,26,46,441,505,946
2020-10-09,51,63,114,18,30,48,23,27,50,39,49,88,27,32,59,19,30,49,27,46,73,34,35,69,19,28,47,19,27,46,30,29,59,19,32,51,31,40,71,26,41,67,22,41,63,404,550,954
2020-10-10,27,22,49,11,16,27,24,29,53,32,27,59,17,24,41,15,22,37,20,24,44,26,20,46,12,19,31,15,15,30,11,22,33,18,22,40,19,21,40,32,32,64,17,28,45,296,343,639
2020-10-11,21,30,51,22,17,39,20,19,39,25,23,48,21,19,40,17,26,43,17,30,47,12,21,33,13,18,31,21,15,36,21,19,40,21,25,46,11,17,28,18,30,48,20,22,42,280,331,611
2020-10-12,43,32,75,19,25,44,14,23,37,21,24,45,26,28,54,20,23,43,23,31,54,33,37,70,11,18,29,12,13,25,18,20,38,21,21,42,22,13,35,26,49,75,29,28,57,338,385,723
2020-10-13,52,58,110,32,37,69,38,52,90,39,34,73,23,38,61,26,21,47,39,39,78,46,41,87,35,18,53,24,26,50,27,20,47,24,34,58,22,42,64,35,55,90,28,27,55,490,542,1032
2020-10-14,37,45,82,28,18,46,23,27,50,44,47,91,28,38,66,29,34,63,31,31,62,39,33,72,23,29,52,20,19,39,17,16,33,31,42,73,32,41,73,37,46,83,15,31,46,434,497,931
2020-10-15,42,44,86,29,36,65,36,22,58,37,35,72,29,29,58,30,25,55,34,34,68,41,53,94,27,20,47,17,25,42,34,35,69,30,23,53,42,44,86,41,40,81,34,45,79,503,510,1013
2020-10-16,57,63,120,30,30,60,27,34,61,62,52,114,29,37,66,19,25,44,43,35,78,36,45,81,39,36,75,27,26,53,36,37,73,35,45,80,30,36,66,55,88,143,31,23,54,556,612,1168
2020-10-17,31,19,50,17,18,35,28,24,52,26,29,55,18,19,37,26,28,54,17,23,40,29,31,60,17,24,41,22,20,42,26,19,45,15,27,42,28,26,54,32,39,71,28,28,56,360,374,734
2020-10-18,20,21,41,13,21,34,13,16,29,14,21,35,18,12,30,15,21,36,25,16,41,14,17,31,21,12,33,17,16,33,14,9,23,9,15,24,21,20,41,16,25,41,12,22,34,242,264,506
2020-10-19,51,51,102,27,34,61,37,44,81,52,72,124,53,34,87,29,26,55,31,57,88,45,60,105,34,33,67,24,35,59,28,34,62,34,50,84,43,54,97,46,51,97,38,46,84,572,681,1253
2020-10-20,45,47,92,37,34,71,34,41,75,48,51,99,45,42,87,28,36,64,36,48,84,50,55,105,39,32,71,24,39,63,44,34,78,39,31,70,41,38,79,35,45,80,35,36,71,580,609,1189
2020-10-21,43,34,77,33,34,67,27,49,76,51,47,98,20,30,50,33,29,62,33,24,57,35,32,67,25,35,60,24,18,42,27,38,65,26,16,42,29,37,66,46,40,86,22,43,65,474,506,980
2020-10-22,34,37,71,18,28,46,31,40,71,41,33,74,24,37,61,21,27,48,26,38,64,37,53,90,14,32,46,24,27,51,21,33,54,23,27,50,33,30,63,33,26,59,39,31,70,419,499,918
2020-10-23,45,41,86,17,24,41,18,25,43,27,32,59,22,27,49,17,26,43,28,45,73,20,21,41,34,20,54,20,30,50,18,21,39,16,23,39,27,30,57,32,32,64,27,29,56,368,426,794
2020-10-24,19,24,43,15,9,24,12,17,29,23,21,44,23,30,53,13,15,28,15,20,35,14,16,30,12,11,23,17,18,35,8,12,20,21,17,38,18,29,47,15,19,34,14,20,34,239,278,517
2020-10-25,16,21,37,15,16,31,18,14,32,23,22,45,18,29,47,21,25,46,16,22,38,26,35,61,16,20,36,14,13,27,12,13,25,14,15,29,16,30,46,21,36,57,16,26,42,262,337,599
2020-10-26,40,50,90,23,21,44,31,36,67,55,46,101,29,24,53,19,21,40,37,47,84,40,56,96,26,33,59,20,22,42,28,23,51,25,28,53,27,40,67,27,42,69,29,36,65,456,525,981
2020-10-27,51,44,95,29,37,66,34,42,76,46,44,90,27,40,67,15,22,37,33,47,80,49,46,95,31,31,62,17,29,46,25,29,54,33,32,65,26,31,57,43,43,86,27,40,67,486,557,1043
2020-10-28,38,49,87,23,29,52,42,45,87,42,41,83,25,23,48,19,42,61,23,33,56,22,41,63,30,23,53,17,23,40,21,33,54,24,22,46,31,39,70,33,40,73,27,30,57,417,513,930
2020-10-29,35,40,75,26,26,52,34,28,62,48,44,92,28,31,59,28,40,68,26,30,56,31,53,84,19,28,47,23,17,40,22,27,49,15,20,35,27,35,62,40,27,67,23,29,52,425,475,900
2020-10-30,32,50,82,23,33,56,27,34,61,30,43,73,15,26,41,26,27,53,32,38,70,22,35,57,17,19,36,21,25,46,24,30,54,25,23,48,28,38,66,34,33,67,23,23,46,379,477,856
2020-10-31,19,37,56,14,16,30,23,23,46,19,30,49,16,21,37,14,11,25,16,17,33,18,18,36,17,18,35,10,17,27,16,13,29,19,18,37,19,22,41,25,30,55,16,19,35,261,310,571
2020-11-01,15,34,49,15,12,27,19,23,42,28,50,78,19,24,43,12,12,24,29,27,56,28,35,63,24,22,46,31,26,57,19,19,38,17,24,41,18,21,39,21,39,60,14,34,48,309,402,711
2020-11-02,49,51,100,25,25,50,32,43,75,35,41,76,26,36,62,23,22,45,21,34,55,28,45,73,20,28,48,19,19,38,37,24,61,29,29,58,36,33,69,37,49,86,35,20,55,452,499,951
2020-11-03,28,32,60,17,17,34,20,24,44,22,30,52,23,19,42,16,16,32,35,30,65,39,43,82,31,36,67,21,17,38,13,32,45,22,22,44,30,30,60,25,34,59,22,34,56,364,416,780
2020-11-04,48,51,99,23,25,48,41,41,82,39,36,75,25,21,46,21,28,49,33,49,82,48,41,89,30,28,58,33,34,67,33,38,71,31,27,58,39,38,77,45,52,97,31,42,73,520,551,1071
2020-11-05,56,52,108,27,33,60,45,39,84,60,60,120,41,42,83,29,37,66,48,41,89,46,76,122,46,33,79,22,31,53,27,29,56,26,24,50,38,37,75,39,46,85,35,31,66,585,611,1196
2020-11-06,28,48,76,17,20,37,33,25,58,28,49,77,18,35,53,18,25,43,17,21,38,22,16,38,23,20,43,23,20,43,22,18,40,23,34,57,28,37,65,31,40,71,23,40,63,354,448,802
2020-11-07,25,32,57,21,24,45,27,31,58,42,51,93,26,16,42,19,22,41,24,22,46,29,25,54,17,12,29,16,21,37,21,19,40,24,15,39,16,32,48,16,29,45,25,29,54,348,380,728
2020-11-08,24,31,55,17,23,40,25,33,58,37,37,74,17,30,47,20,20,40,25,30,55,38,41,79,30,21,51,16,24,40,23,24,47,21,24,45,23,23,46,21,41,62,8,23,31,345,425,770
2020-11-09,33,34,67,32,27,59,32,40,72,35,52,87,32,44,76,34,41,75,39,34,73,52,60,112,33,34,67,31,24,55,24,38,62,42,42,84,40,36,76,52,54,106,33,43,76,544,603,1147
2020-11-10,41,53,94,32,24,56,33,42,75,49,46,95,21,21,42,19,19,38,40,24,64,22,31,53,28,17,45,23,24,47,28,31,59,29,27,56,29,35,64,35,31,66,20,20,40,449,445,894
2020-11-11,56,43,99,26,34,60,35,30,65,44,34,78,21,59,80,16,35,51,45,27,72,46,58,104,43,39,82,25,28,53,26,26,52,28,30,58,35,37,72,31,43,74,34,26,60,511,549,1060
2020-11-12,33,44,77,32,28,60,39,53,92,41,43,84,47,44,91,30,26,56,34,43,77,39,40,79,31,31,62,37,24,61,25,33,58,45,63,108,46,53,99,39,25,64,33,34,67,551,584,1135
2020-11-13,56,56,112,21,26,47,42,43,85,44,41,85,34,34,68,32,23,55,32,41,73,44,40,84,25,26,51,20,28,48,19,24,43,33,37,70,33,47,80,27,55,82,33,46,79,495,567,1062
2020-11-14,44,32,76,19,22,41,32,47,79,36,37,73,36,26,62,24,20,44,20,19,39,21,24,45,25,33,58,20,16,36,18,13,31,19,36,55,31,28,59,24,20,44,19,30,49,388,403,791
2020-11-15,34,37,71,14,23,37,37,42,79,38,43,81,30,25,55,26,16,42,38,41,79,35,25,60,20,16,36,23,20,43,25,33,58,21,32,53,25,29,54,38,28,66,29,27,56,433,437,870
2020-11-16,45,49,94,25,36,61,34,37,71,40,39,79,15,34,49,22,34,56,30,41,71,34,36,70,42,24,66,18,14,32,20,26,46,31,31,62,40,51,91,42,38,80,32,22,54,470,512,982
2020-11-17,50,47,97,22,34,56,30,58,88,51,59,110,43,41,84,29,30,59,31,45,76,41,53,94,33,33,66,20,35,55,29,44,73,50,41,91,52,56,108,37,51,88,48,48,96,566,675,1241
2020-11-18,33,46,79,21,40,61,28,37,65,42,46,88,26,26,52,20,36,56,39,40,79,36,47,83,32,23,55,24,30,54,27,24,51,46,55,101,53,58,111,63,33,96,36,37,73,526,578,1104
2020-11-19,39,61,100,38,33,71,29,43,72,50,54,104,32,30,62,27,28,55,39,41,80,35,34,69,36,43,79,23,20,43,35,39,74,32,50,82,49,50,99,44,49,93,30,36,66,538,611,1149
2020-11-20,45,53,98,34,22,56,35,45,80,40,45,85,25,36,61,27,23,50,23,39,62,27,48,75,26,24,50,30,31,61,29,37,66,32,24,56,39,53,92,42,35,77,29,32,61,483,547,1030
2020-11-21,32,41,73,24,26,50,28,29,57,26,30,56,20,24,44,27,18,45,21,20,41,25,23,48,20,29,49,19,25,44,24,18,42,17,24,41,36,38,74,22,42,64,26,21,47,367,408,775
2020-11-22,27,26,53,25,23,48,26,25,51,29,33,62,24,28,52,20,20,40,18,17,35,11,15,26,15,10,25,13,20,33,19,17,36,21,17,38,31,26,57,32,39,71,13,22,35,324,338,662
2020-11-23,32,34,66,21,15,36,17,42,59,45,50,95,15,29,44,18,20,38,33,34,67,29,42,71,42,22,64,27,33,60,26,24,50,20,20,40,25,17,42,35,49,84,19,32,51,404,463,867
2020-11-24,47,60,107,29,29,58,36,38,74,49,49,98,35,38,73,19,29,48,42,38,80,33,48,81,23,32,55,22,26,48,29,27,56,35,52,87,41,45,86,44,36,80,38,28,66,522,575,1097
2020-11-25,52,53,105,30,40,70,33,40,73,50,48,98,30,32,62,39,30,69,35,32,67,39,34,73,30,23,53,17,27,44,27,26,53,23,31,54,37,51,88,43,62,105,32,27,59,517,556,1073
2020-11-26,50,50,100,36,37,73,37,47,84,38,51,89,40,32,72,21,30,51,32,29,61,48,52,100,31,30,61,22,23,45,20,32,52,31,34,65,54,52,106,41,58,99,32,47,79,533,604,1137
2020-11-27,58,51,109,33,32,65,33,39,72,40,55,95,28,32,60,24,31,55,34,30,64,16,23,39,15,34,49,24,11,35,18,27,45,24,23,47,33,37,70,33,31,64,21,20,41,434,476,910
2020-11-28,43,40,83,24,30,54,22,28,50,47,26,73,28,22,50,14,20,34,18,30,48,17,13,30,17,29,46,19,18,37,22,24,46,16,22,38,30,43,73,33,46,79,14,21,35,364,412,776
2020-11-29,35,45,80,19,32,51,25,35,60,38,34,72,27,23,50,27,27,54,29,29,58,27,30,57,25,19,44,22,17,39,27,25,52,17,23,40,31,48,79,31,41,72,18,17,35,398,445,843
2020-11-30,83,57,140,50,37,87,50,47,97,69,55,124,43,37,80,31,40,71,46,58,104,48,50,98,22,31,53,30,21,51,32,28,60,29,37,66,51,54,105,46,65,111,33,41,74,663,658,1321
2020-12-01,52,57,109,37,46,83,36,50,86,36,44,80,40,41,81,34,27,61,39,49,88,31,41,72,22,38,60,21,29,50,38,35,73,34,33,67,45,61,106,57,61,118,31,28,59,553,640,1193
2020-12-02,29,36,65,19,29,48,22,37,59,27,38,65,17,23,40,20,27,47,25,19,44,20,45,65,17,17,34,16,10,26,17,16,33,30,18,48,45,33,78,46,48,94,27,23,50,377,419,796
2020-12-03,54,42,96,32,52,84,40,38,78,37,40,77,40,35,75,33,38,71,35,49,84,40,93,133,26,25,51,32,24,56,22,25,47,32,36,68,48,36,84,43,47,90,34,25,59,548,605,1153
2020-12-04,42,54,96,42,42,84,45,45,90,53,54,107,33,34,67,28,28,56,30,32,62,33,57,90,33,27,60,18,26,44,33,32,65,36,34,70,36,46,82,65,64,129,29,35,64,556,610,1166
2020-12-05,36,42,78,31,19,50,26,25,51,44,29,73,25,26,51,17,25,42,20,23,43,17,28,45,22,25,47,20,22,42,28,22,50,26,20,46,33,36,69,50,45,95,26,26,52,421,413,834
2020-12-06,33,31,64,26,24,50,22,29,51,43,40,83,23,23,46,23,18,41,16,27,43,13,21,34,14,18,32,16,15,31,17,22,39,19,28,47,20,32,52,27,31,58,19,17,36,331,376,707
2020-12-07,36,42,78,23,21,44,23,33,56,39,33,72,30,31,61,15,18,33,23,39,62,21,22,43,24,19,43,26,25,51,28,25,53,28,23,51,26,44,70,24,38,62,31,18,49,397,431,828
2020-12-08,34,40,74,28,40,68,25,34,59,35,38,73,20,30,50,24,30,54,22,28,50,21,24,45,13,21,34,15,17,32,24,23,47,20,32,52,36,33,69,40,41,81,20,28,48,377,459,836
2020-12-09,67,66,133,36,49,85,42,46,88,58,44,102,28,33,61,41,46,87,37,34,71,33,37,70,22,29,51,33,54,87,35,65,100,38,43,81,52,71,123,54,67,121,29,28,57,605,712,1317
2020-12-10,83,79,162,49,63,112,44,48,92,66,68,134,38,49,87,32,43,75,34,63,97,34,35,69,35,28,63,17,32,49,39,44,83,35,60,95,56,74,130,65,61,126,43,37,80,670,784,1454
2020-12-11,64,82,146,51,56,107,48,71,119,54,45,99,39,48,87,56,50,106,53,59,112,42,46,88,39,50,89,32,35,67,37,51,88,53,50,103,62,78,140,89,79,168,53,55,108,772,855,1627
2020-12-12,58,69,127,43,53,96,33,58,91,37,49,86,42,41,83,45,53,98,46,59,105,21,25,46,42,35,77,37,35,72,47,46,93,40,56,96,73,72,145,54,74,128,36,45,81,654,770,1424
2020-12-13,45,45,90,38,29,67,33,47,80,41,43,84,32,47,79,36,39,75,37,57,94,23,22,45,21,33,54,43,38,81,48,30,78,40,56,96,58,54,112,65,51,116,35,36,71,595,627,1222
2020-12-14,76,70,146,44,63,107,52,55,107,56,72,128,46,48,94,51,48,99,60,53,113,44,43,87,30,34,64,49,55,104,50,44,94,50,68,118,83,73,156,79,88,167,43,44,87,813,858,1671
2020-12-15,66,70,136,43,57,100,38,51,89,55,46,101,42,37,79,52,46,98,37,49,86,28,30,58,37,29,66,36,44,80,35,50,85,34,52,86,74,82,156,76,80,156,59,55,114,712,778,1490
2020-12-16,71,78,149,62,74,136,44,65,109,67,63,130,54,58,112,42,54,96,55,63,118,27,36,63,40,42,82,57,52,109,42,42,84,79,65,144,76,110,186,104,100,204,39,57,96,859,959,1818
2020-12-17,100,94,194,72,87,159,57,74,131,68,64,132,58,64,122,48,67,115,51,61,112,51,53,104,35,33,68,29,46,75,63,71,134,56,59,115,79,108,187,109,118,227,63,69,132,939,1068,2007
2020-12-18,99,115,214,74,96,170,70,67,137,73,75,148,71,70,141,84,68,152,66,67,133,45,53,98,45,45,90,52,67,119,66,70,136,93,106,199,131,116,247,119,136,255,66,88,154,1154,1239,2393
2020-12-19,71,79,150,62,88,150,48,61,109,59,88,147,49,49,98,65,73,138,65,73,138,35,38,73,35,26,61,49,64,113,84,72,156,71,77,148,84,98,182,91,119,210,61,63,124,929,1068,1997
2020-12-20,76,84,160,67,82,149,60,75,135,77,65,142,64,64,128,87,84,171,39,56,95,21,34,55,38,43,81,56,53,109,69,61,130,74,92,166,107,104,211,110,120,230,57,90,147,1002,1107,2109
2020-12-21,104,116,220,69,107,176,79,75,154,88,89,177,76,86,162,62,71,133,76,87,163,47,47,94,68,58,126,52,52,104,52,75,127,100,117,217,135,132,267,131,160,291,75,70,145,1214,1342,2556
2020-12-22,113,124,237,110,139,249,91,78,169,65,94,159,83,98,181,87,108,195,82,90,172,42,65,107,64,71,135,64,68,132,75,89,164,102,98,200,146,164,310,145,169,314,95,82,177,1364,1537,2901
2020-12-23,117,117,234,116,131,247,82,110,192,91,101,192,75,80,155,98,102,200,104,93,197,57,70,127,70,71,141,80,75,155,82,96,178,97,106,203,167,179,346,179,211,390,97,91,188,1512,1633,3145
2020-12-24,86,69,155,56,69,125,62,58,120,77,76,153,43,49,92,54,71,125,60,61,121,24,25,49,37,31,68,34,42,76,50,70,120,74,76,150,100,92,192,105,124,229,66,57,123,928,970,1898
2020-12-25,26,27,53,35,33,68,17,14,31,21,13,34,17,17,34,11,25,36,12,14,26,16,9,25,14,15,29,15,14,29,22,18,40,26,36,62,50,41,91,41,37,78,28,20,48,351,333,684
2020-12-26,133,137,270,139,152,291,104,97,201,89,96,185,112,125,237,100,109,209,77,112,189,58,60,118,55,81,136,74,86,160,106,119,225,126,132,258,164,190,354,179,188,367,110,139,249,1626,1823,3449
2020-12-27,149,126,275,142,181,323,115,124,239,98,108,206,142,159,301,148,174,322,121,149,270,58,65,123,87,103,190,88,102,190,134,154,288,188,175,363,243,260,503,251,253,504,201,200,401,2165,2333,4498
2020-12-28,207,229,436,194,248,442,173,202,375,177,209,386,187,222,409,179,232,411,167,186,353,118,96,214,109,157,266,121,158,279,182,183,365,223,249,472,320,386,706,327,383,710,215,227,442,2899,3367,6266
2020-12-29,168,183,351,175,180,355,128,192,320,161,182,343,160,180,340,170,198,368,154,197,351,108,112,220,113,131,244,122,128,250,190,221,411,244,247,491,280,324,604,295,305,600,161,204,365,2629,2984,5613
2020-12-30,214,228,442,159,186,345,141,170,311,174,187,361,172,236,408,179,183,362,176,183,359,118,108,226,146,158,304,140,165,305,196,245,441,233,233,466,309,354,663,294,329,623,197,206,403,2848,3171,6019
2020-12-31,135,118,253,125,143,268,84,93,177,138,145,283,113,131,244,135,154,289,126,152,278,50,65,115,104,100,204,96,89,185,115,135,250,161,157,318,165,203,368,184,181,365,134,155,289,1865,2021,3886
2021-01-01,38,35,73,33,43,76,24,30,54,14,15,29,28,29,57,22,47,69,37,34,71,12,11,23,18,19,37,28,24,52,26,26,52,27,37,64,50,63,113,59,81,140,22,28,50,438,522,960
2021-01-02,128,126,254,126,161,287,97,108,205,100,94,194,126,168,294,121,162,283,106,149,255,53,63,116,91,96,187,106,105,211,139,158,297,188,187,375,202,246,448,209,234,443,141,169,310,1933,2226,4159
2021-01-03,190,185,375,192,230,422,172,196,368,119,149,268,201,223,424,215,262,477,177,220,397,72,79,151,97,120,217,118,155,273,187,227,414,275,289,564,313,337,650,317,401,718,204,229,433,2849,3302,6151
2021-01-04,251,242,493,193,267,460,203,226,429,167,174,341,199,234,433,218,258,476,205,233,438,126,123,249,155,149,304,173,174,347,185,211,396,240,318,558,380,405,785,371,428,799,219,278,497,3285,3720,7005
2021-01-05,225,294,519,263,288,551,193,244,437,179,192,371,216,236,452,234,291,525,226,224,450,108,156,264,161,161,322,158,180,338,243,242,485,266,317,583,342,451,793,378,444,822,233,229,462,3425,3949,7374
2021-01-06,290,225,515,248,270,518,156,190,346,205,231,436,222,264,486,225,242,467,207,225,432,139,157,296,192,203,395,160,182,342,252,242,494,275,303,578,371,428,799,334,386,720,234,245,479,3510,3793,7303
2021-01-07,203,231,434,212,216,428,168,186,354,146,191,337,177,203,380,174,183,357,196,211,407,100,123,223,118,127,245,135,150,285,167,181,348,185,233,418,259,309,568,257,346,603,165,213,378,2662,3103,5765
2021-01-08,181,237,418,146,207,353,162,196,358,169,205,374,155,194,349,160,206,366,174,194,368,121,162,283,91,151,242,120,140,260,167,210,377,201,206,407,245,264,509,259,302,561,172,184,356,2523,3058,5581
2021-01-09,181,212,393,157,233,390,133,169,302,117,145,262,167,209,376,158,222,380,148,171,319,97,86,183,89,135,224,119,135,254,155,175,330,154,215,369,258,337,595,260,321,581,165,192,357,2358,2957,5315
2021-01-10,156,166,322,167,228,395,137,171,308,135,152,287,162,178,340,186,223,409,142,172,314,58,77,135,83,105,188,104,132,236,143,202,345,191,248,439,254,316,570,282,330,612,169,199,368,2369,2899,5268
2021-01-11,222,263,485,213,261,474,195,213,408,173,195,368,164,242,406,182,218,400,200,209,409,104,143,247,135,151,286,142,166,308,189,257,446,243,260,503,292,337,629,299,383,682,196,236,432,2949,3534,6483
2021-01-12,241,254,495,170,206,376,152,201,353,150,187,337,173,181,354,148,205,353,160,188,348,111,131,242,116,134,250,116,153,269,176,185,361,169,210,379,218,284,502,233,292,525,154,180,334,2487,2991,5478
2021-01-13,194,258,452,171,219,390,186,190,376,183,225,408,181,248,429,222,237,459,158,187,345,116,154,270,121,149,270,150,137,287,212,218,430,221,249,470,277,309,586,267,341,608,190,228,418,2849,3349,6198
2021-01-14,202,240,442,185,235,420,160,181,341,164,212,376,164,196,360,159,202,361,171,228,399,139,186,325,129,131,260,128,147,275,171,225,396,204,228,432,260,326,586,234,344,578,170,219,389,2640,3300,5940
2021-01-15,254,282,536,229,278,507,204,235,439,263,269,532,258,291,549,229,273,502,244,291,535,140,190,330,164,189,353,188,215,403,260,294,554,321,360,681,358,494,852,412,477,889,268,328,596,3792,4466,8258
2021-01-16,195,223,418,222,270,492,204,221,425,177,196,373,252,256,508,281,325,606,219,272,491,128,135,263,182,176,358,246,261,507,262,338,600,349,386,735,448,525,973,354,439,793,259,280,539,3778,4303,8081
2021-01-17,231,212,443,218,251,469,168,241,409,161,191,352,247,270,517,275,312,587,220,260,480,85,106,191,139,148,287,205,250,455,276,324,600,304,366,670,388,443,831,353,433,786,240,266,506,3510,4073,7583
2021-01-18,309,266,575,265,299,564,232,282,514,240,278,518,285,331,616,289,363,652,327,414,741,165,206,371,215,195,410,223,254,477,316,322,638,340,390,730,428,490,918,423,465,888,315,357,672,4372,4912,9284
2021-01-19,253,283,536,229,331,560,207,246,453,252,255,507,261,316,577,309,317,626,258,276,534,167,179,346,205,206,411,233,280,513,293,315,608,363,421,784,410,477,887,439,445,884,296,355,651,4175,4702,8877
2021-01-20,271,238,509,226,255,481,205,241,446,223,265,488,252,282,534,295,314,609,224,260,484,141,154,295,200,199,399,253,243,496,287,328,615,324,356,680,404,440,844,324,417,741,262,293,555,3891,4285,8176
2021-01-21,224,260,484,165,219,384,179,240,419,206,240,446,209,221,430,182,230,412,184,235,419,128,167,295,141,180,321,152,189,341,188,230,418,223,264,487,307,339,646,268,320,588,219,251,470,2975,3585,6560
2021-01-22,204,196,400,166,212,378,164,221,385,189,192,381,149,175,324,176,212,388,187,204,391,129,127,256,131,153,284,162,176,338,175,225,400,237,287,524,225,319,544,229,280,509,196,257,453,2719,3236,5955
2021-01-23,171,191,362,158,205,363,146,196,342,179,180,359,187,202,389,213,241,454,164,215,379,77,106,183,121,130,251,168,188,356,204,214,418,227,260,487,239,302,541,275,306,581,187,223,410,2716,3159,5875
2021-01-24,194,186,380,163,209,372,150,183,333,156,193,349,198,231,429,264,283,547,220,248,468,88,90,178,141,154,295,174,182,356,249,251,500,322,311,633,342,392,734,294,363,657,241,262,503,3196,3538,6734
2021-01-25,213,243,456,268,318,586,202,238,440,232,271,503,233,296,529,273,322,595,270,354,624,157,170,327,206,193,399,223,239,462,301,285,586,339,361,700,418,455,873,390,419,809,269,333,602,3994,4497,8491
2021-01-26,209,235,444,179,227,406,188,212,400,218,210,428,205,229,434,230,257,487,226,240,466,161,149,310,186,200,386,184,200,384,284,284,568,268,297,565,326,396,722,302,361,663,276,291,567,3442,3788,7230
2021-01-27,215,218,433,186,213,399,134,162,296,203,243,446,193,242,435,204,240,444,234,244,478,137,159,296,153,185,338,189,205,394,203,233,436,218,274,492,279,325,604,285,348,633,202,259,461,3035,3550,6585
2021-01-28,185,205,390,163,176,339,154,165,319,177,191,368,163,199,362,178,236,414,173,185,358,115,155,270,159,168,327,145,173,318,175,201,376,177,240,417,238,297,535,246,288,534,185,203,388,2633,3082,5715
2021-01-29,242,222,464,218,250,468,190,224,414,197,270,467,203,272,475,233,298,531,257,293,550,169,168,337,209,207,416,195,215,410,252,276,528,270,337,607,335,398,733,358,417,775,266,293,559,3594,4140,7734
2021-01-30,227,237,464,274,314,588,206,235,441,204,263,467,271,305,576,338,361,699,246,307,553,94,120,214,226,223,449,218,273,491,335,376,711,345,421,766,462,539,1001,378,500,878,280,307,587,4104,4781,8885
2021-01-31,335,338,673,412,484,896,255,303,558,240,272,512,332,398,730,432,521,953,420,454,874,149,162,311,273,291,564,320,354,674,434,501,935,469,572,1041,588,664,1252,509,604,1113,355,463,818,5523,6381,11904
2021-02-01,315,351,666,373,390,763,255,308,563,288,355,643,302,390,692,348,441,789,334,426,760,198,237,435,254,303,557,297,334,631,375,431,806,428,504,932,542,643,1185,492,611,1103,346,366,712,5147,6090,11237
2021-02-02,325,360,685,343,385,728,248,261,509,282,325,607,279,343,622,341,430,771,316,369,685,178,192,370,274,308,582,290,330,620,375,412,787,389,453,842,457,522,979,477,574,1051,329,375,704,4903,5639,10542
2021-02-03,251,289,540,270,322,592,210,262,472,238,282,520,218,298,516,295,304,599,283,309,592,134,168,302,198,245,443,273,280,553,305,341,646,302,371,673,395,441,836,344,453,797,263,278,541,3979,4643,8622
2021-02-04,209,247,456,153,229,382,155,204,359,164,193,357,160,226,386,164,221,385,189,213,402,130,153,283,131,162,293,152,165,317,171,200,371,210,258,468,233,293,526,283,358,641,169,206,375,2673,3328,6001
2021-02-05,178,204,382,135,185,320,167,194,361,175,221,396,144,206,350,157,186,343,162,200,362,101,134,235,113,112,225,142,141,283,191,218,409,170,219,389,242,276,518,230,282,512,164,179,343,2471,2957,5428
2021-02-06,151,197,348,117,159,276,128,202,330,125,155,280,174,193,367,205,228,433,180,218,398,108,128,236,128,134,262,160,211,371,189,215,404,206,252,458,233,316,549,209,259,468,148,226,374,2461,3093,5554
2021-02-07,141,169,310,121,146,267,137,187,324,154,172,326,161,213,374,173,197,370,182,226,408,89,118,207,149,181,330,179,175,354,209,251,460,213,263,476,263,308,571,212,276,488,155,201,356,2538,3083,5621
2021-02-08,234,293,527,177,267,444,178,255,433,235,326,561,219,256,475,264,348,612,251,296,547,183,209,392,228,247,475,225,283,508,300,319,619,332,377,709,311,409,720,294,414,708,263,335,598,3694,4634,8328
2021-02-09,243,214,457,183,239,422,206,231,437,201,285,486,218,241,459,223,297,520,223,263,486,139,187,326,189,220,409,170,248,418,241,269,510,297,357,654,336,368,704,294,340,634,264,312,576,3427,4071,7498
2021-02-10,186,215,401,136,177,313,158,193,351,197,238,435,161,181,342,173,226,399,193,214,407,107,151,258,159,182,341,150,206,356,189,250,439,229,263,492,277,337,614,270,322,592,197,240,437,2782,3395,6177
2021-02-11,201,240,441,129,192,321,159,206,365,158,210,368,149,217,366,187,234,421,178,232,410,110,131,241,132,166,298,127,180,307,174,202,376,186,226,412,218,285,503,226,311,537,151,226,377,2485,3258,5743
2021-02-12,163,212,375,124,176,300,163,187,350,186,226,412,170,196,366,186,223,409,176,219,395,136,182,318,139,200,339,165,200,365,150,207,357,221,283,504,257,295,552,200,303,503,196,248,444,2632,3357,5989
2021-02-13,170,198,368,149,181,330,159,208,367,177,192,369,199,255,454,183,272,455,215,244,459,110,130,240,126,175,301,140,209,349,224,253,477,295,388,683,291,365,656,280,339,619,208,268,476,2926,3677,6603
2021-02-14,146,173,319,160,190,350,120,199,319,151,188,339,182,231,413,224,277,501,224,270,494,108,152,260,159,204,363,197,250,447,268,306,574,288,389,677,305,370,675,282,303,585,199,265,464,3013,3767,6780
2021-02-15,194,226,420,167,224,391,195,243,438,208,269,477,248,313,561,255,354,609,254,312,566,148,200,348,188,257,445,224,282,506,347,401,748,357,389,746,376,405,781,327,383,710,278,346,624,3766,4604,8370
2021-02-16,191,229,420,213,277,490,247,265,512,211,259,470,262,329,591,331,368,699,333,382,715,139,175,314,181,241,422,276,359,635,315,373,688,391,433,824,369,435,804,371,427,798,313,329,642,4143,4881,9024
2021-02-17,255,274,529,192,244,436,222,262,484,240,293,533,231,317,548,241,317,558,274,326,600,163,189,352,193,225,418,203,259,462,260,312,572,341,405,746,376,404,780,317,386,703,266,323,589,3774,4536,8310
2021-02-18,234,247,481,208,209,417,200,227,427,237,259,496,226,278,504,216,291,507,185,261,446,138,169,307,173,197,370,170,210,380,240,273,513,239,314,553,307,381,688,313,370,683,230,277,507,3316,3963,7279
2021-02-19,190,236,426,176,239,415,179,227,406,194,230,424,180,245,425,202,281,483,197,286,483,143,174,317,173,194,367,174,213,387,188,270,458,221,299,520,277,345,622,303,361,664,221,241,462,3018,3841,6859
2021-02-20,160,198,358,123,146,269,158,186,344,168,212,380,155,240,395,172,247,419,169,236,405,94,146,240,150,198,348,157,221,378,212,269,481,202,251,453,219,315,534,212,281,493,196,220,416,2547,3366,5913
2021-02-21,150,191,341,139,200,339,118,169,287,144,179,323,166,210,376,187,221,408,197,218,415,85,127,212,148,179,327,163,193,356,217,246,463,227,283,510,256,324,580,234,303,537,175,235,410,2606,3278,5884
2021-02-22,217,250,467,157,191,348,158,218,376,193,287,480,174,261,435,199,241,440,237,266,503,139,186,325,157,205,362,175,220,395,214,252,466,224,274,498,290,343,633,268,361,629,185,232,417,2987,3787,6774
2021-02-23,177,201,378,158,165,323,130,207,337,179,211,390,183,246,429,151,212,363,184,218,402,123,137,260,160,181,341,172,209,381,167,215,382,214,250,464,234,294,528,223,293,516,184,238,422,2639,3277,5916
2021-02-24,185,193,378,120,151,271,126,165,291,158,184,342,132,173,305,133,173,306,135,169,304,122,148,270,140,158,298,158,171,329,150,184,334,182,227,409,200,257,457,187,247,434,143,192,335,2271,2792,5063
2021-02-25,185,183,368,92,143,235,113,158,271,162,160,322,115,148,263,112,164,276,127,172,299,91,121,212,94,129,223,133,124,257,130,159,289,146,183,329,199,246,445,180,219,399,131,127,258,2010,2436,4446
2021-02-26,143,179,322,108,150,258,139,158,297,133,197,330,124,177,301,150,172,322,167,169,336,109,126,235,95,130,225,107,162,269,162,175,337,154,220,374,162,225,387,156,207,363,164,192,356,2073,2639,4712
2021-02-27,138,157,295,105,149,254,137,171,308,135,173,308,141,191,332,131,217,348,164,199,363,77,97,174,145,133,278,155,196,351,194,229,423,194,285,479,193,254,447,207,246,453,147,179,326,2263,2876,5139
2021-02-28,167,197,364,153,173,326,188,221,409,166,211,377,201,220,421,247,276,523,219,282,501,100,121,221,155,199,354,201,240,441,223,278,501,238,356,594,283,375,658,240,266,506,228,261,489,3009,3676,6685
2021-03-01,157,192,349,111,149,260,134,150,284,144,165,309,162,156,318,138,180,318,133,165,298,115,131,246,111,145,256,123,133,256,165,194,359,156,180,336,171,217,388,211,254,465,136,174,310,2167,2585,4752
2021-03-02,164,168,332,107,161,268,135,149,284,153,167,320,137,166,303,117,149,266,144,185,329,110,127,237,101,120,221,103,111,214,132,152,284,164,168,332,157,221,378,198,250,448,141,188,329,2063,2482,4545
2021-03-03,140,159,299,96,122,218,103,134,237,111,189,300,116,150,266,120,161,281,123,176,299,108,123,231,104,128,232,110,116,226,128,168,296,127,177,304,187,196,383,163,195,358,121,132,253,1857,2326,4183
2021-03-04,135,158,293,88,114,202,100,146,246,137,157,294,91,131,222,99,137,236,95,145,240,87,107,194,88,118,206,80,100,180,133,138,271,134,179,313,157,204,361,167,235,402,111,132,243,1702,2201,3903
2021-03-05,140,174,314,91,118,209,108,124,232,134,159,293,137,143,280,117,169,286,121,158,279,97,114,211,85,103,188,94,122,216,124,149,273,145,154,299,155,175,330,167,171,338,109,155,264,1824,2188,4012
2021-03-06,108,134,242,77,102,179,95,101,196,76,116,192,91,110,201,103,126,229,86,127,213,40,54,94,82,87,169,80,106,186,76,99,175,135,153,288,125,158,283,139,124,263,98,123,221,1411,1720,3131
2021-03-07,117,146,263,79,105,184,104,117,221,78,108,186,87,127,214,90,135,225,112,128,240,59,66,125,71,91,162,99,131,230,102,138,240,145,189,334,165,181,346,124,177,301,99,135,234,1531,1974,3505
2021-03-08,171,201,372,113,130,243,145,168,313,159,149,308,112,155,267,101,136,237,151,214,365,100,137,237,99,118,217,115,123,238,157,188,345,150,200,350,189,205,394,189,223,412,137,150,287,2088,2497,4585
2021-03-09,171,152,323,122,136,258,106,134,240,119,145,264,133,152,285,130,186,316,162,190,352,94,129,223,87,125,212,131,141,272,156,155,311,165,217,382,177,205,382,189,229,418,138,157,295,2080,2453,4533
2021-03-10,165,183,348,109,131,240,120,151,271,131,142,273,102,137,239,116,134,250,129,175,304,108,112,220,110,113,223,108,145,253,121,159,280,167,173,340,165,209,374,176,217,393,144,157,301,1971,2338,4309
2021-03-11,120,172,292,89,139,228,96,118,214,118,159,277,72,131,203,96,107,203,99,150,249,83,101,184,81,121,202,69,89,158,81,134,215,129,156,285,153,141,294,141,152,293,99,124,223,1526,1994,3520
2021-03-12,150,179,329,106,129,235,111,151,262,145,154,299,110,161,271,119,182,301,130,146,276,114,164,278,96,127,223,91,116,207,110,148,258,135,164,299,163,210,373,177,208,385,124,173,297,1881,2412,4293
2021-03-13,100,123,223,93,95,188,88,124,212,97,104,201,112,136,248,121,138,259,114,140,254,68,78,146,86,111,197,105,123,228,101,130,231,164,188,352,145,181,326,140,197,337,120,150,270,1654,2018,3672
2021-03-14,115,125,240,91,127,218,78,146,224,94,118,212,119,153,272,120,158,278,150,171,321,66,103,169,83,111,194,103,110,213,131,174,305,126,189,315,169,218,387,166,185,351,120,152,272,1731,2240,3971
2021-03-15,163,180,343,107,157,264,139,196,335,147,179,326,128,180,308,143,184,327,157,169,326,111,136,247,126,143,269,141,158,299,163,201,364,157,208,365,204,267,471,182,251,433,150,182,332,2218,2791,5009
2021-03-16,141,153,294,93,149,242,114,135,249,158,184,342,111,154,265,114,152,266,146,180,326,103,123,226,113,120,233,108,140,248,152,175,327,151,183,334,185,230,415,202,206,408,144,157,301,2035,2441,4476
2021-03-17,136,151,287,84,124,208,97,119,216,139,173,312,104,111,215,94,138,232,131,144,275,97,103,200,107,127,234,101,119,220,117,131,248,136,151,287,158,167,325,155,200,355,121,152,273,1777,2110,3887
2021-03-18,109,124,233,80,109,189,107,102,209,126,141,267,84,102,186,97,111,208,101,136,237,81,101,182,101,106,207,89,89,178,96,127,223,122,120,242,121,141,262,148,172,320,88,137,225,1550,1818,3368
2021-03-19,147,132,279,101,121,222,95,151,246,118,116,234,96,129,225,85,136,221,114,134,248,89,103,192,93,120,213,75,113,188,106,127,233,106,146,252,138,195,333,156,194,350,121,133,254,1640,2050,3690
2021-03-20,90,99,189,75,100,175,87,114,201,70,78,148,77,106,183,94,100,194,95,120,215,50,61,111,49,58,107,81,89,170,100,106,206,114,115,229,148,164,312,127,144,271,100,124,224,1357,1578,2935
2021-03-21,124,99,223,92,104,196,114,112,226,80,90,170,88,113,201,105,121,226,81,102,183,56,70,126,64,76,140,90,100,190,93,145,238,105,150,255,119,155,274,113,165,278,113,120,233,1437,1722,3159
2021-03-22,146,176,322,116,122,238,121,171,292,158,172,330,116,153,269,99,109,208,115,150,265,100,131,231,104,122,226,97,107,204,113,121,234,156,184,340,176,201,377,186,243,429,120,152,272,1923,2314,4237
2021-03-23,131,147,278,103,137,240,126,150,276,126,169,295,101,143,244,116,141,257,110,157,267,89,124,213,100,101,201,117,99,216,123,148,271,144,149,293,175,173,348,155,197,352,113,141,254,1829,2176,4005
2021-03-24,102,137,239,94,91,185,78,116,194,81,89,170,93,106,199,85,118,203,91,97,188,59,69,128,45,65,110,68,96,164,79,104,183,114,126,240,123,150,273,125,156,281,84,121,205,1321,1641,2962
2021-03-25,115,146,261,88,116,204,103,118,221,118,135,253,95,108,203,101,110,211,87,135,222,87,99,186,95,113,208,98,131,229,99,140,239,100,127,227,157,171,328,143,184,327,120,128,248,1606,1961,3567
2021-03-26,128,177,305,93,126,219,80,135,215,143,160,303,98,141,239,93,131,224,125,141,266,103,117,220,101,95,196,94,88,182,122,158,280,121,138,259,167,226,393,164,205,369,102,161,263,1734,2199,3933
2021-03-27,105,128,233,76,94,170,94,116,210,85,95,180,106,132,238,101,103,204,119,111,230,52,55,107,101,77,178,73,100,173,80,130,210,118,141,259,137,184,321,128,173,301,117,132,249,1492,1771,3263
2021-03-28,82,113,195,67,89,156,74,101,175,71,96,167,96,111,207,99,127,226,106,144,250,42,51,93,79,95,174,76,117,193,95,117,212,118,133,251,127,161,288,126,138,264,104,123,227,1362,1716,3078
2021-03-29,127,159,286,89,121,210,114,126,240,98,158,256,102,118,220,117,126,243,120,164,284,83,91,174,116,122,238,98,111,209,131,140,271,136,163,299,160,194,354,170,185,355,116,126,242,1777,2104,3881
2021-03-30,127,146,273,105,135,240,80,114,194,126,131,257,75,96,171,99,94,193,112,131,243,78,89,167,114,106,220,86,110,196,94,132,226,115,144,259,132,182,314,155,175,330,93,136,229,1591,1921,3512
2021-03-31,106,118,224,71,101,172,94,115,209,116,147,263,77,115,192,76,94,170,87,88,175,72,92,164,72,103,175,50,78,128,84,92,176,124,113,237,124,150,274,142,170,312,90,120,210,1385,1696,3081
2021-04-01,114,132,246,92,112,204,95,99,194,113,137,250,94,127,221,94,121,215,101,103,204,71,82,153,102,121,223,71,90,161,95,114,209,132,129,261,131,160,291,133,200,333,80,101,181,1518,1828,3346
2021-04-02,92,102,194,107,68,175,98,93,191,91,108,199,86,96,182,93,97,190,103,129,232,56,70,126,64,81,145,89,86,175,82,111,193,89,128,217,156,180,336,136,141,277,91,111,202,1433,1601,3034
2021-04-03,88,109,197,77,113,190,97,98,195,99,130,229,84,145,229,113,144,257,109,126,235,54,46,100,54,81,135,82,88,170,97,94,191,129,132,261,143,170,313,116,140,256,100,128,228,1442,1744,3186
2021-04-04,125,149,274,120,162,282,98,156,254,124,133,257,142,166,308,153,166,319,120,150,270,70,85,155,96,107,203,119,120,239,140,168,308,160,221,381,199,254,453,196,267,463,142,201,343,2004,2505,4509
2021-04-05,145,195,340,132,186,318,170,206,376,186,200,386,151,192,343,172,198,370,176,198,374,123,148,271,144,162,306,135,149,284,162,216,378,241,257,498,238,275,513,225,286,511,158,184,342,2558,3052,5610
2021-04-06,227,192,419,108,205,313,176,216,392,166,225,391,174,226,400,165,191,356,178,183,361,139,146,285,129,103,232,114,145,259,162,158,320,218,258,476,214,268,482,236,248,484,168,204,372,2574,2968,5542
2021-04-07,190,223,413,113,163,276,165,172,337,160,233,393,143,178,321,154,180,334,182,172,354,189,184,373,143,167,310,124,129,253,163,198,361,177,223,400,208,275,483,225,307,532,149,213,362,2485,3017,5502
2021-04-08,158,180,338,116,133,249,157,167,324,164,205,369,135,160,295,114,162,276,150,209,359,96,150,246,105,113,218,107,122,229,129,162,291,164,191,355,215,287,502,164,245,409,143,155,298,2117,2641,4758
2021-04-09,121,125,246,70,112,182,126,128,254,107,151,258,92,122,214,84,93,177,77,106,183,115,141,256,91,84,175,75,104,179,95,112,207,97,141,238,121,159,280,116,156,272,96,104,200,1483,1838,3321
2021-04-10,109,132,241,68,96,164,66,95,161,103,105,208,115,119,234,79,112,191,110,110,220,74,84,158,106,106,212,91,98,189,85,111,196,140,176,316,122,179,301,147,155,302,109,108,217,1524,1786,3310
2021-04-11,99,106,205,80,105,185,83,98,181,81,87,168,83,75,158,87,135,222,87,102,189,47,65,112,79,85,164,96,82,178,92,113,205,124,156,280,119,162,281,136,162,298,81,114,195,1374,1647,3021
2021-04-12,131,139,270,93,124,217,123,141,264,137,166,303,123,133,256,100,135,235,133,144,277,92,131,223,105,150,255,110,125,235,122,137,259,136,150,286,139,155,294,151,201,352,127,153,280,1822,2184,4006
2021-04-13,158,171,329,98,97,195,120,112,232,168,172,340,87,100,187,84,124,208,104,128,232,93,94,187,112,88,200,79,68,147,103,118,221,128,130,258,169,186,355,137,191,328,100,110,210,1740,1889,3629
2021-04-14,88,92,180,65,67,132,92,93,185,92,104,196,63,92,155,71,95,166,78,92,170,102,112,214,84,89,173,79,79,158,81,93,174,88,114,202,103,107,210,97,121,218,71,70,141,1254,1420,2674
2021-04-15,156,176,332,92,129,221,126,174,300,149,209,358,108,129,237,114,136,250,120,153,273,105,150,255,117,140,257,97,106,203,129,133,262,141,172,313,130,180,310,146,160,306,139,159,298,1869,2306,4175
2021-04-16,151,184,335,114,131,245,126,136,262,138,175,313,136,164,300,107,150,257,135,163,298,98,115,213,102,124,226,95,118,213,118,150,268,162,156,318,171,180,351,179,235,414,150,170,320,1982,2351,4333
2021-04-17,140,152,292,83,113,196,111,119,230,103,107,210,106,120,226,104,97,201,104,117,221,91,83,174,86,110,196,102,107,209,105,108,213,115,124,239,117,138,255,138,177,315,120,121,241,1625,1793,3418
2021-04-18,108,116,224,75,93,168,86,105,191,82,104,186,85,110,195,112,150,262,108,145,253,68,57,125,80,98,178,92,76,168,95,121,216,101,117,218,129,142,271,120,124,244,97,102,199,1438,1660,3098
2021-04-19,149,166,315,113,119,232,128,143,271,180,185,365,127,168,295,103,128,231,145,167,312,135,164,299,105,120,225,84,119,203,122,127,249,146,149,295,172,166,338,155,196,351,136,149,285,2000,2266,4266
2021-04-20,135,153,288,83,104,187,111,124,235,141,183,324,102,129,231,106,125,231,127,148,275,120,135,255,83,81,164,94,104,198,123,132,255,108,165,273,157,175,332,138,199,337,128,167,295,1756,2124,3880
2021-04-21,110,134,244,71,90,161,72,135,207,106,132,238,90,115,205,86,88,174,101,123,224,97,95,192,68,90,158,71,85,156,90,94,184,100,101,201,137,132,269,120,161,281,91,116,207,1410,1691,3101
2021-04-22,152,171,323,97,128,225,107,121,228,124,175,299,98,141,239,100,112,212,109,158,267,118,149,267,90,126,216,91,102,193,96,130,226,116,130,246,154,169,323,177,188,365,115,134,249,1744,2134,3878
2021-04-23,153,180,333,93,140,233,135,152,287,144,154,298,110,128,238,117,142,259,149,164,313,83,145,228,82,99,181,90,84,174,86,123,209,130,145,275,154,172,326,142,169,311,137,157,294,1805,2154,3959
2021-04-24,45,47,92,34,36,70,34,34,68,42,37,79,36,47,83,38,37,75,34,49,83,24,37,61,43,30,73,21,40,61,39,52,91,53,67,120,65,82,147,56,59,115,39,53,92,603,707,1310
2021-04-25,82,84,166,72,98,170,60,77,137,71,86,157,80,99,179,95,111,206,104,136,240,63,71,134,62,88,150,75,105,180,92,80,172,112,98,210,121,136,257,111,116,227,98,107,205,1298,1492,2790
2021-04-26,154,161,315,88,118,206,117,121,238,141,169,310,101,120,221,89,106,195,140,162,302,114,130,244,107,121,228,93,93,186,107,113,220,130,124,254,143,181,324,144,167,311,124,125,249,1792,2011,3803
2021-04-27,116,121,237,92,98,190,116,116,232,136,155,291,92,89,181,81,112,193,129,169,298,106,123,229,91,98,189,72,86,158,92,101,193,99,122,221,138,146,284,155,154,309,102,163,265,1617,1853,3470
2021-04-28,125,123,248,69,101,170,91,104,195,131,148,279,77,109,186,84,119,203,121,129,250,96,124,220,87,90,177,92,91,183,94,106,200,109,113,222,129,156,285,113,147,260,120,116,236,1538,1776,3314
2021-04-29,146,174,320,125,131,256,104,136,240,143,223,366,101,126,227,93,111,204,159,201,360,136,156,292,125,130,255,99,108,207,113,130,243,155,155,310,186,180,366,163,196,359,127,153,280,1975,2310,4285
2021-04-30,95,90,185,52,72,124,72,89,161,77,116,193,78,79,157,59,101,160,72,106,178,81,118,199,63,82,145,69,113,182,79,91,170,81,92,173,115,117,232,93,109,202,94,90,184,1180,1465,2645
2021-05-01,99,98,197,60,69,129,70,66,136,78,89,167,71,77,148,77,77,154,86,114,200,65,63,128,58,61,119,60,68,128,58,80,138,96,105,201,97,141,238,91,106,197,82,95,177,1148,1309,2457
2021-05-02,94,92,186,43,78,121,73,84,157,67,71,138,80,90,170,57,72,129,73,87,160,54,72,126,60,48,108,59,77,136,68,80,148,88,108,196,113,150,263,98,131,229,78,102,180,1105,1342,2447
2021-05-03,166,187,353,96,126,222,135,167,302,157,167,324,102,128,230,95,136,231,156,195,351,167,199,366,143,136,279,83,118,201,106,106,212,138,162,300,140,157,297,149,165,314,122,130,252,1955,2279,4234
2021-05-04,150,183,333,100,120,220,100,127,227,171,176,347,115,135,250,102,104,206,137,179,316,135,131,266,94,126,220,97,90,187,103,111,214,146,134,280,128,146,274,114,179,293,108,144,252,1800,2085,3885
2021-05-05,136,143,279,79,102,181,112,110,222,156,184,340,93,110,203,82,89,171,120,155,275,123,138,261,95,84,179,73,73,146,89,105,194,119,139,258,143,154,297,132,127,259,101,121,222,1653,1834,3487
2021-05-06,132,171,303,72,105,177,106,111,217,164,167,331,103,119,222,88,114,202,131,154,285,114,140,254,97,115,212,84,93,177,95,110,205,117,128,245,128,153,281,139,166,305,112,124,236,1682,1970,3652
2021-05-07,135,163,298,94,98,192,101,151,252,148,176,324,96,126,222,88,108,196,128,154,282,116,172,288,105,106,211,87,103,190,82,101,183,107,121,228,135,162,297,144,172,316,112,125,237,1678,2038,3716
2021-05-08,74,90,164,51,60,111,63,65,128,70,80,150,59,63,122,53,51,104,74,72,146,55,51,106,52,45,97,40,58,98,49,55,104,60,74,134,75,80,155,89,107,196,53,64,117,917,1015,1932
2021-05-09,80,82,162,54,67,121,75,70,145,66,62,128,56,54,110,68,67,135,72,77,149,37,46,83,41,53,94,53,61,114,49,52,101,83,87,170,76,92,168,75,116,191,70,78,148,955,1064,2019
2021-05-10,127,163,290,83,87,170,107,123,230,158,186,344,81,103,184,80,76,156,122,143,265,172,147,319,96,97,193,80,88,168,102,113,215,111,118,229,150,171,321,109,146,255,121,120,241,1699,1881,3580
2021-05-11,137,106,243,51,85,136,93,81,174,131,136,267,67,83,150,76,88,164,98,105,203,119,120,239,82,72,154,77,78,155,89,89,178,95,104,199,116,120,236,89,112,201,92,94,186,1412,1473,2885
2021-05-12,121,124,245,60,75,135,75,107,182,125,146,271,65,91,156,73,91,164,78,107,185,96,117,213,74,77,151,68,68,136,72,87,159,82,82,164,115,102,217,132,124,256,84,92,176,1320,1490,2810
2021-05-13,110,118,228,59,78,137,78,88,166,127,136,263,79,70,149,65,85,150,88,109,197,71,117,188,67,83,150,57,90,147,75,75,150,80,97,177,104,138,242,92,112,204,87,82,169,1239,1478,2717
2021-05-14,152,145,297,89,115,204,131,116,247,146,162,308,94,122,216,93,139,232,122,154,276,139,166,305,93,102,195,88,113,201,90,103,193,104,120,224,114,155,269,148,166,314,104,122,226,1707,2000,3707
2021-05-15,93,106,199,64,79,143,67,84,151,93,105,198,77,89,166,57,76,133,85,78,163,60,76,136,48,70,118,49,72,121,87,84,171,92,81,173,114,134,248,103,119,222,85,104,189,1174,1357,2531
2021-05-16,64,74,138,51,64,115,72,75,147,75,85,160,50,68,118,70,85,155,50,79,129,49,48,97,49,46,95,52,60,112,71,70,141,66,80,146,90,118,208,90,136,226,73,94,167,972,1182,2154
2021-05-17,175,214,389,96,127,223,148,142,290,212,273,485,126,153,279,123,119,242,148,198,346,155,186,341,152,151,303,105,136,241,142,165,307,168,163,331,139,160,299,167,159,326,131,153,284,2187,2499,4686
2021-05-18,184,158,342,112,122,234,135,134,269,219,221,440,111,137,248,131,147,278,152,188,340,159,163,322,121,118,239,110,103,213,121,146,267,118,143,261,152,187,339,159,198,357,130,135,265,2114,2300,4414
2021-05-19,183,175,358,115,128,243,145,167,312,242,261,503,112,101,213,131,133,264,169,195,364,131,159,290,121,139,260,111,117,228,124,142,266,131,184,315,190,167,357,152,197,349,145,152,297,2202,2417,4619
2021-05-20,202,202,404,137,185,322,132,166,298,238,248,486,110,142,252,123,148,271,185,169,354,176,168,344,120,138,258,108,125,233,120,162,282,163,167,330,187,179,366,210,213,423,165,181,346,2376,2593,4969
2021-05-21,168,156,324,83,123,206,118,154,272,186,230,416,94,138,232,103,124,227,139,168,307,146,167,313,115,168,283,92,126,218,111,133,244,132,167,299,152,158,310,152,201,353,116,141,257,1907,2354,4261
2021-05-22,84,108,192,61,78,139,62,71,133,80,87,167,68,73,141,83,89,172,77,80,157,46,35,81,50,48,98,50,59,109,67,73,140,81,73,154,95,118,213,105,129,234,88,91,179,1097,1212,2309
2021-05-23,83,81,164,40,57,97,55,61,116,59,72,131,54,69,123,61,64,125,58,60,118,42,43,85,40,51,91,54,39,93,67,79,146,69,80,149,88,92,180,85,103,188,77,88,165,932,1039,1971
2021-05-24,123,127,250,67,113,180,104,118,222,137,161,298,105,99,204,87,97,184,126,144,270,102,115,217,78,92,170,98,93,191,83,77,160,115,130,245,111,160,271,105,118,223,130,155,285,1571,1799,3370
2021-05-25,106,108,214,66,86,152,97,106,203,125,105,230,99,112,211,98,108,206,112,138,250,89,90,179,70,83,153,94,102,196,74,107,181,102,121,223,93,139,232,115,129,244,122,113,235,1462,1647,3109
2021-05-26,154,151,305,86,110,196,108,151,259,212,220,432,136,129,265,97,126,223,142,177,319,181,176,357,138,113,251,88,94,182,122,126,248,123,136,259,128,141,269,153,176,329,120,156,276,1988,2182,4170
2021-05-27,115,140,255,83,90,173,93,126,219,162,218,380,93,92,185,78,107,185,89,120,209,93,122,215,76,75,151,102,91,193,75,103,178,119,110,229,89,131,220,109,130,239,116,110,226,1492,1765,3257
2021-05-28,178,156,334,90,126,216,118,166,284,222,285,507,112,134,246,106,135,241,146,202,348,156,181,337,140,147,287,119,109,228,101,131,232,142,139,281,129,161,290,140,167,307,135,169,304,2034,2408,4442
2021-05-29,103,94,197,59,69,128,80,84,164,116,134,250,65,89,154,76,85,161,88,109,197,56,84,140,50,75,125,58,65,123,74,71,145,82,95,177,127,138,265,99,129,228,89,107,196,1222,1428,2650
2021-05-30,69,87,156,66,79,145,50,81,131,126,123,249,46,58,104,73,72,145,71,75,146,57,65,122,46,58,104,54,66,120,58,59,117,71,68,139,91,115,206,94,109,203,69,87,156,1041,1202,2243
2021-05-31,165,153,318,84,101,185,115,163,278,217,238,455,105,126,231,72,102,174,144,168,312,169,202,371,107,101,208,102,104,206,110,129,239,118,131,249,127,180,307,154,164,318,85,117,202,1874,2179,4053
2021-06-01,154,169,323,100,101,201,101,122,223,222,213,435,100,128,228,92,109,201,134,127,261,146,177,323,85,117,202,82,107,189,117,123,240,104,131,235,136,196,332,140,168,308,110,133,243,1823,2121,3944
2021-06-02,181,171,352,93,135,228,117,123,240,202,243,445,110,117,227,102,116,218,133,149,282,117,147,264,81,119,200,119,104,223,113,150,263,144,157,301,137,158,295,159,192,351,108,143,251,1916,2224,4140
2021-06-03,161,178,339,112,155,267,146,159,305,232,274,506,104,143,247,113,135,248,184,191,375,160,241,401,107,128,235,104,122,226,109,139,248,156,182,338,193,257,450,181,205,386,114,148,262,2176,2657,4833
2021-06-04,245,293,538,182,197,379,147,220,367,269,371,640,162,207,369,171,203,374,251,270,521,198,267,465,184,234,418,145,196,341,185,253,438,241,300,541,257,286,543,265,359,624,183,218,401,3085,3874,6959
2021-06-05,155,153,308,87,131,218,102,135,237,136,185,321,106,135,241,111,140,251,122,148,270,76,99,175,74,110,184,101,116,217,110,121,231,128,150,278,181,222,403,173,236,409,165,171,336,1827,2252,4079
2021-06-06,130,140,270,95,155,250,94,130,224,125,136,261,99,145,244,112,118,230,95,133,228,85,96,181,91,79,170,75,92,167,104,101,205,139,182,321,174,218,392,179,230,409,105,173,278,1702,2128,3830
2021-06-07,238,286,524,149,229,378,145,229,374,292,371,663,149,211,360,177,218,395,202,226,428,214,261,475,169,170,339,133,193,326,158,248,406,201,283,484,218,323,541,251,291,542,181,211,392,2877,3750,6627
2021-06-08,210,222,432,164,166,330,126,215,341,278,337,615,143,180,323,125,188,313,172,261,433,191,260,451,137,157,294,124,158,282,157,203,360,206,237,443,245,297,542,242,285,527,175,227,402,2695,3393,6088
2021-06-09,245,272,517,147,214,361,151,189,340,278,319,597,161,189,350,144,182,326,248,266,514,175,234,409,153,178,331,153,190,343,174,226,400,190,240,430,239,260,499,261,278,539,147,187,334,2866,3424,6290
2021-06-10,245,294,539,133,220,353,142,202,344,267,319,586,168,206,374,170,216,386,176,283,459,173,250,423,131,200,331,120,195,315,175,202,377,218,242,460,255,323,578,281,354,635,170,237,407,2824,3743,6567
2021-06-11,228,266,494,157,231,388,166,215,381,256,359,615,158,216,374,172,232,404,188,294,482,173,278,451,143,205,348,143,218,361,191,281,472,202,263,465,241,333,574,243,316,559,168,229,397,2829,3936,6765
2021-06-12,166,192,358,118,150,268,113,157,270,148,166,314,116,174,290,140,165,305,138,174,312,79,111,190,94,118,212,98,113,211,124,136,260,179,219,398,202,243,445,191,261,452,177,202,379,2083,2581,4664
2021-06-13,116,120,236,124,139,263,118,141,259,116,170,286,104,156,260,106,167,273,109,165,274,68,90,158,80,98,178,75,101,176,107,123,230,131,141,272,197,216,413,172,235,407,124,152,276,1747,2214,3961
2021-06-14,218,253,471,176,181,357,153,238,391,241,300,541,164,203,367,163,224,387,206,295,501,175,229,404,198,202,400,152,217,369,188,235,423,193,239,432,225,316,541,274,314,588,227,218,445,2953,3664,6617
2021-06-15,244,264,508,176,202,378,176,222,398,253,339,592,172,190,362,169,236,405,203,257,460,171,223,394,172,176,348,148,191,339,200,230,430,228,271,499,246,334,580,226,330,556,191,208,399,2975,3673,6648
2021-06-16,200,260,460,156,200,356,146,193,339,279,298,577,139,206,345,150,208,358,228,235,463,180,212,392,162,187,349,151,196,347,174,210,384,209,230,439,234,291,525,227,344,571,191,222,413,2826,3492,6318
2021-06-17,214,253,467,170,243,413,201,250,451,250,314,564,152,248,400,176,254,430,215,265,480,162,206,368,152,214,366,178,214,392,195,223,418,221,278,499,274,360,634,261,377,638,232,278,510,3053,3977,7030
2021-06-18,176,239,415,182,223,405,153,189,342,200,280,480,184,234,418,165,231,396,189,277,466,155,207,362,146,231,377,172,235,407,196,237,433,203,268,471,257,345,602,283,374,657,210,270,480,2871,3840,6711
2021-06-19,131,160,291,102,148,250,108,144,252,152,196,348,117,164,281,123,173,296,130,152,282,66,94,160,73,85,158,110,122,232,126,151,277,165,231,396,224,292,516,192,255,447,133,169,302,1952,2536,4488
2021-06-20,101,101,202,77,107,184,62,85,147,91,105,196,76,95,171,82,107,189,88,112,200,25,51,76,45,59,104,64,71,135,84,101,185,93,132,225,112,144,256,113,173,286,91,114,205,1204,1557,2761
2021-06-21,131,149,280,112,134,246,90,117,207,117,153,270,99,139,238,127,139,266,114,142,256,64,75,139,78,88,166,70,87,157,82,100,182,152,161,313,220,230,450,184,240,424,114,136,250,1754,2090,3844
2021-06-22,191,201,392,138,177,315,173,192,365,228,258,486,146,197,343,177,187,364,174,194,368,160,176,336,147,165,312,142,178,320,186,274,460,187,219,406,231,303,534,246,307,553,155,228,383,2681,3256,5937
2021-06-23,98,122,220,84,132,216,64,83,147,112,140,252,86,105,191,68,106,174,85,157,242,54,67,121,63,75,138,57,102,159,71,129,200,124,155,279,140,225,365,120,187,307,82,136,218,1308,1921,3229
2021-06-24,19,24,43,24,27,51,11,17,28,27,38,65,24,21,45,23,18,41,22,33,55,13,24,37,16,19,35,17,22,39,17,20,37,25,28,53,28,37,65,42,61,103,27,25,52,335,414,749
