FECHA,<=10M,<=10F,<=10,11-20M,11-20F,11-20,21-30M,21-30F,21-30,31-40M,31-40F,31-40,41-50M,41-50F,41-50,51-60M,51-60F,51-60,61-70M,61-70F,61-70,71-80M,71-80F,71-80,81-90M,81-90F,81-90,>=91M,>=91F,>=91,TotalM,TotalF,Total
2020-03-15,0,0,0,0,0,0,0,0,0,0,0,0,0,0,0,0,0,0,0,0,0,0,0,0,0,0,0,0,0,0,0,0,0
2020-03-16,0,0,0,0,0,0,0,0,0,0,0,0,0,0,0,0,0,0,0,0,0,0,0,0,0,0,0,0,0,0,0,0,0
2020-03-17,0,0,0,0,0,0,0,0,0,0,0,0,0,0,0,0,0,0,0,0,0,1,0,1,0,0,0,0,0,0,1,0,1
2020-03-18,0,0,0,0,0,0,0,0,0,0,0,0,0,0,0,0,0,0,0,0,0,1,0,1,0,0,0,0,0,0,1,0,1
2020-03-19,0,0,0,0,0,0,0,0,0,0,0,0,0,0,0,0,0,0,0,0,0,1,0,1,0,0,0,0,0,0,1,0,1
2020-03-20,0,0,0,0,0,0,0,0,0,0,0,0,0,0,0,0,0,0,0,0,0,1,0,1,0,1,1,0,0,0,1,1,2
2020-03-21,0,0,0,0,0,0,0,0,0,0,0,0,0,0,0,0,0,0,1,0,1,3,0,3,0,1,1,0,0,0,4,1,5
2020-03-22,0,0,0,0,0,0,0,0,0,0,0,0,0,0,0,0,0,0,1,0,1,4,0,4,0,1,1,0,0,0,5,1,6
2020-03-23,0,0,0,0,0,0,0,0,0,0,0,0,0,0,0,0,0,0,1,0,1,4,0,4,0,1,1,0,0,0,5,1,6
2020-03-24,0,0,0,0,0,0,0,0,0,0,0,0,0,0,0,0,0,0,1,0,1,4,1,5,0,1,1,0,0,0,5,2,7
2020-03-25,0,0,0,0,0,0,0,0,0,0,0,0,0,0,0,0,0,0,2,0,2,4,1,5,1,3,4,0,1,1,7,5,12
2020-03-26,0,0,0,0,0,0,0,0,0,0,0,0,0,0,0,1,0,1,4,0,4,4,1,5,1,3,4,0,1,1,10,5,15
2020-03-27,0,0,0,0,0,0,0,0,0,0,0,0,0,0,0,2,0,2,5,0,5,4,1,5,1,3,4,0,1,1,12,5,17
2020-03-28,0,0,0,0,0,0,0,0,0,0,0,0,0,0,0,2,0,2,5,0,5,4,1,5,3,3,6,0,1,1,14,5,19
2020-03-29,0,0,0,0,0,0,0,0,0,0,0,0,0,0,0,2,0,2,5,0,5,4,1,5,3,3,6,0,1,1,14,5,19
2020-03-30,0,0,0,0,0,0,0,0,0,0,0,0,1,0,1,2,0,2,6,0,6,6,1,7,3,3,6,0,2,2,18,6,24
2020-03-31,0,0,0,0,0,0,0,0,0,0,0,0,1,0,1,3,0,3,6,0,6,8,2,10,3,4,7,0,2,2,21,8,29
2020-04-01,0,0,0,0,0,0,0,0,0,0,0,0,1,0,1,3,0,3,8,0,8,8,2,10,3,4,7,0,2,2,23,8,31
2020-04-02,0,0,0,0,0,0,0,0,0,0,0,0,1,0,1,3,0,3,8,0,8,10,2,12,3,4,7,1,3,4,26,9,35
2020-04-03,0,0,0,0,0,0,0,0,0,0,0,0,1,0,1,3,1,4,8,1,9,11,2,13,3,5,8,1,3,4,27,12,39
2020-04-04,0,0,0,0,0,0,0,0,0,0,0,0,1,0,1,3,1,4,8,1,9,11,2,13,3,5,8,2,3,5,28,12,40
2020-04-05,0,0,0,0,0,0,0,0,0,0,0,0,1,1,2,3,1,4,8,1,9,13,2,15,3,5,8,2,3,5,30,13,43
2020-04-06,0,0,0,0,0,0,0,0,0,0,0,0,1,1,2,3,1,4,9,1,10,13,3,16,3,5,8,2,3,5,31,14,45
2020-04-07,0,0,0,0,0,0,0,0,0,0,0,0,1,1,2,3,1,4,9,1,10,13,5,18,3,5,8,3,3,6,32,16,48
2020-04-08,0,0,0,0,0,0,0,0,0,0,0,0,1,1,2,4,1,5,9,1,10,14,6,20,3,5,8,3,3,6,34,17,51
2020-04-09,0,0,0,0,0,0,0,0,0,0,0,0,1,1,2,4,1,5,9,1,10,14,6,20,3,5,8,3,3,6,34,17,51
2020-04-10,0,0,0,0,0,0,0,0,0,0,0,0,1,1,2,4,1,5,9,1,10,14,6,20,3,5,8,3,3,6,34,17,51
2020-04-11,0,0,0,0,0,0,0,0,0,0,0,0,1,1,2,4,1,5,9,1,10,14,6,20,5,5,10,3,3,6,36,17,53
2020-04-12,0,0,0,0,0,0,0,0,0,0,0,0,1,1,2,4,1,5,9,1,10,14,6,20,5,5,10,3,3,6,36,17,53
2020-04-13,0,0,0,0,0,0,0,0,0,0,0,0,1,1,2,4,1,5,9,1,10,14,6,20,5,5,10,3,3,6,36,17,53
2020-04-14,0,0,0,0,0,0,0,0,0,0,0,0,1,1,2,4,1,5,10,1,11,16,7,23,5,5,10,3,3,6,39,18,57
2020-04-15,0,0,0,0,0,0,0,0,0,0,0,0,1,1,2,4,1,5,10,1,11,16,7,23,5,5,10,3,3,6,39,18,57
2020-04-16,0,0,0,0,0,0,0,0,0,0,0,0,1,1,2,4,1,5,10,1,11,16,7,23,5,5,10,3,3,6,39,18,57
2020-04-17,0,0,0,0,0,0,1,0,1,0,0,0,1,1,2,4,1,5,10,1,11,16,8,24,7,8,15,3,4,7,42,23,65
2020-04-18,0,0,0,0,0,0,1,0,1,0,0,0,2,1,3,4,1,5,10,1,11,16,9,25,8,10,18,3,6,9,44,28,72
2020-04-19,0,0,0,0,0,0,1,0,1,0,0,0,2,1,3,4,1,5,10,1,11,16,9,25,9,10,19,3,6,9,45,28,73
2020-04-20,0,0,0,0,0,0,1,0,1,0,0,0,3,1,4,4,1,5,10,1,11,16,9,25,10,10,20,3,7,10,47,29,76
2020-04-21,0,0,0,0,0,0,1,0,1,0,0,0,3,1,4,5,1,6,11,1,12,16,9,25,12,10,22,4,10,14,52,32,84
2020-04-22,0,0,0,0,0,0,1,0,1,1,0,1,3,1,4,5,1,6,12,1,13,17,12,29,13,12,25,5,13,18,57,40,97
2020-04-23,0,0,0,0,0,0,1,0,1,1,0,1,3,1,4,5,1,6,13,2,15,19,14,33,16,12,28,5,16,21,63,46,109
2020-04-24,0,0,0,0,0,0,1,0,1,1,0,1,3,1,4,5,1,6,13,2,15,19,14,33,18,14,32,5,16,21,65,48,113
2020-04-25,0,0,0,0,0,0,1,0,1,1,0,1,4,1,5,5,1,6,13,2,15,19,14,33,18,16,34,5,16,21,66,50,116
2020-04-26,0,0,0,0,0,0,1,0,1,1,0,1,4,1,5,5,1,6,13,2,15,19,14,33,18,16,34,5,16,21,66,50,116
2020-04-27,0,0,0,0,0,0,1,0,1,1,0,1,4,1,5,5,1,6,14,2,16,20,14,34,21,17,38,5,17,22,71,52,123
2020-04-28,0,0,0,0,0,0,1,0,1,1,0,1,4,1,5,5,1,6,14,2,16,20,14,34,22,19,41,5,17,22,72,54,126
2020-04-29,0,0,0,0,0,0,1,0,1,1,0,1,4,1,5,5,1,6,14,2,16,21,14,35,22,19,41,5,17,22,73,54,127
2020-04-30,0,0,0,0,0,0,1,0,1,1,0,1,4,1,5,6,1,7,14,2,16,21,14,35,22,19,41,5,17,22,74,54,128
2020-05-01,0,0,0,0,0,0,1,0,1,1,0,1,4,1,5,7,1,8,14,2,16,21,14,35,22,20,42,6,17,23,76,55,131
2020-05-02,0,0,0,0,0,0,1,0,1,1,0,1,4,1,5,7,1,8,14,2,16,22,14,36,22,20,42,6,17,23,77,55,132
2020-05-03,0,0,0,0,0,0,1,0,1,1,0,1,4,1,5,8,1,9,15,2,17,22,14,36,23,20,43,6,17,23,80,55,135
2020-05-04,0,0,0,0,0,0,1,0,1,1,0,1,4,1,5,9,1,10,15,2,17,22,14,36,23,22,45,6,17,23,81,57,138
2020-05-05,0,0,0,0,0,0,1,0,1,2,0,2,4,2,6,9,1,10,15,2,17,23,14,37,26,22,48,6,19,25,86,60,146
2020-05-06,0,0,0,0,0,0,1,0,1,2,0,2,5,2,7,9,1,10,17,3,20,23,14,37,27,23,50,7,20,27,91,63,154
2020-05-07,0,0,0,0,0,0,1,0,1,2,0,2,5,2,7,11,1,12,17,3,20,23,15,38,28,23,51,7,22,29,94,66,160
2020-05-08,0,0,0,0,0,0,1,0,1,2,0,2,5,2,7,11,1,12,17,3,20,23,15,38,28,24,52,7,22,29,94,67,161
2020-05-09,0,0,0,0,0,0,1,0,1,2,0,2,5,2,7,11,1,12,17,4,21,23,15,38,28,24,52,8,22,30,95,68,163
2020-05-10,0,0,0,0,0,0,1,0,1,2,0,2,5,2,7,11,1,12,18,4,22,23,15,38,28,24,52,8,22,30,96,68,164
2020-05-11,0,0,0,0,0,0,1,0,1,2,0,2,6,3,9,11,1,12,19,4,23,23,15,38,28,24,52,8,22,30,98,69,167
2020-05-12,0,0,0,0,0,0,1,0,1,3,0,3,6,3,9,13,2,15,21,5,26,24,18,42,28,25,53,9,23,32,105,76,181
2020-05-13,0,0,0,0,0,0,1,0,1,4,0,4,6,3,9,13,3,16,23,5,28,24,18,42,28,26,54,9,25,34,108,80,188
2020-05-14,0,0,0,0,0,0,1,0,1,4,0,4,6,3,9,15,3,18,24,5,29,25,19,44,28,27,55,9,25,34,112,82,194
2020-05-15,0,0,0,0,0,0,1,0,1,4,0,4,6,4,10,15,3,18,24,5,29,25,20,45,28,28,56,10,26,36,113,86,199
2020-05-16,0,0,0,0,0,0,1,0,1,5,0,5,6,5,11,16,3,19,24,6,30,27,21,48,28,29,57,10,29,39,117,93,210
2020-05-17,0,1,1,0,0,0,1,0,1,5,0,5,6,6,12,19,3,22,25,6,31,28,22,50,30,31,61,10,29,39,124,98,222
2020-05-18,0,1,1,0,0,0,1,0,1,6,0,6,7,6,13,21,3,24,27,7,34,30,23,53,30,31,61,10,29,39,132,100,232
2020-05-19,0,1,1,0,0,0,1,0,1,6,0,6,8,6,14,22,3,25,27,7,34,30,23,53,30,33,63,11,29,40,135,102,237
2020-05-20,0,1,1,0,0,0,1,1,2,7,0,7,8,7,15,25,4,29,28,7,35,31,24,55,32,35,67,11,29,40,143,108,251
2020-05-21,0,1,1,0,0,0,1,1,2,7,0,7,9,7,16,25,4,29,30,7,37,31,25,56,32,36,68,11,32,43,146,113,259
2020-05-22,0,1,1,0,0,0,1,1,2,7,0,7,9,7,16,28,4,32,31,9,40,31,25,56,32,36,68,11,32,43,150,115,265
2020-05-23,0,1,1,0,0,0,1,1,2,7,0,7,12,7,19,30,4,34,32,9,41,31,25,56,34,40,74,11,33,44,158,120,278
2020-05-24,0,1,1,0,0,0,1,1,2,8,0,8,12,7,19,30,5,35,33,9,42,31,26,57,34,40,74,12,33,45,161,122,283
2020-05-25,0,1,1,0,0,0,1,1,2,8,0,8,12,8,20,31,5,36,34,11,45,32,30,62,35,41,76,13,33,46,166,130,296
2020-05-26,0,1,1,0,0,0,1,1,2,8,0,8,12,8,20,35,7,42,36,12,48,33,31,64,35,44,79,15,33,48,175,137,312
2020-05-27,0,1,1,0,0,0,1,1,2,8,0,8,14,9,23,35,7,42,37,12,49,36,34,70,36,46,82,15,34,49,182,144,326
2020-05-28,0,1,1,0,0,0,1,1,2,10,0,10,14,10,24,37,9,46,38,12,50,37,40,77,40,51,91,18,42,60,195,166,361
2020-05-29,0,1,1,0,0,0,1,1,2,10,0,10,16,11,27,37,9,46,40,12,52,39,43,82,42,56,98,18,45,63,203,178,381
2020-05-30,0,1,1,0,0,0,1,1,2,10,0,10,17,11,28,40,9,49,40,12,52,41,44,85,43,56,99,19,45,64,211,179,390
2020-05-31,0,1,1,0,0,0,1,1,2,10,0,10,18,11,29,41,11,52,40,12,52,45,45,90,46,58,104,20,45,65,221,184,405
2020-06-01,0,1,1,0,0,0,1,1,2,11,0,11,18,12,30,43,11,54,40,13,53,46,46,92,49,60,109,20,45,65,228,189,417
2020-06-02,1,1,2,0,0,0,1,1,2,11,0,11,19,14,33,44,12,56,46,13,59,48,48,96,50,62,112,22,48,70,242,199,441
2020-06-03,1,1,2,0,0,0,1,1,2,11,0,11,20,15,35,48,13,61,50,14,64,51,49,100,51,63,114,22,48,70,255,204,459
2020-06-04,1,1,2,0,0,0,1,1,2,12,0,12,20,15,35,49,14,63,53,15,68,54,52,106,51,65,116,25,52,77,266,215,481
2020-06-05,1,1,2,0,0,0,1,2,3,12,0,12,20,15,35,50,15,65,57,17,74,59,57,116,53,68,121,25,54,79,278,229,507
2020-06-06,1,1,2,0,0,0,1,2,3,12,0,12,20,15,35,53,15,68,57,17,74,62,58,120,54,74,128,26,57,83,286,239,525
2020-06-07,1,1,2,0,0,0,1,2,3,12,0,12,20,15,35,55,15,70,58,17,75,62,60,122,57,79,136,26,59,85,292,248,540
2020-06-08,1,1,2,0,0,0,1,2,3,14,0,14,22,15,37,56,15,71,58,18,76,67,63,130,62,79,141,26,61,87,307,254,561
2020-06-09,1,1,2,0,0,0,1,2,3,15,1,16,22,16,38,58,15,73,58,21,79,69,63,132,64,81,145,26,64,90,314,264,578
2020-06-10,1,1,2,0,0,0,1,2,3,15,1,16,22,17,39,60,16,76,60,22,82,73,64,137,65,89,154,27,67,94,324,279,603
2020-06-11,1,1,2,0,0,0,1,2,3,15,1,16,24,17,41,64,16,80,63,24,87,75,67,142,66,92,158,27,70,97,336,290,626
2020-06-12,1,1,2,0,0,0,1,2,3,16,1,17,25,17,42,68,17,85,64,26,90,82,67,149,69,92,161,28,72,100,354,295,649
2020-06-13,1,1,2,0,0,0,1,3,4,16,1,17,25,19,44,70,18,88,67,26,93,84,71,155,70,96,166,28,77,105,362,312,674
2020-06-14,1,1,2,0,0,0,1,3,4,16,1,17,26,19,45,70,19,89,70,26,96,86,72,158,72,100,172,28,79,107,370,320,690
2020-06-15,1,1,2,0,0,0,1,3,4,16,1,17,26,20,46,70,19,89,73,27,100,86,76,162,72,101,173,31,79,110,376,327,703
2020-06-16,1,1,2,0,0,0,2,3,5,17,1,18,27,20,47,74,19,93,75,30,105,94,78,172,73,103,176,31,82,113,394,337,731
2020-06-17,2,1,3,0,0,0,3,3,6,17,1,18,28,20,48,74,22,96,80,31,111,102,80,182,75,108,183,32,84,116,413,350,763
2020-06-18,2,1,3,0,0,0,3,3,6,19,2,21,31,20,51,77,23,100,82,32,114,103,82,185,80,109,189,33,85,118,430,357,787
2020-06-19,2,1,3,0,0,0,3,3,6,20,2,22,31,20,51,79,25,104,86,36,122,108,86,194,86,110,196,33,93,126,448,376,824
2020-06-20,2,1,3,0,0,0,3,3,6,21,2,23,31,20,51,81,26,107,87,40,127,115,90,205,89,113,202,35,96,131,464,391,855
2020-06-21,2,1,3,0,0,0,3,3,6,21,3,24,32,21,53,82,26,108,91,41,132,118,92,210,90,117,207,35,101,136,474,405,879
2020-06-22,2,1,3,0,0,0,3,4,7,22,3,25,34,21,55,82,27,109,96,46,142,124,95,219,98,123,221,36,102,138,497,422,919
2020-06-23,2,1,3,0,0,0,3,4,7,23,3,26,35,21,56,86,28,114,97,48,145,130,96,226,106,130,236,39,105,144,521,436,957
2020-06-24,2,1,3,0,0,0,3,4,7,23,3,26,35,23,58,88,29,117,100,50,150,135,97,232,111,134,245,40,111,151,537,452,989
2020-06-25,2,1,3,0,0,0,3,4,7,23,3,26,37,24,61,91,29,120,107,55,162,137,99,236,116,142,258,41,115,156,557,472,1029
2020-06-26,2,1,3,0,0,0,3,4,7,23,3,26,37,26,63,94,30,124,109,57,166,143,99,242,118,146,264,42,118,160,571,484,1055
2020-06-27,2,1,3,0,0,0,3,4,7,23,3,26,38,26,64,95,31,126,113,59,172,144,101,245,121,149,270,44,121,165,583,495,1078
2020-06-28,2,1,3,0,0,0,3,4,7,23,3,26,38,26,64,95,31,126,113,60,173,146,103,249,126,156,282,45,125,170,591,509,1100
2020-06-29,2,1,3,0,0,0,3,5,8,23,3,26,38,26,64,97,31,128,116,62,178,150,108,258,136,163,299,46,128,174,611,527,1138
2020-06-30,2,1,3,0,0,0,3,5,8,23,3,26,39,27,66,101,34,135,125,65,190,157,113,270,141,171,312,48,136,184,639,555,1194
2020-07-01,2,1,3,0,0,0,3,5,8,23,3,26,40,28,68,103,35,138,128,65,193,160,115,275,153,175,328,50,139,189,662,566,1228
2020-07-02,2,1,3,0,0,0,3,5,8,23,4,27,42,28,70,105,35,140,134,66,200,166,120,286,157,178,335,50,142,192,682,579,1261
2020-07-03,2,1,3,0,0,0,3,5,8,23,5,28,42,29,71,107,35,142,139,67,206,171,126,297,159,190,349,51,144,195,697,602,1299
2020-07-04,2,1,3,0,1,1,3,5,8,23,6,29,43,30,73,108,36,144,142,69,211,174,133,307,163,201,364,52,152,204,710,634,1344
2020-07-05,2,2,4,0,1,1,3,5,8,23,7,30,43,30,73,112,37,149,145,74,219,176,138,314,168,211,379,54,156,210,726,661,1387
2020-07-06,2,2,4,0,1,1,3,5,8,23,7,30,45,30,75,115,38,153,151,77,228,185,146,331,177,225,402,59,165,224,760,696,1456
2020-07-07,2,2,4,0,1,1,3,5,8,24,7,31,45,30,75,117,38,155,162,78,240,195,153,348,186,233,419,62,170,232,796,717,1513
2020-07-08,2,2,4,0,1,1,3,5,8,24,7,31,47,31,78,118,41,159,168,79,247,202,161,363,191,238,429,66,177,243,821,742,1563
2020-07-09,2,2,4,0,2,2,3,5,8,24,7,31,48,32,80,118,41,159,171,80,251,210,165,375,196,248,444,68,181,249,840,763,1603
2020-07-10,2,2,4,0,2,2,3,6,9,25,7,32,48,32,80,121,44,165,176,83,259,216,173,389,209,257,466,68,186,254,868,792,1660
2020-07-11,2,2,4,0,2,2,3,7,10,27,7,34,48,32,80,122,44,166,181,83,264,220,175,395,211,265,476,69,192,261,883,809,1692
2020-07-12,2,2,4,0,2,2,4,7,11,27,8,35,52,32,84,124,44,168,185,83,268,225,180,405,223,271,494,69,198,267,911,827,1738
2020-07-13,2,2,4,0,2,2,4,7,11,27,8,35,52,33,85,125,47,172,191,83,274,232,189,421,231,276,507,71,209,280,935,856,1791
2020-07-14,2,2,4,0,2,2,4,7,11,27,8,35,53,33,86,127,51,178,200,85,285,246,192,438,234,287,521,76,217,293,969,884,1853
2020-07-15,2,3,5,0,2,2,4,7,11,28,9,37,56,33,89,128,51,179,208,86,294,257,197,454,241,298,539,78,223,301,1002,909,1911
2020-07-16,2,3,5,0,2,2,4,7,11,29,9,38,56,33,89,129,51,180,215,88,303,267,201,468,251,309,560,83,230,313,1036,933,1969
2020-07-17,2,3,5,0,2,2,5,7,12,29,10,39,59,33,92,133,52,185,225,90,315,272,206,478,264,320,584,85,243,328,1074,966,2040
2020-07-18,2,3,5,0,2,2,6,8,14,29,10,39,61,34,95,134,53,187,228,90,318,278,214,492,268,327,595,87,248,335,1093,989,2082
2020-07-19,2,3,5,0,2,2,6,8,14,29,10,39,62,34,96,135,54,189,230,90,320,282,216,498,277,339,616,92,252,344,1115,1008,2123
2020-07-20,2,3,5,0,2,2,6,8,14,30,12,42,64,34,98,137,57,194,239,91,330,287,224,511,288,346,634,93,254,347,1146,1031,2177
2020-07-21,2,3,5,0,2,2,9,8,17,30,12,42,66,34,100,139,57,196,252,96,348,295,227,522,296,359,655,94,263,357,1183,1061,2244
2020-07-22,2,3,5,0,2,2,9,8,17,30,12,42,66,34,100,142,57,199,258,98,356,304,233,537,303,366,669,97,271,368,1211,1084,2295
2020-07-23,2,3,5,0,2,2,9,8,17,30,13,43,67,34,101,145,59,204,265,99,364,308,240,548,309,377,686,97,274,371,1232,1109,2341
2020-07-24,2,3,5,0,2,2,9,8,17,30,13,43,70,34,104,148,60,208,271,101,372,313,244,557,317,392,709,99,278,377,1259,1135,2394
2020-07-25,2,4,6,0,2,2,9,8,17,30,13,43,71,34,105,149,63,212,276,101,377,315,248,563,323,399,722,104,289,393,1279,1161,2440
2020-07-26,2,4,6,0,2,2,10,8,18,31,13,44,73,35,108,149,63,212,279,101,380,320,254,574,334,406,740,105,294,399,1303,1180,2483
2020-07-27,2,4,6,0,2,2,10,8,18,31,14,45,74,36,110,154,66,220,280,104,384,323,260,583,346,411,757,107,299,406,1327,1204,2531
2020-07-28,2,4,6,0,2,2,10,9,19,31,14,45,75,37,112,156,68,224,286,107,393,331,268,599,357,422,779,107,304,411,1355,1235,2590
2020-07-29,2,4,6,0,2,2,10,9,19,32,15,47,76,38,114,158,69,227,291,107,398,336,271,607,362,428,790,111,305,416,1378,1248,2626
2020-07-30,2,4,6,0,2,2,10,9,19,32,15,47,80,41,121,158,69,227,293,108,401,341,275,616,366,437,803,113,310,423,1395,1270,2665
2020-07-31,2,4,6,0,2,2,10,10,20,32,15,47,82,43,125,160,71,231,297,110,407,347,281,628,369,444,813,114,321,435,1413,1301,2714
2020-08-01,2,4,6,0,2,2,10,10,20,32,15,47,84,44,128,162,72,234,300,112,412,350,285,635,375,450,825,116,326,442,1431,1320,2751
2020-08-02,2,4,6,0,2,2,10,10,20,33,15,48,85,45,130,164,72,236,303,114,417,358,291,649,379,463,842,117,330,447,1451,1346,2797
2020-08-03,2,4,6,0,2,2,11,10,21,33,15,48,86,46,132,167,73,240,311,117,428,368,299,667,384,477,861,118,342,460,1480,1385,2865
2020-08-04,2,5,7,0,2,2,11,10,21,33,15,48,87,47,134,170,76,246,319,120,439,375,303,678,393,488,881,120,353,473,1510,1419,2929
2020-08-05,2,6,8,0,2,2,11,10,21,33,15,48,88,48,136,173,80,253,327,122,449,381,308,689,404,503,907,121,360,481,1540,1454,2994
2020-08-06,2,6,8,0,2,2,11,10,21,35,15,50,90,48,138,177,81,258,330,124,454,385,314,699,412,511,923,124,367,491,1566,1478,3044
2020-08-07,2,6,8,0,2,2,11,10,21,36,15,51,91,50,141,178,81,259,331,127,458,388,319,707,421,516,937,127,369,496,1585,1495,3080
2020-08-08,2,6,8,0,2,2,11,10,21,37,15,52,91,51,142,179,83,262,336,130,466,393,322,715,427,524,951,128,372,500,1604,1515,3119
2020-08-09,2,6,8,0,2,2,11,10,21,37,15,52,91,52,143,182,84,266,344,135,479,398,325,723,434,529,963,131,372,503,1630,1530,3160
2020-08-10,2,6,8,0,2,2,11,10,21,38,15,53,92,53,145,183,88,271,349,138,487,403,329,732,439,538,977,131,377,508,1648,1556,3204
2020-08-11,2,6,8,0,2,2,11,10,21,39,15,54,93,53,146,184,88,272,354,142,496,408,333,741,443,546,989,133,380,513,1667,1575,3242
2020-08-12,3,6,9,0,2,2,11,10,21,39,15,54,94,53,147,185,90,275,355,146,501,414,336,750,445,551,996,135,383,518,1681,1592,3273
2020-08-13,3,6,9,0,2,2,11,10,21,39,15,54,94,53,147,185,93,278,361,148,509,422,339,761,451,558,1009,136,383,519,1702,1607,3309
2020-08-14,3,6,9,0,2,2,11,10,21,39,15,54,96,53,149,185,93,278,366,150,516,426,340,766,457,563,1020,136,385,521,1719,1617,3336
2020-08-15,3,6,9,0,2,2,11,11,22,39,15,54,97,53,150,186,93,279,371,153,524,436,345,781,464,573,1037,136,393,529,1743,1644,3387
2020-08-16,3,6,9,0,2,2,11,11,22,39,15,54,99,53,152,186,94,280,375,153,528,440,348,788,471,579,1050,136,399,535,1760,1660,3420
2020-08-17,3,6,9,0,2,2,11,11,22,39,16,55,100,53,153,189,95,284,379,154,533,443,350,793,474,583,1057,136,402,538,1774,1672,3446
2020-08-18,3,6,9,0,2,2,13,11,24,39,16,55,100,53,153,191,96,287,383,155,538,451,353,804,477,601,1078,138,407,545,1795,1700,3495
2020-08-19,3,6,9,0,2,2,14,12,26,39,16,55,101,53,154,194,97,291,394,156,550,455,362,817,486,610,1096,143,409,552,1829,1723,3552
2020-08-20,3,6,9,0,2,2,14,12,26,40,16,56,102,53,155,194,97,291,405,157,562,460,368,828,495,614,1109,145,416,561,1858,1741,3599
2020-08-21,3,6,9,0,2,2,14,13,27,40,16,56,104,53,157,195,97,292,414,157,571,461,375,836,498,623,1121,147,421,568,1876,1763,3639
2020-08-22,3,6,9,0,2,2,14,13,27,40,16,56,106,53,159,195,97,292,420,159,579,466,378,844,504,627,1131,148,423,571,1896,1774,3670
2020-08-23,3,6,9,0,2,2,14,13,27,41,16,57,106,53,159,198,98,296,424,162,586,472,379,851,515,633,1148,151,427,578,1924,1789,3713
2020-08-24,3,6,9,0,2,2,14,13,27,42,16,58,107,53,160,200,98,298,429,168,597,476,384,860,520,635,1155,153,432,585,1944,1807,3751
2020-08-25,3,6,9,0,2,2,14,13,27,44,16,60,109,53,162,203,99,302,431,175,606,486,390,876,529,646,1175,155,435,590,1974,1835,3809
2020-08-26,3,6,9,0,2,2,14,13,27,44,18,62,109,55,164,205,100,305,436,176,612,492,395,887,536,658,1194,156,440,596,1995,1863,3858
2020-08-27,3,6,9,0,2,2,14,13,27,45,18,63,110,56,166,209,100,309,438,178,616,501,395,896,542,670,1212,160,444,604,2022,1882,3904
2020-08-28,3,6,9,0,2,2,14,13,27,45,18,63,111,56,167,214,100,314,441,181,622,509,397,906,547,678,1225,160,444,604,2044,1895,3939
2020-08-29,3,6,9,0,2,2,14,13,27,47,18,65,111,57,168,216,100,316,444,182,626,514,401,915,554,679,1233,160,447,607,2063,1905,3968
2020-08-30,3,6,9,0,2,2,14,13,27,48,18,66,111,58,169,219,100,319,451,182,633,521,406,927,558,683,1241,162,450,612,2087,1918,4005
2020-08-31,3,6,9,0,2,2,14,13,27,48,18,66,112,58,170,222,101,323,458,183,641,534,410,944,566,689,1255,162,451,613,2119,1931,4050
2020-09-01,3,6,9,0,2,2,14,13,27,48,18,66,113,58,171,223,101,324,465,184,649,542,414,956,571,699,1270,165,455,620,2144,1950,4094
2020-09-02,3,6,9,0,2,2,14,13,27,48,18,66,113,59,172,226,105,331,470,185,655,546,418,964,580,706,1286,165,458,623,2165,1970,4135
2020-09-03,3,6,9,0,2,2,14,13,27,48,18,66,114,61,175,228,106,334,475,185,660,553,426,979,589,711,1300,166,463,629,2190,1991,4181
2020-09-04,3,6,9,0,2,2,14,14,28,48,19,67,116,61,177,229,108,337,476,187,663,555,432,987,590,715,1305,167,465,632,2198,2009,4207
2020-09-05,3,6,9,0,2,2,14,14,28,48,19,67,116,62,178,231,109,340,481,191,672,564,435,999,593,725,1318,167,467,634,2217,2030,4247
2020-09-06,3,6,9,0,2,2,14,14,28,48,19,67,117,62,179,234,109,343,484,191,675,573,439,1012,595,731,1326,170,470,640,2238,2043,4281
2020-09-07,3,6,9,0,2,2,14,14,28,48,19,67,118,63,181,237,110,347,487,196,683,582,445,1027,605,738,1343,171,475,646,2265,2068,4333
2020-09-08,3,6,9,0,2,2,14,14,28,48,19,67,118,63,181,239,111,350,492,200,692,592,450,1042,613,748,1361,174,479,653,2293,2092,4385
2020-09-09,3,6,9,0,2,2,15,14,29,48,19,67,119,64,183,245,112,357,498,203,701,599,454,1053,616,753,1369,176,485,661,2319,2112,4431
2020-09-10,3,6,9,0,2,2,15,15,30,48,19,67,119,64,183,246,112,358,502,206,708,611,456,1067,618,760,1378,177,491,668,2339,2131,4470
2020-09-11,3,6,9,0,2,2,15,15,30,49,19,68,120,65,185,247,112,359,507,208,715,615,461,1076,621,768,1389,177,492,669,2354,2148,4502
2020-09-12,3,6,9,0,2,2,15,15,30,49,19,68,120,65,185,248,114,362,509,212,721,619,462,1081,625,772,1397,177,498,675,2365,2165,4530
2020-09-13,3,6,9,0,2,2,15,15,30,49,19,68,121,65,186,248,114,362,513,214,727,624,464,1088,625,776,1401,177,499,676,2375,2174,4549
2020-09-14,3,6,9,0,2,2,16,15,31,50,19,69,121,65,186,250,114,364,516,215,731,630,470,1100,630,780,1410,178,501,679,2394,2187,4581
2020-09-15,3,6,9,0,2,2,16,15,31,50,19,69,121,65,186,252,116,368,519,216,735,635,472,1107,636,783,1419,179,504,683,2411,2198,4609
2020-09-16,3,6,9,1,2,3,16,15,31,51,19,70,121,65,186,252,117,369,524,218,742,638,476,1114,639,789,1428,180,508,688,2425,2215,4640
2020-09-17,3,6,9,1,2,3,16,15,31,51,19,70,121,65,186,252,117,369,527,219,746,645,478,1123,643,793,1436,181,512,693,2440,2226,4666
2020-09-18,3,6,9,1,2,3,17,16,33,52,19,71,121,67,188,252,117,369,530,220,750,646,482,1128,648,797,1445,181,515,696,2451,2241,4692
2020-09-19,3,6,9,1,2,3,17,16,33,52,19,71,121,67,188,253,118,371,532,222,754,650,484,1134,650,802,1452,181,518,699,2460,2254,4714
2020-09-20,3,6,9,1,2,3,17,16,33,52,19,71,124,67,191,254,118,372,535,223,758,651,487,1138,652,804,1456,181,520,701,2470,2262,4732
2020-09-21,3,6,9,1,2,3,17,16,33,52,19,71,125,67,192,254,118,372,537,223,760,657,491,1148,653,809,1462,181,521,702,2480,2272,4752
2020-09-22,3,6,9,1,2,3,17,16,33,52,19,71,125,67,192,255,119,374,539,226,765,660,492,1152,658,814,1472,182,524,706,2492,2285,4777
2020-09-23,3,6,9,1,2,3,17,16,33,52,19,71,125,68,193,259,119,378,541,229,770,665,496,1161,660,818,1478,183,526,709,2506,2299,4805
2020-09-24,3,6,9,1,2,3,17,16,33,52,19,71,125,68,193,261,120,381,544,229,773,666,498,1164,665,823,1488,184,527,711,2518,2308,4826
2020-09-25,3,6,9,1,2,3,17,16,33,52,20,72,125,69,194,263,120,383,548,230,778,672,505,1177,667,826,1493,186,533,719,2534,2327,4861
2020-09-26,3,6,9,1,2,3,17,16,33,52,20,72,125,69,194,263,120,383,549,231,780,677,507,1184,671,830,1501,187,533,720,2545,2334,4879
2020-09-27,3,6,9,1,2,3,17,16,33,52,20,72,125,69,194,263,120,383,551,232,783,681,511,1192,674,834,1508,188,535,723,2555,2345,4900
2020-09-28,3,6,9,1,2,3,17,16,33,52,20,72,125,71,196,265,120,385,557,233,790,684,512,1196,682,836,1518,189,535,724,2575,2351,4926
2020-09-29,3,6,9,1,2,3,17,16,33,53,20,73,125,71,196,266,120,386,562,234,796,686,516,1202,686,841,1527,189,537,726,2588,2363,4951
2020-09-30,3,6,9,1,2,3,18,16,34,53,20,73,125,72,197,266,120,386,567,236,803,691,516,1207,690,845,1535,191,540,731,2605,2373,4978
2020-10-01,4,6,10,1,2,3,18,16,34,53,20,73,126,72,198,267,120,387,573,240,813,694,520,1214,692,848,1540,192,542,734,2620,2386,5006
2020-10-02,4,6,10,1,2,3,18,16,34,53,20,73,126,73,199,268,120,388,576,242,818,697,526,1223,694,851,1545,194,544,738,2631,2400,5031
2020-10-03,4,6,10,1,2,3,19,16,35,53,20,73,126,73,199,268,120,388,577,242,819,701,526,1227,694,853,1547,195,544,739,2638,2402,5040
2020-10-04,4,6,10,1,2,3,19,16,35,53,20,73,128,73,201,269,120,389,578,242,820,703,528,1231,697,854,1551,195,545,740,2647,2406,5053
2020-10-05,4,6,10,1,2,3,19,16,35,53,20,73,130,73,203,270,120,390,581,244,825,706,531,1237,700,859,1559,195,547,742,2659,2418,5077
2020-10-06,4,6,10,1,2,3,19,16,35,53,20,73,130,74,204,270,120,390,582,245,827,708,532,1240,707,861,1568,196,547,743,2670,2423,5093
2020-10-07,4,6,10,1,2,3,19,16,35,53,20,73,130,74,204,270,120,390,583,245,828,709,537,1246,711,865,1576,196,548,744,2676,2433,5109
2020-10-08,4,6,10,1,2,3,19,16,35,53,20,73,130,74,204,270,120,390,586,246,832,712,544,1256,716,870,1586,197,550,747,2688,2448,5136
2020-10-09,4,6,10,1,2,3,19,16,35,53,20,73,131,74,205,273,121,394,589,247,836,716,545,1261,721,874,1595,197,551,748,2704,2456,5160
2020-10-10,4,6,10,1,2,3,19,16,35,53,20,73,133,74,207,273,121,394,591,247,838,720,548,1268,724,876,1600,197,551,748,2715,2461,5176
2020-10-11,4,6,10,1,2,3,19,16,35,54,20,74,134,75,209,274,121,395,591,248,839,722,551,1273,726,877,1603,198,551,749,2723,2467,5190
2020-10-12,4,6,10,1,2,3,19,16,35,54,20,74,135,75,210,276,121,397,592,249,841,725,552,1277,728,879,1607,198,551,749,2732,2471,5203
2020-10-13,4,6,10,1,2,3,19,16,35,54,20,74,135,75,210,279,121,400,596,251,847,728,553,1281,731,885,1616,198,551,749,2745,2480,5225
2020-10-14,4,6,10,1,2,3,20,16,36,54,20,74,136,75,211,281,121,402,597,252,849,731,557,1288,734,888,1622,199,553,752,2757,2490,5247
2020-10-15,4,6,10,1,2,3,20,16,36,54,20,74,138,75,213,281,123,404,598,253,851,734,558,1292,737,891,1628,199,554,753,2766,2498,5264
2020-10-16,4,6,10,1,2,3,20,16,36,54,20,74,139,75,214,282,123,405,601,255,856,736,559,1295,741,894,1635,200,560,760,2778,2510,5288
2020-10-17,4,6,10,1,2,3,20,17,37,54,20,74,139,77,216,282,124,406,604,256,860,739,560,1299,746,894,1640,201,562,763,2790,2518,5308
2020-10-18,4,6,10,1,2,3,21,17,38,55,20,75,139,77,216,283,124,407,604,257,861,741,561,1302,746,895,1641,201,563,764,2795,2522,5317
2020-10-19,4,7,11,1,2,3,21,17,38,55,20,75,140,77,217,283,124,407,604,258,862,744,564,1308,746,898,1644,201,563,764,2799,2530,5329
2020-10-20,4,7,11,1,2,3,21,17,38,56,20,76,140,78,218,284,124,408,605,259,864,746,565,1311,752,900,1652,202,563,765,2811,2535,5346
2020-10-21,4,7,11,1,2,3,21,17,38,56,20,76,140,78,218,285,125,410,608,261,869,748,565,1313,753,900,1653,202,563,765,2818,2538,5356
2020-10-22,4,7,11,1,2,3,21,17,38,56,20,76,140,78,218,286,125,411,608,262,870,750,567,1317,754,901,1655,202,563,765,2822,2542,5364
2020-10-23,4,7,11,1,2,3,21,17,38,56,20,76,140,78,218,287,125,412,611,264,875,752,571,1323,757,904,1661,203,564,767,2832,2552,5384
2020-10-24,4,7,11,1,2,3,21,17,38,56,20,76,140,78,218,289,125,414,613,264,877,753,574,1327,757,906,1663,203,565,768,2837,2558,5395
2020-10-25,4,7,11,1,2,3,21,17,38,57,20,77,140,78,218,289,125,414,614,265,879,754,574,1328,758,908,1666,203,566,769,2841,2562,5403
2020-10-26,4,7,11,1,2,3,21,17,38,57,20,77,140,78,218,290,125,415,618,265,883,756,577,1333,762,911,1673,205,567,772,2854,2569,5423
2020-10-27,4,7,11,1,2,3,21,17,38,57,20,77,140,79,219,293,126,419,619,266,885,758,579,1337,765,914,1679,206,567,773,2864,2577,5441
2020-10-28,4,7,11,1,2,3,22,17,39,57,20,77,140,79,219,294,126,420,621,266,887,759,579,1338,768,915,1683,207,568,775,2873,2579,5452
2020-10-29,4,7,11,1,2,3,22,17,39,58,20,78,140,79,219,294,127,421,622,266,888,761,579,1340,770,916,1686,207,568,775,2879,2581,5460
2020-10-30,4,7,11,1,2,3,22,17,39,58,20,78,140,79,219,294,128,422,624,267,891,762,579,1341,772,917,1689,208,569,777,2885,2585,5470
2020-10-31,4,7,11,1,2,3,22,17,39,58,20,78,140,79,219,294,128,422,625,267,892,763,580,1343,772,917,1689,208,569,777,2887,2586,5473
2020-11-01,4,7,11,1,2,3,22,17,39,58,20,78,140,79,219,294,128,422,625,267,892,763,581,1344,774,918,1692,208,569,777,2889,2588,5477
2020-11-02,4,7,11,1,2,3,22,17,39,58,20,78,140,79,219,295,128,423,625,267,892,763,581,1344,774,918,1692,208,570,778,2890,2589,5479
2020-11-03,4,7,11,1,2,3,22,17,39,58,20,78,140,79,219,295,128,423,625,268,893,764,584,1348,774,920,1694,208,571,779,2891,2596,5487
2020-11-04,4,7,11,1,2,3,22,17,39,58,20,78,140,79,219,295,129,424,626,268,894,765,586,1351,775,921,1696,208,572,780,2894,2601,5495
2020-11-05,4,7,11,1,3,4,22,17,39,58,20,78,140,79,219,295,129,424,629,268,897,767,587,1354,775,922,1697,209,572,781,2900,2604,5504
2020-11-06,4,7,11,1,3,4,22,17,39,58,20,78,140,80,220,295,129,424,632,268,900,770,588,1358,778,924,1702,209,573,782,2909,2609,5518
2020-11-07,4,7,11,1,3,4,22,17,39,58,20,78,140,80,220,295,129,424,632,270,902,770,589,1359,780,924,1704,209,573,782,2911,2612,5523
2020-11-08,4,7,11,1,3,4,22,17,39,58,20,78,140,80,220,295,129,424,633,270,903,771,589,1360,782,925,1707,210,573,783,2916,2613,5529
2020-11-09,4,7,11,1,3,4,22,18,40,58,20,78,140,80,220,295,129,424,634,271,905,777,590,1367,783,931,1714,210,574,784,2924,2623,5547
2020-11-10,4,7,11,1,3,4,22,18,40,58,20,78,140,80,220,296,129,425,637,271,908,778,597,1375,783,934,1717,210,574,784,2929,2633,5562
2020-11-11,4,7,11,1,3,4,22,18,40,58,20,78,140,80,220,298,130,428,637,272,909,779,598,1377,783,936,1719,211,575,786,2933,2639,5572
2020-11-12,4,7,11,1,3,4,22,18,40,58,20,78,140,80,220,298,130,428,639,272,911,779,598,1377,783,936,1719,211,577,788,2935,2641,5576
2020-11-13,4,7,11,1,3,4,22,18,40,58,20,78,140,80,220,299,130,429,640,272,912,782,598,1380,784,939,1723,212,578,790,2942,2645,5587
2020-11-14,4,7,11,1,3,4,22,18,40,58,20,78,140,80,220,300,130,430,641,272,913,784,598,1382,786,941,1727,212,578,790,2948,2647,5595
2020-11-15,4,7,11,1,3,4,22,18,40,58,20,78,140,80,220,300,130,430,643,272,915,785,599,1384,787,943,1730,213,578,791,2953,2650,5603
2020-11-16,4,7,11,1,3,4,22,18,40,58,20,78,140,80,220,300,130,430,645,272,917,786,600,1386,791,945,1736,213,579,792,2960,2654,5614
2020-11-17,4,7,11,1,3,4,22,18,40,58,20,78,140,80,220,302,130,432,648,272,920,787,600,1387,793,950,1743,213,579,792,2968,2659,5627
2020-11-18,4,7,11,1,3,4,22,18,40,58,20,78,140,80,220,302,130,432,649,272,921,790,600,1390,795,950,1745,213,580,793,2974,2660,5634
2020-11-19,4,7,11,1,3,4,22,18,40,58,20,78,140,81,221,302,130,432,649,272,921,792,600,1392,796,951,1747,213,581,794,2977,2663,5640
2020-11-20,4,7,11,1,3,4,22,18,40,58,20,78,140,81,221,302,130,432,650,272,922,793,601,1394,800,952,1752,213,581,794,2983,2665,5648
2020-11-21,4,7,11,1,3,4,22,18,40,58,20,78,140,81,221,302,130,432,650,272,922,794,601,1395,801,953,1754,213,581,794,2985,2666,5651
2020-11-22,4,7,11,1,3,4,22,18,40,58,20,78,140,81,221,303,130,433,652,272,924,795,603,1398,802,954,1756,213,582,795,2990,2670,5660
2020-11-23,4,7,11,1,3,4,22,18,40,58,20,78,140,81,221,303,130,433,652,272,924,797,605,1402,802,956,1758,213,583,796,2992,2675,5667
2020-11-24,4,7,11,1,3,4,22,18,40,58,20,78,140,81,221,303,130,433,654,272,926,798,605,1403,804,956,1760,213,584,797,2997,2676,5673
2020-11-25,4,7,11,1,3,4,22,18,40,58,20,78,142,81,223,303,130,433,655,273,928,799,606,1405,806,957,1763,213,585,798,3003,2680,5683
2020-11-26,4,7,11,1,3,4,23,18,41,59,20,79,142,81,223,303,130,433,656,273,929,799,606,1405,807,957,1764,214,586,800,3008,2681,5689
2020-11-27,4,7,11,1,3,4,23,18,41,59,20,79,142,81,223,304,130,434,657,273,930,800,608,1408,807,957,1764,215,588,803,3012,2685,5697
2020-11-28,4,7,11,1,3,4,23,18,41,59,20,79,143,81,224,304,130,434,658,273,931,800,609,1409,808,958,1766,215,588,803,3015,2687,5702
2020-11-29,4,7,11,1,3,4,23,18,41,59,20,79,143,81,224,304,130,434,659,273,932,801,609,1410,808,959,1767,216,588,804,3018,2688,5706
2020-11-30,4,7,11,1,3,4,23,18,41,59,20,79,143,81,224,304,130,434,659,273,932,802,610,1412,808,960,1768,216,589,805,3019,2691,5710
2020-12-01,4,7,11,1,3,4,23,18,41,59,20,79,143,81,224,305,130,435,659,274,933,802,611,1413,809,960,1769,216,589,805,3021,2693,5714
2020-12-02,4,7,11,1,3,4,23,18,41,59,20,79,143,81,224,305,130,435,661,276,937,802,613,1415,810,962,1772,216,594,810,3024,2704,5728
2020-12-03,4,7,11,1,3,4,23,18,41,59,20,79,143,81,224,306,130,436,662,276,938,803,615,1418,812,962,1774,216,594,810,3029,2706,5735
2020-12-04,4,7,11,1,3,4,23,18,41,59,20,79,143,81,224,306,130,436,664,276,940,804,616,1420,816,963,1779,216,594,810,3036,2708,5744
2020-12-05,4,7,11,1,3,4,23,18,41,59,20,79,143,81,224,306,130,436,664,276,940,804,619,1423,821,963,1784,216,594,810,3041,2711,5752
2020-12-06,4,7,11,1,3,4,23,18,41,59,20,79,143,81,224,306,130,436,665,276,941,805,621,1426,822,963,1785,216,594,810,3044,2713,5757
2020-12-07,4,7,11,1,3,4,23,18,41,59,20,79,143,81,224,307,130,437,666,277,943,807,622,1429,824,964,1788,216,594,810,3050,2716,5766
2020-12-08,4,7,11,1,3,4,23,18,41,59,20,79,143,81,224,308,130,438,668,278,946,808,626,1434,825,964,1789,217,595,812,3056,2722,5778
2020-12-09,4,7,11,1,3,4,23,18,41,59,21,80,143,81,224,308,130,438,670,279,949,808,626,1434,825,964,1789,217,595,812,3058,2724,5782
2020-12-10,4,7,11,1,3,4,23,18,41,59,21,80,143,81,224,310,130,440,672,279,951,810,630,1440,826,966,1792,217,597,814,3065,2732,5797
2020-12-11,4,7,11,1,3,4,23,18,41,59,21,80,143,81,224,310,131,441,673,279,952,810,631,1441,827,969,1796,217,598,815,3067,2738,5805
2020-12-12,4,7,11,1,3,4,23,18,41,59,21,80,143,81,224,310,132,442,673,279,952,812,631,1443,828,969,1797,217,598,815,3070,2739,5809
2020-12-13,4,7,11,1,3,4,23,18,41,59,21,80,144,81,225,310,132,442,674,280,954,814,631,1445,831,969,1800,218,598,816,3078,2740,5818
2020-12-14,4,7,11,1,3,4,23,18,41,59,21,80,144,81,225,310,132,442,677,281,958,817,632,1449,832,970,1802,218,598,816,3085,2743,5828
2020-12-15,4,7,11,1,3,4,23,18,41,59,21,80,144,81,225,310,132,442,679,281,960,819,634,1453,833,971,1804,218,598,816,3090,2746,5836
2020-12-16,4,7,11,1,3,4,23,18,41,59,21,80,144,81,225,310,132,442,680,282,962,822,636,1458,836,974,1810,219,599,818,3098,2753,5851
2020-12-17,4,7,11,1,3,4,23,18,41,59,21,80,145,81,226,310,132,442,680,282,962,825,640,1465,836,974,1810,219,600,819,3102,2758,5860
2020-12-18,4,7,11,1,3,4,23,18,41,60,21,81,145,81,226,312,132,444,680,283,963,829,641,1470,836,977,1813,219,603,822,3109,2766,5875
2020-12-19,4,7,11,1,3,4,23,18,41,60,21,81,145,81,226,313,132,445,682,284,966,831,641,1472,836,979,1815,219,604,823,3114,2770,5884
2020-12-20,4,7,11,1,3,4,23,18,41,60,21,81,145,81,226,313,132,445,685,286,971,831,641,1472,837,979,1816,221,605,826,3120,2773,5893
2020-12-21,4,7,11,1,3,4,23,18,41,61,21,82,145,81,226,315,132,447,688,287,975,835,641,1476,839,983,1822,221,606,827,3132,2779,5911
2020-12-22,4,7,11,1,3,4,23,18,41,61,21,82,145,81,226,316,132,448,690,287,977,836,642,1478,839,984,1823,221,607,828,3136,2782,5918
2020-12-23,4,7,11,1,3,4,23,18,41,61,22,83,145,81,226,319,132,451,692,287,979,840,646,1486,842,987,1829,221,607,828,3148,2790,5938
2020-12-24,4,7,11,1,3,4,23,18,41,61,22,83,145,81,226,319,132,451,693,287,980,840,646,1486,843,988,1831,221,608,829,3150,2792,5942
2020-12-25,4,7,11,1,3,4,23,18,41,61,22,83,146,82,228,321,132,453,693,288,981,842,646,1488,843,988,1831,221,609,830,3155,2795,5950
2020-12-26,4,7,11,1,3,4,23,18,41,61,23,84,146,82,228,323,132,455,693,289,982,846,648,1494,845,991,1836,221,609,830,3163,2802,5965
2020-12-27,4,7,11,1,3,4,23,18,41,62,23,85,146,82,228,323,132,455,696,289,985,851,649,1500,846,992,1838,221,609,830,3173,2804,5977
2020-12-28,4,7,11,1,3,4,23,18,41,62,23,85,147,82,229,324,132,456,698,290,988,859,650,1509,851,997,1848,222,610,832,3191,2812,6003
2020-12-29,4,7,11,1,3,4,23,18,41,62,23,85,147,82,229,324,133,457,703,291,994,862,652,1514,856,997,1853,223,611,834,3205,2817,6022
2020-12-30,4,7,11,1,3,4,23,18,41,62,23,85,147,82,229,326,133,459,703,292,995,866,655,1521,857,998,1855,223,611,834,3212,2822,6034
2020-12-31,4,7,11,1,3,4,23,18,41,62,23,85,147,82,229,327,133,460,704,293,997,869,657,1526,858,1000,1858,223,611,834,3218,2827,6045
2021-01-01,4,7,11,1,3,4,23,18,41,62,23,85,147,82,229,327,133,460,706,294,1000,872,659,1531,858,1000,1858,223,611,834,3223,2830,6053
2021-01-02,4,7,11,1,3,4,23,18,41,62,23,85,148,82,230,328,135,463,706,297,1003,872,659,1531,860,1001,1861,226,611,837,3230,2836,6066
2021-01-03,4,7,11,1,3,4,23,18,41,62,23,85,148,82,230,331,137,468,706,297,1003,873,660,1533,861,1003,1864,226,611,837,3235,2841,6076
2021-01-04,4,7,11,1,3,4,23,18,41,62,23,85,148,82,230,332,137,469,707,298,1005,880,660,1540,867,1011,1878,227,612,839,3251,2851,6102
2021-01-05,4,7,11,1,3,4,23,18,41,62,24,86,149,82,231,332,137,469,709,299,1008,881,660,1541,868,1013,1881,227,616,843,3256,2859,6115
2021-01-06,4,7,11,1,3,4,23,18,41,62,24,86,151,82,233,334,138,472,713,299,1012,887,662,1549,868,1016,1884,227,616,843,3270,2865,6135
2021-01-07,4,7,11,1,3,4,24,18,42,62,24,86,151,83,234,334,139,473,715,301,1016,891,664,1555,872,1018,1890,232,617,849,3286,2874,6160
2021-01-08,4,7,11,1,3,4,24,18,42,62,24,86,151,83,234,337,140,477,721,303,1024,894,667,1561,874,1021,1895,232,618,850,3300,2884,6184
2021-01-09,4,7,11,1,3,4,24,18,42,62,24,86,152,83,235,338,141,479,721,303,1024,897,670,1567,874,1024,1898,232,619,851,3305,2892,6197
2021-01-10,4,7,11,1,3,4,24,18,42,62,24,86,152,83,235,340,141,481,724,305,1029,900,670,1570,876,1025,1901,232,619,851,3315,2895,6210
2021-01-11,4,7,11,1,3,4,24,18,42,62,25,87,153,83,236,343,141,484,729,305,1034,905,671,1576,877,1028,1905,232,622,854,3330,2903,6233
2021-01-12,4,7,11,1,3,4,24,18,42,62,25,87,153,83,236,344,141,485,734,307,1041,910,672,1582,879,1032,1911,232,624,856,3343,2912,6255
2021-01-13,4,7,11,1,3,4,24,18,42,62,25,87,153,83,236,349,144,493,737,308,1045,913,673,1586,882,1034,1916,233,625,858,3358,2920,6278
2021-01-14,4,7,11,1,3,4,24,18,42,62,25,87,153,83,236,352,144,496,741,310,1051,917,676,1593,887,1034,1921,235,625,860,3376,2925,6301
2021-01-15,4,7,11,1,3,4,24,18,42,63,25,88,153,84,237,352,144,496,743,311,1054,919,679,1598,891,1036,1927,235,625,860,3385,2932,6317
2021-01-16,4,7,11,1,3,4,24,18,42,63,25,88,153,84,237,352,144,496,743,312,1055,921,681,1602,892,1038,1930,235,625,860,3388,2937,6325
2021-01-17,4,7,11,1,3,4,24,18,42,63,26,89,153,84,237,352,144,496,745,312,1057,927,681,1608,895,1039,1934,235,625,860,3399,2939,6338
2021-01-18,4,7,11,1,3,4,24,18,42,63,26,89,153,84,237,352,144,496,749,315,1064,929,683,1612,897,1044,1941,236,626,862,3408,2950,6358
2021-01-19,4,7,11,1,3,4,24,18,42,63,26,89,153,84,237,355,144,499,750,315,1065,932,685,1617,902,1048,1950,236,628,864,3420,2958,6378
2021-01-20,4,7,11,1,3,4,24,18,42,63,27,90,153,84,237,357,144,501,754,316,1070,936,685,1621,906,1052,1958,236,632,868,3434,2968,6402
2021-01-21,4,7,11,1,3,4,24,18,42,63,27,90,154,84,238,360,145,505,758,318,1076,940,687,1627,910,1058,1968,237,633,870,3451,2980,6431
2021-01-22,4,7,11,1,3,4,24,18,42,63,27,90,154,84,238,360,145,505,762,320,1082,941,688,1629,911,1061,1972,238,634,872,3458,2987,6445
2021-01-23,4,7,11,1,3,4,25,18,43,63,27,90,154,84,238,360,145,505,762,320,1082,947,694,1641,912,1063,1975,238,634,872,3466,2995,6461
2021-01-24,4,7,11,1,3,4,25,18,43,63,27,90,154,84,238,360,145,505,763,321,1084,949,696,1645,913,1063,1976,238,634,872,3470,2998,6468
2021-01-25,4,7,11,1,3,4,25,18,43,63,28,91,154,84,238,361,145,506,764,321,1085,953,698,1651,915,1066,1981,239,635,874,3479,3005,6484
2021-01-26,4,7,11,1,3,4,25,18,43,63,28,91,155,84,239,362,146,508,767,322,1089,954,701,1655,919,1069,1988,239,637,876,3489,3015,6504
2021-01-27,4,7,11,1,3,4,25,18,43,63,28,91,156,84,240,362,146,508,768,323,1091,957,703,1660,922,1073,1995,240,637,877,3498,3022,6520
2021-01-28,4,7,11,1,3,4,25,18,43,63,28,91,156,84,240,362,146,508,768,325,1093,959,704,1663,924,1074,1998,240,638,878,3502,3027,6529
2021-01-29,4,7,11,1,3,4,25,18,43,63,28,91,156,85,241,363,146,509,770,325,1095,963,704,1667,926,1078,2004,242,639,881,3513,3033,6546
2021-01-30,4,7,11,1,3,4,25,18,43,63,28,91,156,85,241,365,146,511,772,327,1099,963,706,1669,926,1079,2005,243,639,882,3518,3038,6556
2021-01-31,4,7,11,1,3,4,25,18,43,63,28,91,156,85,241,366,146,512,772,328,1100,969,707,1676,926,1080,2006,243,640,883,3525,3042,6567
2021-02-01,4,7,11,1,3,4,25,18,43,63,28,91,156,85,241,367,147,514,775,330,1105,974,711,1685,928,1082,2010,243,641,884,3536,3052,6588
2021-02-02,4,7,11,1,3,4,25,18,43,63,28,91,156,85,241,368,149,517,777,332,1109,976,714,1690,930,1087,2017,243,643,886,3543,3066,6609
2021-02-03,4,7,11,1,3,4,25,18,43,64,28,92,157,85,242,369,150,519,779,333,1112,978,715,1693,934,1088,2022,244,643,887,3555,3070,6625
2021-02-04,4,7,11,1,3,4,25,18,43,64,28,92,158,86,244,370,150,520,786,336,1122,983,718,1701,938,1091,2029,244,644,888,3573,3081,6654
2021-02-05,4,7,11,1,3,4,25,18,43,64,28,92,158,86,244,371,150,521,788,337,1125,986,720,1706,940,1093,2033,244,645,889,3581,3087,6668
2021-02-06,4,7,11,1,3,4,25,18,43,64,28,92,158,88,246,371,150,521,790,339,1129,990,721,1711,942,1093,2035,244,646,890,3589,3093,6682
2021-02-07,4,7,11,1,3,4,25,18,43,64,28,92,158,88,246,371,151,522,791,341,1132,995,722,1717,946,1095,2041,244,647,891,3599,3100,6699
2021-02-08,4,7,11,1,3,4,25,18,43,64,28,92,158,88,246,375,151,526,794,341,1135,1000,731,1731,948,1100,2048,244,647,891,3613,3114,6727
2021-02-09,4,7,11,1,3,4,25,18,43,64,28,92,159,88,247,375,151,526,795,343,1138,1001,734,1735,951,1101,2052,244,647,891,3619,3120,6739
2021-02-10,4,7,11,1,3,4,25,18,43,65,28,93,159,88,247,376,152,528,796,344,1140,1003,736,1739,951,1105,2056,245,647,892,3625,3128,6753
2021-02-11,4,7,11,1,3,4,25,18,43,65,28,93,159,88,247,376,152,528,798,345,1143,1007,737,1744,952,1105,2057,246,648,894,3633,3131,6764
2021-02-12,4,7,11,1,3,4,25,18,43,65,28,93,160,88,248,377,153,530,799,347,1146,1010,742,1752,955,1109,2064,247,648,895,3643,3143,6786
2021-02-13,4,7,11,1,3,4,25,18,43,65,28,93,160,89,249,377,153,530,800,347,1147,1014,745,1759,956,1112,2068,247,649,896,3649,3151,6800
2021-02-14,4,7,11,1,3,4,25,18,43,65,28,93,160,89,249,377,153,530,801,348,1149,1017,748,1765,956,1113,2069,247,649,896,3653,3156,6809
2021-02-15,4,7,11,1,3,4,25,18,43,66,28,94,161,89,250,377,153,530,803,348,1151,1018,748,1766,958,1114,2072,247,650,897,3660,3158,6818
2021-02-16,4,7,11,1,3,4,25,18,43,66,28,94,161,89,250,377,153,530,803,349,1152,1021,748,1769,960,1117,2077,247,654,901,3665,3166,6831
2021-02-17,4,7,11,1,3,4,25,18,43,66,28,94,161,89,250,377,153,530,804,349,1153,1023,748,1771,963,1119,2082,247,654,901,3671,3168,6839
2021-02-18,4,7,11,1,3,4,25,18,43,67,28,95,161,89,250,378,154,532,808,350,1158,1025,749,1774,963,1121,2084,247,654,901,3679,3173,6852
2021-02-19,4,7,11,1,3,4,25,18,43,67,28,95,161,89,250,380,156,536,809,351,1160,1027,749,1776,963,1121,2084,247,654,901,3684,3176,6860
2021-02-20,4,7,11,1,3,4,25,18,43,67,28,95,162,89,251,380,156,536,810,351,1161,1028,751,1779,964,1122,2086,248,655,903,3689,3180,6869
2021-02-21,4,7,11,1,3,4,25,18,43,67,29,96,162,89,251,380,156,536,812,351,1163,1029,752,1781,966,1123,2089,248,656,904,3694,3184,6878
2021-02-22,4,7,11,1,3,4,25,18,43,67,29,96,162,89,251,381,156,537,814,352,1166,1031,754,1785,968,1125,2093,250,656,906,3703,3189,6892
2021-02-23,4,7,11,1,3,4,25,18,43,67,29,96,162,89,251,382,156,538,815,352,1167,1032,756,1788,971,1127,2098,251,656,907,3710,3193,6903
2021-02-24,4,7,11,1,3,4,25,18,43,67,30,97,162,89,251,383,156,539,816,353,1169,1034,757,1791,973,1127,2100,251,659,910,3716,3199,6915
2021-02-25,4,7,11,1,3,4,25,18,43,67,30,97,162,89,251,384,156,540,818,353,1171,1036,759,1795,974,1128,2102,252,659,911,3723,3202,6925
2021-02-26,4,7,11,1,3,4,25,18,43,67,30,97,162,89,251,385,156,541,818,354,1172,1040,760,1800,975,1133,2108,254,660,914,3731,3210,6941
2021-02-27,4,7,11,1,3,4,25,18,43,67,30,97,162,89,251,387,156,543,818,354,1172,1041,762,1803,981,1136,2117,254,661,915,3740,3216,6956
2021-02-28,4,7,11,1,3,4,25,18,43,67,30,97,162,89,251,388,156,544,819,354,1173,1041,762,1803,981,1137,2118,254,661,915,3742,3217,6959
2021-03-01,4,7,11,1,3,4,25,18,43,67,30,97,162,89,251,389,156,545,820,354,1174,1043,766,1809,982,1141,2123,254,661,915,3747,3225,6972
2021-03-02,4,7,11,1,3,4,25,18,43,68,30,98,162,89,251,389,156,545,821,355,1176,1046,767,1813,984,1141,2125,254,661,915,3754,3227,6981
2021-03-03,4,7,11,1,3,4,25,18,43,68,30,98,163,89,252,389,156,545,822,356,1178,1047,768,1815,987,1141,2128,254,661,915,3760,3229,6989
2021-03-04,4,7,11,1,3,4,25,18,43,68,30,98,163,89,252,390,156,546,823,357,1180,1050,769,1819,989,1141,2130,254,661,915,3767,3231,6998
2021-03-05,4,7,11,1,3,4,25,18,43,68,30,98,164,89,253,391,156,547,825,357,1182,1052,770,1822,989,1143,2132,254,661,915,3773,3234,7007
2021-03-06,4,7,11,1,3,4,25,19,44,68,30,98,164,89,253,391,156,547,826,357,1183,1053,770,1823,990,1143,2133,254,662,916,3776,3236,7012
2021-03-07,4,7,11,1,3,4,25,19,44,68,30,98,164,89,253,391,156,547,827,359,1186,1055,770,1825,991,1143,2134,254,663,917,3780,3239,7019
2021-03-08,4,7,11,1,3,4,25,19,44,68,30,98,164,89,253,391,158,549,829,359,1188,1057,770,1827,994,1144,2138,255,663,918,3788,3242,7030
2021-03-09,4,7,11,1,3,4,25,19,44,68,30,98,164,89,253,393,158,551,831,361,1192,1060,770,1830,998,1147,2145,255,663,918,3799,3247,7046
2021-03-10,4,7,11,1,3,4,25,19,44,69,30,99,164,89,253,393,158,551,832,365,1197,1064,775,1839,998,1149,2147,255,664,919,3805,3259,7064
2021-03-11,4,7,11,1,3,4,25,19,44,69,30,99,164,89,253,394,158,552,835,366,1201,1067,775,1842,1001,1150,2151,255,665,920,3815,3262,7077
2021-03-12,4,7,11,1,3,4,25,19,44,69,30,99,164,90,254,395,159,554,837,366,1203,1073,778,1851,1002,1154,2156,255,670,925,3825,3276,7101
2021-03-13,4,7,11,1,3,4,25,19,44,69,30,99,164,90,254,395,159,554,838,366,1204,1076,781,1857,1004,1154,2158,255,670,925,3831,3279,7110
2021-03-14,4,7,11,1,3,4,25,19,44,69,30,99,165,90,255,395,159,554,839,366,1205,1078,782,1860,1007,1155,2162,255,670,925,3838,3281,7119
2021-03-15,4,7,11,1,3,4,25,19,44,69,30,99,165,90,255,396,159,555,840,369,1209,1080,782,1862,1007,1158,2165,255,672,927,3842,3289,7131
2021-03-16,4,7,11,1,3,4,25,19,44,69,30,99,165,90,255,397,159,556,841,370,1211,1082,782,1864,1008,1162,2170,256,672,928,3848,3294,7142
2021-03-17,4,7,11,1,3,4,25,19,44,69,30,99,165,90,255,397,159,556,843,370,1213,1085,784,1869,1009,1163,2172,256,674,930,3854,3299,7153
2021-03-18,4,7,11,1,3,4,25,19,44,69,30,99,166,90,256,398,159,557,843,371,1214,1086,790,1876,1010,1165,2175,256,676,932,3858,3310,7168
2021-03-19,4,7,11,1,3,4,25,19,44,69,30,99,167,90,257,399,160,559,846,374,1220,1086,794,1880,1011,1167,2178,256,676,932,3864,3320,7184
2021-03-20,4,7,11,1,3,4,26,19,45,69,30,99,168,90,258,399,161,560,848,374,1222,1088,794,1882,1012,1168,2180,256,676,932,3871,3322,7193
2021-03-21,4,7,11,1,3,4,26,19,45,69,30,99,168,90,258,401,161,562,849,374,1223,1091,796,1887,1014,1170,2184,256,676,932,3879,3326,7205
2021-03-22,4,7,11,1,3,4,26,19,45,69,30,99,168,90,258,401,161,562,850,374,1224,1092,796,1888,1019,1173,2192,257,677,934,3887,3330,7217
2021-03-23,4,7,11,1,3,4,26,19,45,69,30,99,169,90,259,402,162,564,852,374,1226,1096,798,1894,1020,1174,2194,257,678,935,3896,3335,7231
2021-03-24,4,7,11,1,3,4,26,19,45,69,30,99,170,90,260,402,162,564,853,374,1227,1099,798,1897,1022,1174,2196,258,679,937,3904,3336,7240
2021-03-25,4,7,11,1,3,4,26,19,45,70,30,100,170,90,260,402,162,564,854,376,1230,1103,800,1903,1024,1178,2202,258,679,937,3912,3344,7256
2021-03-26,4,7,11,1,3,4,26,19,45,70,30,100,171,90,261,403,163,566,856,379,1235,1106,802,1908,1029,1179,2208,258,680,938,3924,3352,7276
2021-03-27,4,7,11,1,3,4,26,19,45,70,30,100,171,91,262,405,163,568,858,380,1238,1112,804,1916,1035,1183,2218,259,680,939,3941,3360,7301
2021-03-28,4,7,11,1,3,4,26,19,45,70,31,101,171,91,262,407,164,571,858,380,1238,1116,805,1921,1035,1183,2218,259,680,939,3947,3363,7310
2021-03-29,4,7,11,1,3,4,26,19,45,70,31,101,171,91,262,410,165,575,862,382,1244,1126,807,1933,1038,1186,2224,260,683,943,3968,3374,7342
2021-03-30,4,7,11,1,3,4,26,19,45,70,32,102,172,91,263,410,166,576,866,382,1248,1131,808,1939,1038,1190,2228,262,683,945,3980,3381,7361
2021-03-31,4,7,11,1,3,4,26,19,45,70,32,102,172,92,264,411,166,577,869,383,1252,1136,814,1950,1039,1190,2229,262,683,945,3990,3389,7379
2021-04-01,4,7,11,1,3,4,26,19,45,70,33,103,172,92,264,413,167,580,874,383,1257,1138,816,1954,1040,1191,2231,263,683,946,4001,3394,7395
2021-04-02,4,7,11,1,3,4,26,19,45,70,33,103,174,92,266,415,168,583,877,385,1262,1140,819,1959,1041,1193,2234,263,683,946,4011,3402,7413
2021-04-03,4,7,11,1,3,4,26,19,45,70,33,103,174,92,266,417,168,585,879,387,1266,1149,821,1970,1041,1193,2234,265,683,948,4026,3406,7432
2021-04-04,4,7,11,1,3,4,27,19,46,70,33,103,174,93,267,417,168,585,880,388,1268,1152,822,1974,1042,1194,2236,266,683,949,4033,3410,7443
2021-04-05,4,7,11,1,3,4,27,19,46,70,33,103,175,94,269,418,169,587,883,391,1274,1154,825,1979,1045,1199,2244,266,684,950,4043,3424,7467
2021-04-06,4,7,11,1,3,4,27,19,46,70,33,103,176,94,270,420,169,589,884,392,1276,1158,828,1986,1049,1200,2249,268,686,954,4057,3431,7488
2021-04-07,4,7,11,1,3,4,27,19,46,70,33,103,176,94,270,422,171,593,885,396,1281,1160,830,1990,1050,1201,2251,268,687,955,4063,3441,7504
2021-04-08,4,7,11,1,3,4,27,19,46,70,33,103,177,94,271,422,171,593,885,398,1283,1164,832,1996,1053,1201,2254,268,689,957,4071,3447,7518
2021-04-09,4,7,11,1,3,4,27,19,46,70,33,103,177,94,271,422,171,593,886,400,1286,1165,833,1998,1055,1203,2258,268,690,958,4075,3453,7528
2021-04-10,4,7,11,1,3,4,27,19,46,70,33,103,177,94,271,425,171,596,887,400,1287,1168,833,2001,1055,1203,2258,269,691,960,4083,3454,7537
2021-04-11,4,7,11,1,3,4,27,20,47,70,33,103,177,94,271,425,172,597,887,401,1288,1168,834,2002,1056,1205,2261,270,691,961,4085,3460,7545
2021-04-12,4,7,11,1,3,4,27,20,47,70,33,103,177,94,271,426,173,599,888,401,1289,1171,838,2009,1057,1206,2263,270,691,961,4091,3466,7557
2021-04-13,4,7,11,1,3,4,27,20,47,70,33,103,177,94,271,426,174,600,889,401,1290,1174,839,2013,1057,1209,2266,270,693,963,4095,3473,7568
2021-04-14,5,7,12,1,3,4,27,20,47,70,33,103,177,94,271,428,174,602,889,405,1294,1175,842,2017,1057,1210,2267,270,694,964,4099,3482,7581
2021-04-15,5,7,12,1,3,4,27,20,47,70,33,103,177,94,271,428,175,603,890,406,1296,1177,843,2020,1058,1211,2269,270,695,965,4103,3487,7590
2021-04-16,5,7,12,1,3,4,27,20,47,70,33,103,177,94,271,428,175,603,890,408,1298,1180,843,2023,1060,1212,2272,270,695,965,4108,3490,7598
2021-04-17,5,7,12,1,3,4,27,20,47,70,33,103,177,94,271,428,175,603,890,408,1298,1180,843,2023,1061,1213,2274,270,695,965,4109,3491,7600
2021-04-18,5,7,12,1,3,4,27,20,47,70,33,103,177,94,271,428,175,603,890,408,1298,1181,843,2024,1062,1215,2277,270,696,966,4111,3494,7605
2021-04-19,5,7,12,1,3,4,27,20,47,70,33,103,177,94,271,428,175,603,891,408,1299,1181,843,2024,1062,1217,2279,270,696,966,4112,3496,7608
2021-04-20,5,7,12,1,3,4,27,20,47,70,33,103,177,94,271,428,175,603,893,409,1302,1182,845,2027,1064,1218,2282,270,696,966,4117,3500,7617
2021-04-21,5,7,12,1,3,4,27,20,47,70,33,103,177,94,271,429,175,604,894,409,1303,1182,845,2027,1064,1220,2284,270,696,966,4119,3502,7621
2021-04-22,5,7,12,1,3,4,27,20,47,70,33,103,177,94,271,429,175,604,894,409,1303,1183,845,2028,1064,1220,2284,270,696,966,4120,3502,7622
2021-04-23,5,7,12,1,3,4,27,20,47,70,33,103,177,94,271,429,175,604,894,409,1303,1183,846,2029,1065,1221,2286,270,696,966,4121,3504,7625
