FECHA,<=10M,<=10F,<=10,11-20M,11-20F,11-20,21-30M,21-30F,21-30,31-40M,31-40F,31-40,41-50M,41-50F,41-50,51-60M,51-60F,51-60,61-70M,61-70F,61-70,71-80M,71-80F,71-80,81-90M,81-90F,81-90,>=91M,>=91F,>=91,TotalM,TotalF,Total,DelayCount,CumDelay,DelayAvg
2020-03-15,0,0,0,0,0,0,0,0,0,0,0,0,0,0,0,0,0,0,0,0,0,0,0,0,0,0,0,0,0,0,0,0,0,0,0,
2020-03-16,0,0,0,0,0,0,0,0,0,0,0,0,0,0,0,0,0,0,0,0,0,0,0,0,0,0,0,0,0,0,0,0,0,0,0,
2020-03-17,0,0,0,0,0,0,0,0,0,0,0,0,0,0,0,0,0,0,0,0,0,1,0,1,0,0,0,0,0,0,1,0,1,1,44,44.0
2020-03-18,0,0,0,0,0,0,0,0,0,0,0,0,0,0,0,0,0,0,0,0,0,0,0,0,0,0,0,0,0,0,0,0,0,0,0,
2020-03-19,0,0,0,0,0,0,0,0,0,0,0,0,0,0,0,0,0,0,0,0,0,0,0,0,0,0,0,0,0,0,0,0,0,0,0,
2020-03-20,0,0,0,0,0,0,0,0,0,0,0,0,0,0,0,0,0,0,0,0,0,0,0,0,0,1,1,0,0,0,0,1,1,1,5,5.0
2020-03-21,0,0,0,0,0,0,0,0,0,0,0,0,0,0,0,0,0,0,1,0,1,2,0,2,0,0,0,0,0,0,3,0,3,3,55,18.333333333333332
2020-03-22,0,0,0,0,0,0,0,0,0,0,0,0,0,0,0,0,0,0,0,0,0,1,0,1,0,0,0,0,0,0,1,0,1,1,52,52.0
2020-03-23,0,0,0,0,0,0,0,0,0,0,0,0,0,0,0,0,0,0,0,0,0,0,0,0,0,0,0,0,0,0,0,0,0,0,0,
2020-03-24,0,0,0,0,0,0,0,0,0,0,0,0,0,0,0,0,0,0,0,0,0,0,1,1,0,0,0,0,0,0,0,1,1,1,28,28.0
2020-03-25,0,0,0,0,0,0,0,0,0,0,0,0,0,0,0,0,0,0,1,0,1,0,0,0,1,2,3,0,1,1,2,3,5,5,40,8.0
2020-03-26,0,0,0,0,0,0,0,0,0,0,0,0,0,0,0,1,0,1,2,0,2,0,0,0,0,0,0,0,0,0,3,0,3,3,36,12.0
2020-03-27,0,0,0,0,0,0,0,0,0,0,0,0,0,0,0,1,0,1,1,0,1,0,0,0,0,0,0,0,0,0,2,0,2,2,52,26.0
2020-03-28,0,0,0,0,0,0,0,0,0,0,0,0,0,0,0,0,0,0,0,0,0,0,0,0,2,0,2,0,0,0,2,0,2,2,34,17.0
2020-03-29,0,0,0,0,0,0,0,0,0,0,0,0,0,0,0,0,0,0,0,0,0,0,0,0,0,0,0,0,0,0,0,0,0,0,0,
2020-03-30,0,0,0,0,0,0,0,0,0,0,0,0,1,0,1,0,0,0,1,0,1,2,0,2,0,0,0,0,1,1,4,1,5,5,105,21.0
2020-03-31,0,0,0,0,0,0,0,0,0,0,0,0,0,0,0,1,0,1,0,0,0,2,1,3,0,1,1,0,0,0,3,2,5,5,85,17.0
2020-04-01,0,0,0,0,0,0,0,0,0,0,0,0,0,0,0,0,0,0,2,0,2,0,0,0,0,0,0,0,0,0,2,0,2,2,42,21.0
2020-04-02,0,0,0,0,0,0,0,0,0,0,0,0,0,0,0,0,0,0,0,0,0,2,0,2,0,0,0,1,1,2,3,1,4,4,38,9.5
2020-04-03,0,0,0,0,0,0,0,0,0,0,0,0,0,0,0,0,1,1,0,1,1,1,0,1,0,1,1,0,0,0,1,3,4,4,60,15.0
2020-04-04,0,0,0,0,0,0,0,0,0,0,0,0,0,0,0,0,0,0,0,0,0,0,0,0,0,0,0,1,0,1,1,0,1,1,12,12.0
2020-04-05,0,0,0,0,0,0,0,0,0,0,0,0,0,1,1,0,0,0,0,0,0,2,0,2,0,0,0,0,0,0,2,1,3,3,5,1.6666666666666667
2020-04-06,0,0,0,0,0,0,0,0,0,0,0,0,0,0,0,0,0,0,1,0,1,0,1,1,0,0,0,0,0,0,1,1,2,2,24,12.0
2020-04-07,0,0,0,0,0,0,0,0,0,0,0,0,0,0,0,0,0,0,0,0,0,0,2,2,0,0,0,1,0,1,1,2,3,2,10,5.0
2020-04-08,0,0,0,0,0,0,0,0,0,0,0,0,0,0,0,1,0,1,0,0,0,1,1,2,0,0,0,0,0,0,2,1,3,3,28,9.333333333333334
2020-04-09,0,0,0,0,0,0,0,0,0,0,0,0,0,0,0,0,0,0,0,0,0,0,0,0,0,0,0,0,0,0,0,0,0,0,0,
2020-04-10,0,0,0,0,0,0,0,0,0,0,0,0,0,0,0,0,0,0,0,0,0,0,0,0,0,0,0,0,0,0,0,0,0,0,0,
2020-04-11,0,0,0,0,0,0,0,0,0,0,0,0,0,0,0,0,0,0,0,0,0,0,0,0,2,0,2,0,0,0,2,0,2,2,16,8.0
2020-04-12,0,0,0,0,0,0,0,0,0,0,0,0,0,0,0,0,0,0,0,0,0,0,0,0,0,0,0,0,0,0,0,0,0,0,0,
2020-04-13,0,0,0,0,0,0,0,0,0,0,0,0,0,0,0,0,0,0,0,0,0,0,0,0,0,0,0,0,0,0,0,0,0,0,0,
2020-04-14,0,0,0,0,0,0,0,0,0,0,0,0,0,0,0,0,0,0,1,0,1,2,1,3,0,0,0,0,0,0,3,1,4,4,41,10.25
2020-04-15,0,0,0,0,0,0,0,0,0,0,0,0,0,0,0,0,0,0,0,0,0,0,0,0,0,0,0,0,0,0,0,0,0,0,0,
2020-04-16,0,0,0,0,0,0,0,0,0,0,0,0,0,0,0,0,0,0,0,0,0,0,0,0,0,0,0,0,0,0,0,0,0,0,0,
2020-04-17,0,0,0,0,0,0,1,0,1,0,0,0,0,0,0,0,0,0,0,0,0,0,1,1,2,3,5,0,1,1,3,5,8,7,151,21.571428571428573
2020-04-18,0,0,0,0,0,0,0,0,0,0,0,0,1,0,1,0,0,0,0,0,0,0,1,1,1,2,3,0,2,2,2,5,7,7,104,14.857142857142858
2020-04-19,0,0,0,0,0,0,0,0,0,0,0,0,0,0,0,0,0,0,0,0,0,0,0,0,1,0,1,0,0,0,1,0,1,1,0,0.0
2020-04-20,0,0,0,0,0,0,0,0,0,0,0,0,1,0,1,0,0,0,0,0,0,0,0,0,1,0,1,0,1,1,2,1,3,3,32,10.666666666666666
2020-04-21,0,0,0,0,0,0,0,0,0,0,0,0,0,0,0,1,0,1,1,0,1,0,0,0,2,0,2,1,3,4,5,3,8,8,75,9.375
2020-04-22,0,0,0,0,0,0,0,0,0,1,0,1,0,0,0,0,0,0,1,0,1,1,3,4,1,2,3,1,3,4,5,8,13,13,165,12.692307692307692
2020-04-23,0,0,0,0,0,0,0,0,0,0,0,0,0,0,0,0,0,0,1,1,2,2,2,4,3,0,3,0,3,3,6,6,12,12,193,16.083333333333332
2020-04-24,0,0,0,0,0,0,0,0,0,0,0,0,0,0,0,0,0,0,0,0,0,0,0,0,2,2,4,0,0,0,2,2,4,4,44,11.0
2020-04-25,0,0,0,0,0,0,0,0,0,0,0,0,1,0,1,0,0,0,0,0,0,0,0,0,0,2,2,0,0,0,1,2,3,3,49,16.333333333333332
2020-04-26,0,0,0,0,0,0,0,0,0,0,0,0,0,0,0,0,0,0,0,0,0,0,0,0,0,0,0,0,0,0,0,0,0,0,0,
2020-04-27,0,0,0,0,0,0,0,0,0,0,0,0,0,0,0,0,0,0,1,0,1,1,0,1,2,1,3,1,1,2,5,2,7,6,191,31.833333333333332
2020-04-28,0,0,0,0,0,0,0,0,0,0,0,0,0,0,0,0,0,0,0,0,0,0,0,0,1,2,3,0,0,0,1,2,3,3,55,18.333333333333332
2020-04-29,0,0,0,0,0,0,0,0,0,0,0,0,0,0,0,0,0,0,0,0,0,1,0,1,0,0,0,0,0,0,1,0,1,1,14,14.0
2020-04-30,0,0,0,0,0,0,0,0,0,0,0,0,0,0,0,1,0,1,0,0,0,0,0,0,0,0,0,0,0,0,1,0,1,1,35,35.0
2020-05-01,0,0,0,0,0,0,0,0,0,0,0,0,0,0,0,1,0,1,0,0,0,0,0,0,0,1,1,1,0,1,2,1,3,3,10,3.3333333333333335
2020-05-02,0,0,0,0,0,0,0,0,0,0,0,0,0,0,0,0,0,0,0,0,0,1,0,1,0,0,0,0,0,0,1,0,1,1,40,40.0
2020-05-03,0,0,0,0,0,0,0,0,0,0,0,0,0,0,0,1,0,1,1,0,1,0,0,0,1,0,1,0,0,0,3,0,3,2,73,36.5
2020-05-04,0,0,0,0,0,0,0,0,0,0,0,0,0,0,0,1,0,1,0,0,0,0,0,0,0,2,2,0,0,0,1,2,3,3,90,30.0
2020-05-05,0,0,0,0,0,0,0,0,0,1,0,1,0,1,1,0,0,0,0,0,0,1,0,1,3,0,3,0,2,2,5,3,8,8,149,18.625
2020-05-06,0,0,0,0,0,0,0,0,0,0,0,0,1,0,1,0,0,0,2,1,3,0,0,0,1,1,2,1,1,2,5,3,8,8,137,17.125
2020-05-07,0,0,0,0,0,0,0,0,0,0,0,0,0,0,0,2,0,2,0,0,0,0,1,1,1,0,1,0,2,2,3,3,6,6,92,15.333333333333334
2020-05-08,0,0,0,0,0,0,0,0,0,0,0,0,0,0,0,0,0,0,0,0,0,0,0,0,0,1,1,0,0,0,0,1,1,1,7,7.0
2020-05-09,0,0,0,0,0,0,0,0,0,0,0,0,0,0,0,0,0,0,0,1,1,0,0,0,0,0,0,1,0,1,1,1,2,2,34,17.0
2020-05-10,0,0,0,0,0,0,0,0,0,0,0,0,0,0,0,0,0,0,1,0,1,0,0,0,0,0,0,0,0,0,1,0,1,1,5,5.0
2020-05-11,0,0,0,0,0,0,0,0,0,0,0,0,1,1,2,0,0,0,1,0,1,0,0,0,0,0,0,0,0,0,2,1,3,3,134,44.666666666666664
2020-05-12,0,0,0,0,0,0,0,0,0,1,0,1,0,0,0,2,1,3,2,1,3,1,3,4,0,1,1,1,1,2,7,7,14,14,301,21.5
2020-05-13,0,0,0,0,0,0,0,0,0,1,0,1,0,0,0,0,1,1,2,0,2,0,0,0,0,1,1,0,2,2,3,4,7,7,200,28.571428571428573
2020-05-14,0,0,0,0,0,0,0,0,0,0,0,0,0,0,0,2,0,2,1,0,1,1,1,2,0,1,1,0,0,0,4,2,6,6,204,34.0
2020-05-15,0,0,0,0,0,0,0,0,0,0,0,0,0,1,1,0,0,0,0,0,0,0,1,1,0,1,1,1,1,2,1,4,5,5,25,5.0
2020-05-16,0,0,0,0,0,0,0,0,0,1,0,1,0,1,1,1,0,1,0,1,1,2,1,3,0,1,1,0,3,3,4,7,11,11,278,25.272727272727273
2020-05-17,0,1,1,0,0,0,0,0,0,0,0,0,0,1,1,3,0,3,1,0,1,1,1,2,2,2,4,0,0,0,7,5,12,12,136,11.333333333333334
2020-05-18,0,0,0,0,0,0,0,0,0,1,0,1,1,0,1,2,0,2,2,1,3,2,1,3,0,0,0,0,0,0,8,2,10,10,125,12.5
2020-05-19,0,0,0,0,0,0,0,0,0,0,0,0,1,0,1,1,0,1,0,0,0,0,0,0,0,2,2,1,0,1,3,2,5,5,36,7.2
2020-05-20,0,0,0,0,0,0,0,1,1,1,0,1,0,1,1,3,1,4,1,0,1,1,1,2,2,2,4,0,0,0,8,6,14,14,215,15.357142857142858
2020-05-21,0,0,0,0,0,0,0,0,0,0,0,0,1,0,1,0,0,0,2,0,2,0,1,1,0,1,1,0,3,3,3,5,8,8,138,17.25
2020-05-22,0,0,0,0,0,0,0,0,0,0,0,0,0,0,0,3,0,3,1,2,3,0,0,0,0,0,0,0,0,0,4,2,6,6,56,9.333333333333334
2020-05-23,0,0,0,0,0,0,0,0,0,0,0,0,3,0,3,2,0,2,1,0,1,0,0,0,2,4,6,0,1,1,8,5,13,13,129,9.923076923076923
2020-05-24,0,0,0,0,0,0,0,0,0,1,0,1,0,0,0,0,1,1,1,0,1,0,1,1,0,0,0,1,0,1,3,2,5,5,187,37.4
2020-05-25,0,0,0,0,0,0,0,0,0,0,0,0,0,1,1,1,0,1,1,2,3,1,4,5,1,1,2,1,0,1,5,8,13,10,142,14.2
2020-05-26,0,0,0,0,0,0,0,0,0,0,0,0,0,0,0,4,2,6,2,1,3,1,1,2,0,3,3,2,0,2,9,7,16,16,184,11.5
2020-05-27,0,0,0,0,0,0,0,0,0,0,0,0,2,1,3,0,0,0,1,0,1,3,3,6,1,2,3,0,1,1,7,7,14,14,213,15.214285714285714
2020-05-28,0,0,0,0,0,0,0,0,0,2,0,2,0,1,1,2,2,4,1,0,1,1,6,7,4,5,9,3,8,11,13,22,35,35,575,16.428571428571427
2020-05-29,0,0,0,0,0,0,0,0,0,0,0,0,2,1,3,0,0,0,2,0,2,2,3,5,2,5,7,0,3,3,8,12,20,20,327,16.35
2020-05-30,0,0,0,0,0,0,0,0,0,0,0,0,1,0,1,3,0,3,0,0,0,2,1,3,1,0,1,1,0,1,8,1,9,9,129,14.333333333333334
2020-05-31,0,0,0,0,0,0,0,0,0,0,0,0,1,0,1,1,2,3,0,0,0,4,1,5,3,2,5,1,0,1,10,5,15,14,187,13.357142857142858
2020-06-01,0,0,0,0,0,0,0,0,0,1,0,1,0,1,1,2,0,2,0,1,1,1,1,2,3,2,5,0,0,0,7,5,12,12,164,13.666666666666666
2020-06-02,1,0,1,0,0,0,0,0,0,0,0,0,1,2,3,1,1,2,6,0,6,2,2,4,1,2,3,2,3,5,14,10,24,24,419,17.458333333333332
2020-06-03,0,0,0,0,0,0,0,0,0,0,0,0,1,1,2,3,1,4,5,1,6,3,1,4,1,1,2,0,0,0,13,5,18,18,165,9.166666666666666
2020-06-04,0,0,0,0,0,0,0,0,0,1,0,1,0,0,0,1,1,2,3,1,4,3,3,6,0,2,2,3,4,7,11,11,22,22,394,17.90909090909091
2020-06-05,0,0,0,0,0,0,0,1,1,0,0,0,0,0,0,1,1,2,4,2,6,5,5,10,2,3,5,0,2,2,12,14,26,26,536,20.615384615384617
2020-06-06,0,0,0,0,0,0,0,0,0,0,0,0,0,0,0,3,0,3,0,0,0,3,1,4,1,6,7,1,3,4,8,10,18,18,372,20.666666666666668
2020-06-07,0,0,0,0,0,0,0,0,0,0,0,0,0,0,0,2,0,2,1,0,1,0,2,2,3,5,8,0,2,2,6,9,15,15,274,18.266666666666666
2020-06-08,0,0,0,0,0,0,0,0,0,2,0,2,2,0,2,1,0,1,0,1,1,5,3,8,5,0,5,0,2,2,15,6,21,21,225,10.714285714285714
2020-06-09,0,0,0,0,0,0,0,0,0,1,1,2,0,1,1,2,0,2,0,3,3,2,0,2,2,2,4,0,3,3,7,10,17,17,280,16.470588235294116
2020-06-10,0,0,0,0,0,0,0,0,0,0,0,0,0,1,1,2,1,3,2,1,3,4,1,5,1,8,9,1,3,4,10,15,25,25,419,16.76
2020-06-11,0,0,0,0,0,0,0,0,0,0,0,0,2,0,2,4,0,4,3,2,5,2,3,5,1,3,4,0,3,3,12,11,23,23,374,16.26086956521739
2020-06-12,0,0,0,0,0,0,0,0,0,1,0,1,1,0,1,4,1,5,1,2,3,7,0,7,3,0,3,1,2,3,18,5,23,22,302,13.727272727272727
2020-06-13,0,0,0,0,0,0,0,1,1,0,0,0,0,2,2,2,1,3,3,0,3,2,4,6,1,4,5,0,5,5,8,17,25,25,327,13.08
2020-06-14,0,0,0,0,0,0,0,0,0,0,0,0,1,0,1,0,1,1,3,0,3,2,1,3,2,4,6,0,2,2,8,8,16,16,204,12.75
2020-06-15,0,0,0,0,0,0,0,0,0,0,0,0,0,1,1,0,0,0,3,1,4,0,4,4,0,1,1,3,0,3,6,7,13,13,290,22.307692307692307
2020-06-16,0,0,0,0,0,0,1,0,1,1,0,1,1,0,1,3,0,3,3,3,6,8,2,10,1,2,3,0,3,3,18,10,28,28,503,17.964285714285715
2020-06-17,1,0,1,0,0,0,1,0,1,0,0,0,1,0,1,0,3,3,5,1,6,8,2,10,2,5,7,1,2,3,19,13,32,31,400,12.903225806451612
2020-06-18,0,0,0,0,0,0,0,0,0,2,1,3,3,0,3,3,1,4,2,1,3,1,2,3,5,1,6,1,1,2,17,7,24,24,287,11.958333333333334
2020-06-19,0,0,0,0,0,0,0,0,0,1,0,1,0,0,0,2,2,4,4,4,8,5,4,9,6,1,7,0,8,8,18,19,37,37,667,18.027027027027028
2020-06-20,0,0,0,0,0,0,0,0,0,1,0,1,0,0,0,2,1,3,1,4,5,7,4,11,3,3,6,2,3,5,16,15,31,30,404,13.466666666666667
2020-06-21,0,0,0,0,0,0,0,0,0,0,1,1,1,1,2,1,0,1,4,0,4,2,3,5,2,4,6,0,5,5,10,14,24,24,421,17.541666666666668
2020-06-22,0,0,0,0,0,0,0,1,1,1,0,1,2,0,2,0,1,1,5,5,10,6,3,9,7,6,13,2,1,3,23,17,40,36,416,11.555555555555555
2020-06-23,0,0,0,0,0,0,0,0,0,1,0,1,1,0,1,4,1,5,1,2,3,6,1,7,8,7,15,3,3,6,24,14,38,38,672,17.68421052631579
2020-06-24,0,0,0,0,0,0,0,0,0,0,0,0,0,2,2,2,1,3,3,2,5,5,1,6,5,4,9,1,6,7,16,16,32,32,441,13.78125
2020-06-25,0,0,0,0,0,0,0,0,0,0,0,0,2,1,3,3,0,3,7,5,12,2,2,4,5,8,13,1,4,5,20,20,40,40,529,13.225
2020-06-26,0,0,0,0,0,0,0,0,0,0,0,0,0,2,2,3,1,4,2,2,4,6,0,6,2,4,6,1,3,4,14,12,26,26,432,16.615384615384617
2020-06-27,0,0,0,0,0,0,0,0,0,0,0,0,1,0,1,1,1,2,4,2,6,1,2,3,3,3,6,2,3,5,12,11,23,22,265,12.045454545454545
2020-06-28,0,0,0,0,0,0,0,0,0,0,0,0,0,0,0,0,0,0,0,1,1,2,2,4,5,6,11,1,5,6,8,14,22,22,229,10.409090909090908
2020-06-29,0,0,0,0,0,0,0,1,1,0,0,0,0,0,0,2,0,2,3,2,5,4,5,9,10,7,17,1,3,4,20,18,38,38,582,15.31578947368421
2020-06-30,0,0,0,0,0,0,0,0,0,0,0,0,1,1,2,4,3,7,9,3,12,7,5,12,5,8,13,2,8,10,28,28,56,56,839,14.982142857142858
2020-07-01,0,0,0,0,0,0,0,0,0,0,0,0,1,1,2,2,1,3,3,0,3,3,2,5,11,4,15,3,3,6,23,11,34,34,517,15.205882352941176
2020-07-02,0,0,0,0,0,0,0,0,0,0,1,1,2,0,2,2,0,2,6,1,7,6,5,11,4,3,7,0,3,3,20,13,33,33,419,12.696969696969697
2020-07-03,0,0,0,0,0,0,0,0,0,0,1,1,0,1,1,2,0,2,5,0,5,5,7,12,2,10,12,1,4,5,15,23,38,38,458,12.052631578947368
2020-07-04,0,0,0,0,1,1,0,0,0,0,1,1,1,1,2,1,1,2,1,2,3,5,7,12,4,11,15,1,8,9,13,32,45,45,493,10.955555555555556
2020-07-05,0,1,1,0,0,0,0,0,0,0,1,1,0,0,0,3,1,4,4,5,9,2,5,7,5,10,15,2,4,6,16,27,43,43,562,13.069767441860465
2020-07-06,0,0,0,0,0,0,0,0,0,0,0,0,2,0,2,3,1,4,6,3,9,9,8,17,9,14,23,5,9,14,34,35,69,69,897,13.0
2020-07-07,0,0,0,0,0,0,0,0,0,1,0,1,0,0,0,2,0,2,11,1,12,10,7,17,9,7,16,3,6,9,36,21,57,56,743,13.267857142857142
2020-07-08,0,0,0,0,0,0,0,0,0,0,0,0,2,1,3,1,3,4,6,1,7,7,8,15,5,5,10,4,7,11,25,25,50,49,684,13.959183673469388
2020-07-09,0,0,0,0,1,1,0,0,0,0,0,0,1,1,2,0,0,0,3,1,4,8,4,12,5,10,15,2,4,6,19,21,40,40,505,12.625
2020-07-10,0,0,0,0,0,0,0,1,1,1,0,1,0,0,0,2,3,5,6,3,9,6,8,14,13,9,22,0,5,5,28,29,57,57,737,12.929824561403509
2020-07-11,0,0,0,0,0,0,0,1,1,2,0,2,0,0,0,1,0,1,5,0,5,4,2,6,2,8,10,1,6,7,15,17,32,32,485,15.15625
2020-07-12,0,0,0,0,0,0,1,0,1,0,1,1,4,0,4,2,0,2,4,0,4,5,5,10,12,6,18,0,6,6,28,18,46,45,553,12.28888888888889
2020-07-13,0,0,0,0,0,0,0,0,0,0,0,0,0,1,1,1,2,3,6,1,7,7,9,16,8,5,13,2,11,13,24,29,53,52,564,10.846153846153847
2020-07-14,0,0,0,0,0,0,0,0,0,0,0,0,1,0,1,2,4,6,8,2,10,15,3,18,3,11,14,5,8,13,34,28,62,58,630,10.862068965517242
2020-07-15,0,1,1,0,0,0,0,0,0,1,1,2,3,0,3,1,0,1,8,1,9,11,5,16,7,11,18,2,6,8,33,25,58,56,753,13.446428571428571
2020-07-16,0,0,0,0,0,0,0,0,0,1,0,1,0,0,0,1,0,1,7,2,9,9,4,13,11,11,22,5,7,12,34,24,58,58,755,13.017241379310345
2020-07-17,0,0,0,0,0,0,1,0,1,0,1,1,3,0,3,4,1,5,10,2,12,5,5,10,13,11,24,2,13,15,38,33,71,70,820,11.714285714285714
2020-07-18,0,0,0,0,0,0,1,1,2,0,0,0,2,1,3,0,1,1,4,0,4,6,7,13,4,8,12,2,5,7,19,23,42,42,598,14.238095238095237
2020-07-19,0,0,0,0,0,0,0,0,0,0,0,0,1,0,1,1,1,2,2,0,2,4,2,6,9,12,21,5,4,9,22,19,41,41,506,12.341463414634147
2020-07-20,0,0,0,0,0,0,0,0,0,1,2,3,2,0,2,2,3,5,8,1,9,6,8,14,11,7,18,1,2,3,31,23,54,53,622,11.735849056603774
2020-07-21,0,0,0,0,0,0,3,0,3,0,0,0,2,0,2,2,0,2,13,5,18,8,3,11,7,13,20,2,9,11,37,30,67,64,924,14.4375
2020-07-22,0,0,0,0,0,0,0,0,0,0,0,0,0,0,0,3,0,3,6,2,8,8,6,14,8,7,15,3,8,11,28,23,51,49,531,10.83673469387755
2020-07-23,0,0,0,0,0,0,0,0,0,0,1,1,1,0,1,3,2,5,7,1,8,4,7,11,6,11,17,0,3,3,21,25,46,44,589,13.386363636363637
2020-07-24,0,0,0,0,0,0,0,0,0,0,0,0,3,0,3,3,1,4,6,2,8,5,4,9,8,15,23,2,4,6,27,26,53,53,699,13.18867924528302
2020-07-25,0,1,1,0,0,0,0,0,0,0,0,0,1,0,1,1,3,4,4,0,4,3,4,7,6,7,13,5,11,16,20,26,46,40,515,12.875
2020-07-26,0,0,0,0,0,0,1,0,1,1,0,1,2,0,2,0,1,1,3,0,3,5,6,11,10,7,17,2,5,7,24,19,43,43,663,15.418604651162791
2020-07-27,0,0,0,0,0,0,0,0,0,0,1,1,1,1,2,5,3,8,1,2,3,3,7,10,12,5,17,2,5,7,24,24,48,45,586,13.022222222222222
2020-07-28,0,0,0,0,0,0,0,1,1,0,0,0,1,1,2,2,2,4,5,3,8,9,8,17,10,11,21,1,5,6,28,31,59,58,866,14.931034482758621
2020-07-29,0,0,0,0,0,0,0,0,0,1,1,2,1,1,2,2,1,3,5,0,5,5,3,8,5,6,11,4,1,5,23,13,36,36,572,15.88888888888889
2020-07-30,0,0,0,0,0,0,0,0,0,0,0,0,4,3,7,0,0,0,2,1,3,5,4,9,4,9,13,2,5,7,17,22,39,39,457,11.717948717948717
2020-07-31,0,0,0,0,0,0,0,1,1,0,0,0,2,2,4,2,2,4,4,2,6,6,6,12,3,7,10,1,11,12,18,31,49,48,798,16.625
2020-08-01,0,0,0,0,0,0,0,0,0,0,0,0,2,1,3,2,1,3,3,2,5,3,4,7,6,6,12,2,5,7,18,19,37,37,641,17.324324324324323
2020-08-02,0,0,0,0,0,0,0,0,0,1,0,1,1,1,2,2,0,2,3,2,5,8,6,14,4,12,16,1,5,6,20,26,46,43,643,14.953488372093023
2020-08-03,0,0,0,0,0,0,1,0,1,0,0,0,1,1,2,3,1,4,8,3,11,10,8,18,5,14,19,1,12,13,29,39,68,67,741,11.059701492537313
2020-08-04,0,1,1,0,0,0,0,0,0,0,0,0,1,1,2,3,3,6,8,3,11,7,3,10,8,12,20,3,11,14,30,34,64,61,779,12.770491803278688
2020-08-05,0,1,1,0,0,0,0,0,0,0,0,0,1,1,2,3,4,7,8,2,10,6,5,11,10,15,25,2,7,9,30,35,65,63,1039,16.49206349206349
2020-08-06,0,0,0,0,0,0,0,0,0,2,0,2,2,0,2,4,1,5,3,2,5,4,6,10,8,8,16,3,7,10,26,24,50,48,625,13.020833333333334
2020-08-07,0,0,0,0,0,0,0,0,0,1,0,1,1,2,3,1,0,1,1,3,4,3,5,8,8,5,13,4,2,6,19,17,36,35,374,10.685714285714285
2020-08-08,0,0,0,0,0,0,0,0,0,1,0,1,0,1,1,1,2,3,5,3,8,5,3,8,6,7,13,1,4,5,19,20,39,39,395,10.128205128205128
2020-08-09,0,0,0,0,0,0,0,0,0,0,0,0,0,1,1,3,1,4,8,5,13,5,3,8,7,5,12,3,0,3,26,15,41,41,592,14.439024390243903
2020-08-10,0,0,0,0,0,0,0,0,0,1,0,1,1,1,2,1,4,5,5,3,8,5,4,9,5,9,14,0,5,5,18,26,44,44,517,11.75
2020-08-11,0,0,0,0,0,0,0,0,0,1,0,1,1,0,1,1,0,1,5,4,9,5,4,9,4,8,12,2,3,5,19,19,38,38,508,13.368421052631579
2020-08-12,1,0,1,0,0,0,0,0,0,0,0,0,1,0,1,1,2,3,1,3,4,6,4,10,2,5,7,2,3,5,14,17,31,31,408,13.161290322580646
2020-08-13,0,0,0,0,0,0,0,0,0,0,0,0,0,0,0,0,3,3,6,2,8,8,3,11,6,7,13,1,0,1,21,15,36,33,500,15.151515151515152
2020-08-14,0,0,0,0,0,0,0,0,0,0,0,0,2,0,2,0,0,0,5,2,7,4,1,5,6,5,11,0,2,2,17,10,27,25,375,15.0
2020-08-15,0,0,0,0,0,0,0,1,1,0,0,0,1,0,1,1,0,1,5,3,8,9,5,14,8,10,18,0,8,8,24,27,51,51,722,14.156862745098039
2020-08-16,0,0,0,0,0,0,0,0,0,0,0,0,2,0,2,0,1,1,4,0,4,4,3,7,7,6,13,0,6,6,17,16,33,31,497,16.032258064516128
2020-08-17,0,0,0,0,0,0,0,0,0,0,1,1,1,0,1,3,1,4,4,1,5,3,2,5,3,3,6,0,4,4,14,12,26,25,336,13.44
2020-08-18,0,0,0,0,0,0,2,0,2,0,0,0,0,0,0,2,1,3,4,1,5,8,3,11,3,18,21,2,5,7,21,28,49,46,595,12.934782608695652
2020-08-19,0,0,0,0,0,0,1,1,2,0,0,0,1,0,1,2,1,3,12,1,13,3,9,12,10,9,19,5,2,7,34,23,57,53,759,14.320754716981131
2020-08-20,0,0,0,0,0,0,0,0,0,1,0,1,1,0,1,0,0,0,11,1,12,5,6,11,9,4,13,2,7,9,29,18,47,45,623,13.844444444444445
2020-08-21,0,0,0,0,0,0,0,1,1,0,0,0,2,0,2,1,0,1,9,0,9,1,6,7,3,10,13,2,5,7,18,22,40,39,644,16.512820512820515
2020-08-22,0,0,0,0,0,0,0,0,0,0,0,0,2,0,2,0,0,0,6,2,8,5,3,8,6,4,10,1,2,3,20,11,31,30,485,16.166666666666668
2020-08-23,0,0,0,0,0,0,0,0,0,1,0,1,0,0,0,3,1,4,4,3,7,6,1,7,11,4,15,3,6,9,28,15,43,42,568,13.523809523809524
2020-08-24,0,0,0,0,0,0,0,0,0,1,0,1,1,0,1,2,0,2,5,6,11,4,5,9,5,2,7,2,5,7,20,18,38,38,502,13.210526315789474
2020-08-25,0,0,0,0,0,0,0,0,0,2,0,2,2,0,2,3,1,4,2,7,9,10,6,16,9,10,19,2,4,6,30,28,58,58,971,16.74137931034483
2020-08-26,0,0,0,0,0,0,0,0,0,0,2,2,0,2,2,2,0,2,5,2,7,6,5,11,6,12,18,2,5,7,21,28,49,48,721,15.020833333333334
2020-08-27,0,0,0,0,0,0,0,0,0,1,0,1,1,1,2,4,0,4,2,2,4,9,0,9,6,12,18,4,4,8,27,19,46,45,634,14.088888888888889
2020-08-28,0,0,0,0,0,0,0,0,0,0,0,0,1,0,1,4,0,4,4,2,6,8,3,11,5,8,13,0,0,0,22,13,35,34,483,14.205882352941176
2020-08-29,0,0,0,0,0,0,0,0,0,2,0,2,0,0,0,2,1,3,3,1,4,5,4,9,7,1,8,0,3,3,19,10,29,29,361,12.448275862068966
2020-08-30,0,0,0,0,0,0,0,0,0,1,0,1,0,1,1,3,0,3,7,0,7,7,5,12,4,4,8,2,3,5,24,13,37,37,526,14.216216216216216
2020-08-31,0,0,0,0,0,0,0,0,0,0,0,0,1,0,1,2,1,3,8,1,9,13,4,17,8,6,14,0,1,1,32,13,45,43,595,13.837209302325581
2020-09-01,0,0,0,0,0,0,0,0,0,0,0,0,1,0,1,0,0,0,8,1,9,8,4,12,5,10,15,3,4,7,25,19,44,44,445,10.113636363636363
2020-09-02,0,0,0,0,0,0,0,0,0,0,0,0,0,1,1,3,4,7,5,1,6,4,3,7,9,8,17,0,3,3,21,20,41,39,404,10.35897435897436
2020-09-03,0,0,0,0,0,0,0,0,0,0,0,0,1,2,3,2,1,3,5,0,5,7,8,15,9,5,14,1,5,6,25,21,46,45,487,10.822222222222223
2020-09-04,0,0,0,0,0,0,0,1,1,0,1,1,2,0,2,1,2,3,1,2,3,2,6,8,1,4,5,1,2,3,8,18,26,26,423,16.26923076923077
2020-09-05,0,0,0,0,0,0,0,0,0,0,0,0,0,1,1,1,1,2,6,4,10,9,3,12,3,10,13,0,2,2,19,21,40,39,499,12.794871794871796
2020-09-06,0,0,0,0,0,0,0,0,0,0,0,0,1,0,1,2,0,2,4,0,4,9,4,13,2,6,8,3,3,6,21,13,34,31,464,14.96774193548387
2020-09-07,0,0,0,0,0,0,0,0,0,0,0,0,1,1,2,3,0,3,3,5,8,9,7,16,10,7,17,1,5,6,27,25,52,50,718,14.36
2020-09-08,0,0,0,0,0,0,0,0,0,0,0,0,0,0,0,2,1,3,5,4,9,10,5,15,8,10,18,3,4,7,28,24,52,49,739,15.081632653061224
2020-09-09,0,0,0,0,0,0,1,0,1,0,0,0,1,1,2,6,1,7,6,3,9,7,4,11,3,5,8,2,6,8,26,20,46,41,749,18.26829268292683
2020-09-10,0,0,0,0,0,0,0,1,1,0,0,0,0,0,0,1,0,1,4,3,7,11,2,13,3,7,10,1,6,7,20,19,39,37,424,11.45945945945946
2020-09-11,0,0,0,0,0,0,0,0,0,1,0,1,1,1,2,1,0,1,4,2,6,5,5,10,3,8,11,0,1,1,15,17,32,32,486,15.1875
2020-09-12,0,0,0,0,0,0,0,0,0,0,0,0,0,0,0,1,2,3,2,4,6,4,1,5,4,4,8,0,6,6,11,17,28,27,311,11.518518518518519
2020-09-13,0,0,0,0,0,0,0,0,0,0,0,0,1,0,1,0,0,0,4,2,6,5,2,7,0,4,4,0,1,1,10,9,19,19,261,13.736842105263158
2020-09-14,0,0,0,0,0,0,1,0,1,1,0,1,0,0,0,2,0,2,2,1,3,7,6,13,5,4,9,1,2,3,19,13,32,30,417,13.9
2020-09-15,0,0,0,0,0,0,0,0,0,0,0,0,0,0,0,2,1,3,3,2,5,5,2,7,6,3,9,1,3,4,17,11,28,26,325,12.5
2020-09-16,0,0,0,1,0,1,0,0,0,1,0,1,0,0,0,0,1,1,5,2,7,3,4,7,3,6,9,1,4,5,14,17,31,31,330,10.64516129032258
2020-09-17,0,0,0,0,0,0,0,0,0,0,0,0,0,0,0,0,0,0,3,1,4,7,2,9,4,4,8,1,4,5,15,11,26,26,332,12.76923076923077
2020-09-18,0,0,0,0,0,0,1,1,2,1,0,1,0,2,2,0,0,0,3,1,4,1,4,5,5,4,9,0,3,3,11,15,26,26,367,14.115384615384615
2020-09-19,0,0,0,0,0,0,0,0,0,0,0,0,0,0,0,1,1,2,2,2,4,4,2,6,2,5,7,0,3,3,9,13,22,20,236,11.8
2020-09-20,0,0,0,0,0,0,0,0,0,0,0,0,3,0,3,1,0,1,3,1,4,1,3,4,2,2,4,0,2,2,10,8,18,16,211,13.1875
2020-09-21,0,0,0,0,0,0,0,0,0,0,0,0,1,0,1,0,0,0,2,0,2,6,4,10,1,5,6,0,1,1,10,10,20,19,233,12.263157894736842
2020-09-22,0,0,0,0,0,0,0,0,0,0,0,0,0,0,0,1,1,2,2,3,5,3,1,4,5,5,10,1,3,4,12,13,25,25,365,14.6
2020-09-23,0,0,0,0,0,0,0,0,0,0,0,0,0,1,1,4,0,4,2,3,5,5,4,9,2,4,6,1,2,3,14,14,28,27,454,16.814814814814813
2020-09-24,0,0,0,0,0,0,0,0,0,0,0,0,0,0,0,2,1,3,3,0,3,1,2,3,5,5,10,1,1,2,12,9,21,20,256,12.8
2020-09-25,0,0,0,0,0,0,0,0,0,0,1,1,0,1,1,2,0,2,4,1,5,6,7,13,2,3,5,2,6,8,16,19,35,33,412,12.484848484848484
2020-09-26,0,0,0,0,0,0,0,0,0,0,0,0,0,0,0,0,0,0,1,1,2,5,2,7,4,4,8,1,0,1,11,7,18,17,179,10.529411764705882
2020-09-27,0,0,0,0,0,0,0,0,0,0,0,0,0,0,0,0,0,0,2,1,3,4,4,8,3,4,7,1,2,3,10,11,21,21,309,14.714285714285714
2020-09-28,0,0,0,0,0,0,0,0,0,0,0,0,0,2,2,2,0,2,6,1,7,3,1,4,8,2,10,1,0,1,20,6,26,25,331,13.24
2020-09-29,0,0,0,0,0,0,0,0,0,1,0,1,0,0,0,1,0,1,5,1,6,2,4,6,4,5,9,0,2,2,13,12,25,25,349,13.96
2020-09-30,0,0,0,0,0,0,1,0,1,0,0,0,0,1,1,0,0,0,5,2,7,5,0,5,4,4,8,2,3,5,17,10,27,26,486,18.692307692307693
2020-10-01,1,0,1,0,0,0,0,0,0,0,0,0,1,0,1,1,0,1,6,3,9,3,5,8,2,3,5,1,2,3,15,13,28,28,349,12.464285714285714
2020-10-02,0,0,0,0,0,0,0,0,0,0,0,0,0,1,1,1,0,1,3,2,5,3,6,9,2,3,5,2,2,4,11,14,25,25,478,19.12
2020-10-03,0,0,0,0,0,0,1,0,1,0,0,0,0,0,0,0,0,0,1,0,1,4,0,4,0,2,2,1,0,1,7,2,9,9,198,22.0
2020-10-04,0,0,0,0,0,0,0,0,0,0,0,0,2,0,2,1,0,1,1,0,1,1,2,3,4,1,5,0,1,1,9,4,13,13,114,8.76923076923077
2020-10-05,0,0,0,0,0,0,0,0,0,0,0,0,2,0,2,1,0,1,3,2,5,3,3,6,3,5,8,0,2,2,12,12,24,24,261,10.875
2020-10-06,0,0,0,0,0,0,0,0,0,0,0,0,0,1,1,0,0,0,1,1,2,2,1,3,7,2,9,1,0,1,11,5,16,16,181,11.3125
2020-10-07,0,0,0,0,0,0,0,0,0,0,0,0,0,0,0,0,0,0,1,0,1,1,5,6,4,4,8,0,1,1,6,10,16,16,216,13.5
2020-10-08,0,0,0,0,0,0,0,0,0,0,0,0,0,0,0,0,0,0,3,1,4,3,6,9,5,6,11,1,2,3,12,15,27,27,226,8.37037037037037
2020-10-09,0,0,0,0,0,0,0,0,0,0,0,0,1,0,1,3,1,4,3,1,4,4,1,5,4,4,8,1,1,2,16,8,24,23,300,13.043478260869565
2020-10-10,0,0,0,0,0,0,0,0,0,0,0,0,2,0,2,0,0,0,2,0,2,4,3,7,3,2,5,0,0,0,11,5,16,14,253,18.071428571428573
2020-10-11,0,0,0,0,0,0,0,0,0,1,0,1,1,1,2,1,0,1,0,1,1,2,3,5,2,1,3,1,0,1,8,6,14,14,187,13.357142857142858
2020-10-12,0,0,0,0,0,0,0,0,0,0,0,0,1,0,1,2,0,2,1,1,2,3,1,4,2,2,4,0,0,0,9,4,13,13,227,17.46153846153846
2020-10-13,0,0,0,0,0,0,0,0,0,0,0,0,0,0,0,3,0,3,4,2,6,3,1,4,3,6,9,0,0,0,13,9,22,22,491,22.318181818181817
2020-10-14,0,0,0,0,0,0,1,0,1,0,0,0,1,0,1,2,0,2,1,1,2,3,4,7,3,3,6,1,2,3,12,10,22,21,254,12.095238095238095
2020-10-15,0,0,0,0,0,0,0,0,0,0,0,0,2,0,2,0,2,2,1,0,1,3,2,5,3,3,6,0,1,1,9,8,17,17,276,16.235294117647058
2020-10-16,0,0,0,0,0,0,0,0,0,0,0,0,1,0,1,1,0,1,2,1,3,3,2,5,4,3,7,1,6,7,12,12,24,24,345,14.375
2020-10-17,0,0,0,0,0,0,0,1,1,0,0,0,0,2,2,0,1,1,3,1,4,3,1,4,5,0,5,1,2,3,12,8,20,20,275,13.75
2020-10-18,0,0,0,0,0,0,1,0,1,1,0,1,0,0,0,1,0,1,0,1,1,2,1,3,0,1,1,0,1,1,5,4,9,8,205,25.625
2020-10-19,0,1,1,0,0,0,0,0,0,0,0,0,1,0,1,0,0,0,0,1,1,3,3,6,0,3,3,0,0,0,4,8,12,12,229,19.083333333333332
2020-10-20,0,0,0,0,0,0,0,0,0,1,0,1,0,1,1,1,0,1,1,1,2,2,1,3,6,2,8,1,0,1,12,5,17,17,238,14.0
2020-10-21,0,0,0,0,0,0,0,0,0,0,0,0,0,0,0,1,1,2,3,2,5,2,0,2,1,0,1,0,0,0,7,3,10,10,98,9.8
2020-10-22,0,0,0,0,0,0,0,0,0,0,0,0,0,0,0,1,0,1,0,1,1,2,2,4,1,1,2,0,0,0,4,4,8,8,149,18.625
2020-10-23,0,0,0,0,0,0,0,0,0,0,0,0,0,0,0,1,0,1,3,2,5,2,4,6,3,3,6,1,1,2,10,10,20,19,301,15.842105263157896
2020-10-24,0,0,0,0,0,0,0,0,0,0,0,0,0,0,0,2,0,2,2,0,2,1,3,4,0,2,2,0,1,1,5,6,11,10,346,34.6
2020-10-25,0,0,0,0,0,0,0,0,0,1,0,1,0,0,0,0,0,0,1,1,2,1,0,1,1,2,3,0,1,1,4,4,8,6,32,5.333333333333333
2020-10-26,0,0,0,0,0,0,0,0,0,0,0,0,0,0,0,1,0,1,4,0,4,2,3,5,4,3,7,2,1,3,13,7,20,19,268,14.105263157894736
2020-10-27,0,0,0,0,0,0,0,0,0,0,0,0,0,1,1,3,1,4,1,1,2,2,2,4,3,3,6,1,0,1,10,8,18,18,319,17.72222222222222
2020-10-28,0,0,0,0,0,0,1,0,1,0,0,0,0,0,0,1,0,1,2,0,2,1,0,1,3,1,4,1,1,2,9,2,11,10,152,15.2
2020-10-29,0,0,0,0,0,0,0,0,0,0,0,0,1,0,1,0,1,1,1,0,1,2,0,2,2,1,3,0,0,0,6,2,8,8,179,22.375
2020-10-30,0,0,0,0,0,0,0,0,0,0,0,0,0,0,0,0,1,1,1,1,2,2,0,2,2,1,3,1,1,2,6,4,10,10,158,15.8
2020-10-31,0,0,0,0,0,0,0,0,0,0,0,0,0,0,0,0,0,0,1,0,1,1,1,2,0,0,0,0,0,0,2,1,3,3,33,11.0
2020-11-01,0,0,0,0,0,0,0,0,0,0,0,0,0,0,0,0,0,0,0,0,0,0,1,1,2,1,3,0,0,0,2,2,4,4,63,15.75
2020-11-02,0,0,0,0,0,0,0,0,0,0,0,0,0,0,0,1,0,1,0,0,0,0,0,0,0,0,0,0,1,1,1,1,2,2,8,4.0
2020-11-03,0,0,0,0,0,0,0,0,0,0,0,0,0,0,0,0,0,0,0,1,1,1,3,4,0,2,2,0,1,1,1,7,8,8,142,17.75
2020-11-04,0,0,0,0,0,0,0,0,0,0,0,0,0,0,0,0,1,1,1,0,1,1,2,3,1,1,2,0,1,1,3,5,8,7,98,14.0
2020-11-05,0,0,0,0,1,1,0,0,0,0,0,0,0,0,0,0,0,0,3,0,3,2,1,3,0,1,1,1,0,1,6,3,9,9,139,15.444444444444445
2020-11-06,0,0,0,0,0,0,0,0,0,0,0,0,0,1,1,0,0,0,3,0,3,3,1,4,3,2,5,0,1,1,9,5,14,11,131,11.909090909090908
2020-11-07,0,0,0,0,0,0,0,0,0,0,0,0,0,0,0,0,0,0,0,2,2,0,1,1,2,0,2,0,0,0,2,3,5,3,47,15.666666666666666
2020-11-08,0,0,0,0,0,0,0,0,0,0,0,0,0,0,0,0,0,0,1,0,1,1,0,1,2,1,3,1,0,1,5,1,6,6,62,10.333333333333334
2020-11-09,0,0,0,0,0,0,0,1,1,0,0,0,0,0,0,0,0,0,1,1,2,6,1,7,1,6,7,0,1,1,8,10,18,17,236,13.882352941176471
2020-11-10,0,0,0,0,0,0,0,0,0,0,0,0,0,0,0,1,0,1,3,0,3,1,7,8,0,3,3,0,0,0,5,10,15,14,190,13.571428571428571
2020-11-11,0,0,0,0,0,0,0,0,0,0,0,0,0,0,0,2,1,3,0,1,1,1,1,2,0,2,2,1,1,2,4,6,10,10,185,18.5
2020-11-12,0,0,0,0,0,0,0,0,0,0,0,0,0,0,0,0,0,0,2,0,2,0,0,0,0,0,0,0,2,2,2,2,4,4,53,13.25
2020-11-13,0,0,0,0,0,0,0,0,0,0,0,0,0,0,0,1,0,1,1,0,1,3,0,3,1,3,4,1,1,2,7,4,11,11,153,13.909090909090908
2020-11-14,0,0,0,0,0,0,0,0,0,0,0,0,0,0,0,1,0,1,1,0,1,2,0,2,2,2,4,0,0,0,6,2,8,7,88,12.571428571428571
2020-11-15,0,0,0,0,0,0,0,0,0,0,0,0,0,0,0,0,0,0,2,0,2,1,1,2,1,2,3,1,0,1,5,3,8,8,121,15.125
2020-11-16,0,0,0,0,0,0,0,0,0,0,0,0,0,0,0,0,0,0,2,0,2,1,1,2,3,1,4,1,2,3,7,4,11,11,144,13.090909090909092
2020-11-17,0,0,0,0,0,0,0,0,0,0,0,0,0,0,0,2,0,2,3,0,3,1,0,1,2,5,7,0,0,0,8,5,13,13,284,21.846153846153847
2020-11-18,0,0,0,0,0,0,0,0,0,0,0,0,0,0,0,0,0,0,1,0,1,3,0,3,2,0,2,0,1,1,6,1,7,7,97,13.857142857142858
2020-11-19,0,0,0,0,0,0,0,0,0,0,0,0,0,1,1,0,0,0,0,0,0,2,0,2,1,1,2,0,1,1,3,3,6,6,83,13.833333333333334
2020-11-20,0,0,0,0,0,0,0,0,0,0,0,0,0,0,0,0,0,0,1,0,1,1,1,2,4,1,5,0,0,0,6,2,8,8,107,13.375
2020-11-21,0,0,0,0,0,0,0,0,0,0,0,0,0,0,0,0,0,0,0,0,0,1,0,1,1,1,2,0,0,0,2,1,3,3,18,6.0
2020-11-22,0,0,0,0,0,0,0,0,0,0,0,0,0,0,0,1,0,1,2,0,2,1,2,3,1,1,2,0,1,1,5,4,9,8,108,13.5
2020-11-23,0,0,0,0,0,0,0,0,0,0,0,0,0,0,0,0,0,0,0,0,0,2,2,4,0,2,2,0,1,1,2,5,7,7,58,8.285714285714286
2020-11-24,0,0,0,0,0,0,0,0,0,0,0,0,0,0,0,0,0,0,2,0,2,1,0,1,2,0,2,0,1,1,5,1,6,6,78,13.0
2020-11-25,0,0,0,0,0,0,0,0,0,0,0,0,2,0,2,0,0,0,1,1,2,1,1,2,2,1,3,0,1,1,6,4,10,9,140,15.555555555555555
2020-11-26,0,0,0,0,0,0,1,0,1,1,0,1,0,0,0,0,0,0,1,0,1,0,0,0,1,1,2,1,1,2,5,2,7,7,119,17.0
2020-11-27,0,0,0,0,0,0,0,0,0,0,0,0,0,0,0,1,0,1,1,0,1,1,2,3,0,0,0,1,2,3,4,4,8,7,62,8.857142857142858
2020-11-28,0,0,0,0,0,0,0,0,0,0,0,0,1,0,1,0,0,0,1,0,1,0,1,1,1,1,2,0,0,0,3,2,5,5,96,19.2
2020-11-29,0,0,0,0,0,0,0,0,0,0,0,0,0,0,0,0,0,0,1,0,1,1,0,1,0,1,1,1,0,1,3,1,4,4,44,11.0
2020-11-30,0,0,0,0,0,0,0,0,0,0,0,0,0,0,0,0,0,0,0,0,0,1,1,2,0,1,1,0,1,1,1,3,4,4,42,10.5
2020-12-01,0,0,0,0,0,0,0,0,0,0,0,0,0,0,0,1,0,1,0,1,1,0,1,1,1,0,1,0,0,0,2,2,4,4,32,8.0
2020-12-02,0,0,0,0,0,0,0,0,0,0,0,0,0,0,0,0,0,0,2,2,4,0,2,2,1,2,3,0,5,5,3,11,14,14,132,9.428571428571429
2020-12-03,0,0,0,0,0,0,0,0,0,0,0,0,0,0,0,1,0,1,1,0,1,1,2,3,2,0,2,0,0,0,5,2,7,7,164,23.428571428571427
2020-12-04,0,0,0,0,0,0,0,0,0,0,0,0,0,0,0,0,0,0,2,0,2,1,1,2,4,1,5,0,0,0,7,2,9,9,118,13.11111111111111
2020-12-05,0,0,0,0,0,0,0,0,0,0,0,0,0,0,0,0,0,0,0,0,0,0,2,2,5,1,6,0,0,0,5,3,8,8,74,9.25
2020-12-06,0,0,0,0,0,0,0,0,0,0,0,0,0,0,0,0,0,0,1,0,1,1,1,2,1,1,2,0,0,0,3,2,5,5,66,13.2
2020-12-07,0,0,0,0,0,0,0,0,0,0,0,0,0,0,0,1,0,1,1,1,2,2,1,3,2,1,3,0,0,0,6,3,9,9,130,14.444444444444445
2020-12-08,0,0,0,0,0,0,0,0,0,0,0,0,0,0,0,1,0,1,2,1,3,1,3,4,1,1,2,1,1,2,6,6,12,11,136,12.363636363636363
2020-12-09,0,0,0,0,0,0,0,0,0,0,1,1,0,0,0,0,0,0,2,1,3,0,0,0,0,0,0,0,0,0,2,2,4,4,53,13.25
2020-12-10,0,0,0,0,0,0,0,0,0,0,0,0,0,0,0,2,0,2,2,0,2,2,4,6,1,2,3,0,2,2,7,8,15,13,122,9.384615384615385
2020-12-11,0,0,0,0,0,0,0,0,0,0,0,0,0,0,0,0,1,1,1,0,1,0,1,1,1,3,4,0,1,1,2,6,8,8,95,11.875
2020-12-12,0,0,0,0,0,0,0,0,0,0,0,0,0,0,0,0,1,1,0,0,0,2,0,2,1,0,1,0,0,0,3,1,4,4,83,20.75
2020-12-13,0,0,0,0,0,0,0,0,0,0,0,0,1,0,1,0,0,0,1,1,2,2,0,2,3,0,3,1,0,1,8,1,9,9,143,15.88888888888889
2020-12-14,0,0,0,0,0,0,0,0,0,0,0,0,0,0,0,0,0,0,3,1,4,3,1,4,1,1,2,0,0,0,7,3,10,9,104,11.555555555555555
2020-12-15,0,0,0,0,0,0,0,0,0,0,0,0,0,0,0,0,0,0,2,0,2,2,2,4,1,0,1,0,1,1,5,3,8,8,161,20.125
2020-12-16,0,0,0,0,0,0,0,0,0,0,0,0,0,0,0,0,0,0,1,1,2,3,2,5,3,3,6,1,1,2,8,7,15,15,161,10.733333333333333
2020-12-17,0,0,0,0,0,0,0,0,0,0,0,0,0,0,0,1,0,1,0,0,0,3,4,7,0,0,0,0,1,1,4,5,9,9,114,12.666666666666666
2020-12-18,0,0,0,0,0,0,0,0,0,1,0,1,0,0,0,2,0,2,0,1,1,4,1,5,0,3,3,0,3,3,7,8,15,15,164,10.933333333333334
2020-12-19,0,0,0,0,0,0,0,0,0,0,0,0,0,0,0,1,0,1,2,1,3,2,0,2,0,2,2,0,1,1,5,4,9,9,286,31.77777777777778
2020-12-20,0,0,0,0,0,0,0,0,0,0,0,0,0,0,0,0,0,0,3,2,5,0,0,0,1,0,1,2,1,3,6,3,9,9,122,13.555555555555555
2020-12-21,0,0,0,0,0,0,0,0,0,1,0,1,0,0,0,2,0,2,3,1,4,4,0,4,2,4,6,0,1,1,12,6,18,16,234,14.625
2020-12-22,0,0,0,0,0,0,0,0,0,0,0,0,0,0,0,1,0,1,2,0,2,1,1,2,0,1,1,0,1,1,4,3,7,7,152,21.714285714285715
2020-12-23,0,0,0,0,0,0,0,0,0,0,1,1,0,0,0,3,0,3,2,0,2,4,4,8,3,3,6,0,0,0,12,8,20,19,280,14.736842105263158
2020-12-24,0,0,0,0,0,0,0,0,0,0,0,0,0,0,0,0,0,0,1,0,1,0,0,0,1,1,2,0,1,1,2,2,4,4,39,9.75
2020-12-25,0,0,0,0,0,0,0,0,0,0,0,0,1,1,2,2,0,2,0,1,1,2,0,2,0,0,0,0,1,1,5,3,8,8,121,15.125
2020-12-26,0,0,0,0,0,0,0,0,0,0,1,1,0,0,0,2,0,2,0,1,1,4,2,6,2,3,5,0,0,0,8,7,15,15,241,16.066666666666666
2020-12-27,0,0,0,0,0,0,0,0,0,1,0,1,0,0,0,0,0,0,3,0,3,5,1,6,1,1,2,0,0,0,10,2,12,11,71,6.454545454545454
2020-12-28,0,0,0,0,0,0,0,0,0,0,0,0,1,0,1,1,0,1,2,1,3,7,1,8,6,5,11,1,1,2,18,8,26,26,343,13.192307692307692
2020-12-29,0,0,0,0,0,0,0,0,0,0,0,0,0,0,0,0,1,1,5,1,6,3,2,5,5,0,5,1,1,2,14,5,19,19,378,19.894736842105264
2020-12-30,0,0,0,0,0,0,0,0,0,0,0,0,0,0,0,2,0,2,0,1,1,4,3,7,1,1,2,0,0,0,7,5,12,11,141,12.818181818181818
2020-12-31,0,0,0,0,0,0,0,0,0,0,0,0,0,0,0,1,0,1,1,1,2,3,2,5,1,2,3,0,0,0,6,5,11,11,165,15.0
2021-01-01,0,0,0,0,0,0,0,0,0,0,0,0,0,0,0,0,0,0,2,1,3,3,2,5,0,0,0,0,0,0,5,3,8,8,97,12.125
2021-01-02,0,0,0,0,0,0,0,0,0,0,0,0,1,0,1,1,2,3,0,3,3,0,0,0,2,1,3,3,0,3,7,6,13,13,170,13.076923076923077
2021-01-03,0,0,0,0,0,0,0,0,0,0,0,0,0,0,0,3,2,5,0,0,0,2,1,3,1,2,3,0,0,0,6,5,11,11,196,17.818181818181817
2021-01-04,0,0,0,0,0,0,0,0,0,0,0,0,0,0,0,1,0,1,1,1,2,7,0,7,6,8,14,1,1,2,16,10,26,26,310,11.923076923076923
2021-01-05,0,0,0,0,0,0,0,0,0,0,1,1,1,0,1,0,0,0,3,1,4,1,0,1,1,2,3,0,4,4,6,8,14,14,217,15.5
2021-01-06,0,0,0,0,0,0,0,0,0,0,0,0,2,0,2,2,1,3,4,0,4,6,2,8,0,3,3,0,0,0,14,6,20,20,268,13.4
2021-01-07,0,0,0,0,0,0,1,0,1,0,0,0,0,1,1,0,1,1,3,2,5,4,2,6,4,2,6,5,1,6,17,9,26,26,261,10.038461538461538
2021-01-08,0,0,0,0,0,0,0,0,0,0,0,0,0,0,0,3,1,4,6,2,8,3,3,6,2,3,5,0,1,1,14,10,24,24,329,13.708333333333334
2021-01-09,0,0,0,0,0,0,0,0,0,0,0,0,1,0,1,1,1,2,0,0,0,3,3,6,0,3,3,0,1,1,5,8,13,13,174,13.384615384615385
2021-01-10,0,0,0,0,0,0,0,0,0,0,0,0,0,0,0,2,0,2,3,2,5,3,0,3,2,1,3,0,0,0,10,3,13,13,233,17.923076923076923
2021-01-11,0,0,0,0,0,0,0,0,0,0,1,1,1,0,1,3,0,3,5,0,5,5,1,6,1,3,4,0,3,3,15,8,23,22,264,12.0
2021-01-12,0,0,0,0,0,0,0,0,0,0,0,0,0,0,0,1,0,1,5,2,7,5,1,6,2,4,6,0,2,2,13,9,22,22,215,9.772727272727273
2021-01-13,0,0,0,0,0,0,0,0,0,0,0,0,0,0,0,5,3,8,3,1,4,3,1,4,3,2,5,1,1,2,15,8,23,23,370,16.08695652173913
2021-01-14,0,0,0,0,0,0,0,0,0,0,0,0,0,0,0,3,0,3,4,2,6,4,3,7,5,0,5,2,0,2,18,5,23,23,340,14.782608695652174
2021-01-15,0,0,0,0,0,0,0,0,0,1,0,1,0,1,1,0,0,0,2,1,3,2,3,5,4,2,6,0,0,0,9,7,16,16,167,10.4375
2021-01-16,0,0,0,0,0,0,0,0,0,0,0,0,0,0,0,0,0,0,0,1,1,2,3,5,1,2,3,0,0,0,3,6,9,9,148,16.444444444444443
2021-01-17,0,0,0,0,0,0,0,0,0,0,1,1,0,0,0,0,0,0,2,0,2,6,0,6,3,1,4,0,0,0,11,2,13,13,122,9.384615384615385
2021-01-18,0,0,0,0,0,0,0,0,0,0,0,0,0,0,0,0,0,0,4,3,7,2,2,4,2,5,7,1,1,2,9,11,20,19,236,12.421052631578947
2021-01-19,0,0,0,0,0,0,0,0,0,0,0,0,0,0,0,3,0,3,1,0,1,3,2,5,5,4,9,0,2,2,12,8,20,20,283,14.15
2021-01-20,0,0,0,0,0,0,0,0,0,0,1,1,0,0,0,2,0,2,4,1,5,4,0,4,4,4,8,0,4,4,14,10,24,23,321,13.956521739130435
2021-01-21,0,0,0,0,0,0,0,0,0,0,0,0,1,0,1,3,1,4,4,2,6,4,2,6,3,6,9,2,1,3,17,12,29,29,455,15.689655172413794
2021-01-22,0,0,0,0,0,0,0,0,0,0,0,0,0,0,0,0,0,0,4,2,6,1,1,2,1,3,4,1,1,2,7,7,14,14,160,11.428571428571429
2021-01-23,0,0,0,0,0,0,1,0,1,0,0,0,0,0,0,0,0,0,0,0,0,6,6,12,1,2,3,0,0,0,8,8,16,16,187,11.6875
2021-01-24,0,0,0,0,0,0,0,0,0,0,0,0,0,0,0,0,0,0,1,1,2,2,2,4,1,0,1,0,0,0,4,3,7,7,82,11.714285714285714
2021-01-25,0,0,0,0,0,0,0,0,0,0,1,1,0,0,0,1,0,1,1,1,2,4,3,7,2,3,5,1,1,2,9,9,18,18,391,21.72222222222222
2021-01-26,0,0,0,0,0,0,0,0,0,0,0,0,1,0,1,1,1,2,4,1,5,1,3,4,4,3,7,0,2,2,11,10,21,20,192,9.6
2021-01-27,0,0,0,0,0,0,0,0,0,0,0,0,1,0,1,0,0,0,1,1,2,3,1,4,3,5,8,1,0,1,9,7,16,15,201,13.4
2021-01-28,0,0,0,0,0,0,0,0,0,0,0,0,0,0,0,0,0,0,0,1,1,2,3,5,2,1,3,0,1,1,4,6,10,10,264,26.4
2021-01-29,0,0,0,0,0,0,0,0,0,0,0,0,0,1,1,1,0,1,2,0,2,4,0,4,2,4,6,2,1,3,11,6,17,17,247,14.529411764705882
2021-01-30,0,0,0,0,0,0,0,0,0,0,0,0,0,0,0,2,0,2,2,2,4,0,2,2,0,1,1,1,0,1,5,5,10,9,120,13.333333333333334
2021-01-31,0,0,0,0,0,0,0,0,0,0,0,0,0,0,0,1,0,1,0,1,1,6,1,7,0,1,1,0,1,1,7,4,11,10,171,17.1
2021-02-01,0,0,0,0,0,0,0,0,0,0,0,0,0,0,0,1,1,2,3,2,5,4,4,8,3,2,5,0,1,1,11,10,21,19,280,14.736842105263158
2021-02-02,0,0,0,0,0,0,0,0,0,0,0,0,0,0,0,1,2,3,2,2,4,2,3,5,2,5,7,0,2,2,7,14,21,19,228,12.0
2021-02-03,0,0,0,0,0,0,0,0,0,0,0,0,2,0,2,0,1,1,2,1,3,3,1,4,4,1,5,1,0,1,12,4,16,16,255,15.9375
2021-02-04,0,0,0,0,0,0,0,0,0,0,0,0,1,1,2,1,0,1,7,3,10,5,3,8,4,3,7,0,1,1,18,11,29,29,305,10.517241379310345
2021-02-05,0,0,0,0,0,0,0,0,0,0,0,0,0,0,0,1,0,1,2,1,3,3,2,5,2,1,3,0,2,2,8,6,14,14,191,13.642857142857142
2021-02-06,0,0,0,0,0,0,0,0,0,0,0,0,0,2,2,0,0,0,2,2,4,4,1,5,2,0,2,0,1,1,8,6,14,13,213,16.384615384615383
2021-02-07,0,0,0,0,0,0,0,0,0,0,0,0,0,0,0,0,1,1,1,2,3,5,1,6,4,2,6,0,1,1,10,7,17,17,230,13.529411764705882
2021-02-08,0,0,0,0,0,0,0,0,0,0,0,0,0,0,0,3,0,3,4,0,4,6,9,15,2,5,7,0,0,0,15,14,29,28,368,13.142857142857142
2021-02-09,0,0,0,0,0,0,0,0,0,0,0,0,1,0,1,0,0,0,1,2,3,1,3,4,3,1,4,0,0,0,6,6,12,12,185,15.416666666666666
2021-02-10,0,0,0,0,0,0,0,0,0,1,0,1,0,0,0,1,0,1,1,2,3,2,2,4,0,4,4,1,0,1,6,8,14,14,153,10.928571428571429
2021-02-11,0,0,0,0,0,0,0,0,0,0,0,0,0,0,0,0,0,0,2,1,3,4,1,5,1,0,1,1,1,2,8,3,11,11,140,12.727272727272727
2021-02-12,0,0,0,0,0,0,0,0,0,0,0,0,1,0,1,1,1,2,1,2,3,4,5,9,3,3,6,1,1,2,11,12,23,23,294,12.782608695652174
2021-02-13,0,0,0,0,0,0,0,0,0,0,0,0,0,1,1,0,0,0,1,0,1,5,3,8,0,3,3,1,1,2,7,8,15,15,267,17.8
2021-02-14,0,0,0,0,0,0,0,0,0,0,0,0,0,0,0,0,0,0,1,1,2,3,3,6,0,1,1,0,0,0,4,5,9,9,114,12.666666666666666
2021-02-15,0,0,0,0,0,0,0,0,0,1,0,1,1,0,1,0,0,0,2,0,2,1,1,2,2,1,3,0,1,1,7,3,10,10,185,18.5
2021-02-16,0,0,0,0,0,0,0,0,0,0,0,0,0,0,0,0,0,0,0,1,1,3,0,3,2,3,5,0,4,4,5,8,13,13,145,11.153846153846153
2021-02-17,0,0,0,0,0,0,0,0,0,0,0,0,0,0,0,0,0,0,1,0,1,2,0,2,3,2,5,0,0,0,6,2,8,7,79,11.285714285714286
2021-02-18,0,0,0,0,0,0,0,0,0,1,0,1,0,0,0,1,1,2,4,1,5,2,1,3,0,2,2,0,0,0,8,5,13,13,180,13.846153846153847
2021-02-19,0,0,0,0,0,0,0,0,0,0,0,0,0,0,0,3,2,5,1,2,3,2,0,2,0,0,0,0,0,0,6,4,10,10,213,21.3
2021-02-20,0,0,0,0,0,0,0,0,0,0,0,0,1,0,1,0,0,0,1,0,1,1,2,3,1,1,2,1,1,2,5,4,9,9,106,11.777777777777779
2021-02-21,0,0,0,0,0,0,0,0,0,0,1,1,0,0,0,0,0,0,2,0,2,1,2,3,2,1,3,0,1,1,5,5,10,9,165,18.333333333333332
2021-02-22,0,0,0,0,0,0,0,0,0,0,0,0,0,0,0,1,0,1,2,1,3,2,2,4,2,2,4,2,0,2,9,5,14,14,204,14.571428571428571
2021-02-23,0,0,0,0,0,0,0,0,0,0,0,0,0,0,0,1,1,2,1,0,1,1,2,3,3,2,5,1,0,1,7,5,12,11,284,25.818181818181817
2021-02-24,0,0,0,0,0,0,0,0,0,0,1,1,0,0,0,1,0,1,1,1,2,2,1,3,2,0,2,0,3,3,6,6,12,12,110,9.166666666666666
2021-02-25,0,0,0,0,0,0,0,0,0,0,0,0,0,0,0,1,0,1,2,0,2,3,2,5,1,1,2,1,0,1,8,3,11,11,242,22.0
2021-02-26,0,0,0,0,0,0,0,0,0,0,0,0,0,0,0,1,0,1,0,1,1,4,1,5,1,5,6,2,1,3,8,8,16,16,164,10.25
2021-02-27,0,0,0,0,0,0,0,0,0,0,0,0,0,0,0,2,0,2,0,0,0,1,2,3,6,3,9,0,1,1,9,6,15,15,204,13.6
2021-02-28,0,0,0,0,0,0,0,0,0,0,0,0,0,0,0,1,0,1,1,0,1,0,0,0,0,1,1,0,0,0,2,1,3,3,22,7.333333333333333
2021-03-01,0,0,0,0,0,0,0,0,0,0,0,0,0,0,0,1,0,1,1,0,1,2,4,6,1,4,5,0,0,0,5,8,13,11,157,14.272727272727273
2021-03-02,0,0,0,0,0,0,0,0,0,1,0,1,0,0,0,0,0,0,2,1,3,3,1,4,2,1,3,0,1,1,8,4,12,12,214,17.833333333333332
2021-03-03,0,0,0,0,0,0,0,0,0,0,0,0,2,0,2,0,0,0,1,1,2,1,1,2,3,0,3,0,0,0,7,2,9,9,233,25.88888888888889
2021-03-04,0,0,0,1,0,1,0,0,0,0,0,0,0,0,0,1,0,1,1,2,3,3,1,4,2,0,2,0,0,0,8,3,11,11,228,20.727272727272727
2021-03-05,0,0,0,0,0,0,0,0,0,0,0,0,1,0,1,1,0,1,2,0,2,3,1,4,1,2,3,0,0,0,8,3,11,11,214,19.454545454545453
2021-03-06,0,0,0,0,0,0,0,1,1,0,0,0,0,0,0,0,0,0,1,0,1,1,0,1,1,0,1,0,1,1,3,2,5,4,87,21.75
2021-03-07,0,0,0,0,0,0,0,0,0,0,0,0,0,0,0,0,0,0,1,2,3,2,0,2,1,0,1,0,1,1,4,3,7,7,91,13.0
2021-03-08,0,0,0,0,0,0,0,0,0,0,0,0,0,0,0,0,2,2,2,0,2,2,0,2,3,1,4,1,0,1,8,3,11,10,132,13.2
2021-03-09,0,0,0,0,0,0,0,0,0,0,0,0,0,0,0,3,0,3,2,2,4,3,0,3,4,2,6,0,1,1,12,5,17,17,282,16.58823529411765
2021-03-10,0,0,0,0,0,0,0,0,0,1,0,1,0,0,0,0,0,0,2,4,6,4,5,9,0,2,2,0,1,1,7,12,19,19,266,14.0
2021-03-11,0,0,0,0,0,0,0,0,0,0,0,0,0,0,0,2,0,2,3,1,4,3,0,3,4,1,5,0,1,1,12,3,15,15,277,18.466666666666665
2021-03-12,0,0,0,0,0,0,0,0,0,0,0,0,0,1,1,1,1,2,1,0,1,7,3,10,1,4,5,0,5,5,10,14,24,23,331,14.391304347826088
2021-03-13,0,0,0,0,0,0,0,0,0,0,0,0,0,0,0,0,0,0,1,0,1,3,3,6,2,0,2,0,0,0,6,3,9,9,134,14.88888888888889
2021-03-14,0,0,0,0,0,0,0,0,0,0,0,0,1,0,1,0,0,0,1,0,1,3,1,4,3,1,4,0,0,0,8,2,10,10,148,14.8
2021-03-15,0,0,0,0,0,0,0,0,0,0,0,0,0,0,0,1,0,1,1,3,4,2,1,3,0,3,3,0,2,2,4,9,13,12,143,11.916666666666666
2021-03-16,0,0,0,0,0,0,0,0,0,0,0,0,0,0,0,2,0,2,1,1,2,2,0,2,1,4,5,1,0,1,7,5,12,12,125,10.416666666666666
2021-03-17,0,0,0,0,0,0,0,0,0,0,0,0,0,0,0,0,0,0,4,0,4,3,3,6,1,1,2,0,2,2,8,6,14,14,223,15.928571428571429
2021-03-18,0,0,0,0,0,0,0,0,0,0,0,0,1,0,1,1,0,1,0,1,1,3,6,9,1,2,3,0,2,2,6,11,17,17,242,14.235294117647058
2021-03-19,0,0,0,0,0,0,0,0,0,0,0,0,1,0,1,1,1,2,5,4,9,0,4,4,1,2,3,0,0,0,8,11,19,19,328,17.263157894736842
2021-03-20,0,0,0,0,0,0,1,0,1,0,0,0,1,0,1,0,1,1,3,2,5,2,0,2,1,1,2,0,0,0,8,4,12,12,236,19.666666666666668
2021-03-21,0,0,0,0,0,0,0,0,0,0,0,0,0,0,0,3,0,3,1,0,1,3,2,5,2,3,5,0,0,0,9,5,14,14,195,13.928571428571429
2021-03-22,0,0,0,0,0,0,0,0,0,0,0,0,0,0,0,0,0,0,3,2,5,1,0,1,4,2,6,1,1,2,9,5,14,14,204,14.571428571428571
2021-03-23,0,0,0,0,0,0,0,0,0,0,0,0,1,0,1,1,1,2,2,1,3,8,4,12,1,1,2,0,1,1,13,8,21,20,349,17.45
2021-03-24,0,0,0,0,0,0,0,0,0,0,0,0,1,1,2,0,0,0,5,1,6,4,0,4,2,0,2,1,1,2,13,3,16,16,292,18.25
2021-03-25,0,0,0,0,0,0,0,0,0,1,0,1,0,1,1,0,2,2,2,2,4,5,4,9,3,5,8,0,0,0,11,14,25,25,422,16.88
2021-03-26,0,0,0,0,0,0,0,0,0,0,0,0,1,0,1,1,1,2,4,3,7,7,4,11,5,1,6,0,1,1,18,10,28,28,508,18.142857142857142
2021-03-27,0,0,0,0,0,0,0,0,0,0,0,0,0,1,1,2,0,2,4,1,5,8,3,11,7,5,12,1,1,2,22,11,33,33,460,13.93939393939394
2021-03-28,0,0,0,0,0,0,0,0,0,0,1,1,2,0,2,2,1,3,1,3,4,8,3,11,1,0,1,0,0,0,14,8,22,22,492,22.363636363636363
2021-03-29,0,0,0,0,0,0,0,0,0,0,0,0,0,0,0,4,1,5,7,2,9,14,4,18,4,3,7,1,3,4,30,13,43,43,716,16.651162790697676
2021-03-30,0,0,0,0,0,0,0,0,0,1,1,2,2,0,2,2,1,3,6,0,6,8,2,10,0,5,5,3,1,4,22,10,32,32,581,18.15625
2021-03-31,0,0,0,0,0,0,0,0,0,0,0,0,0,1,1,4,0,4,8,2,10,6,7,13,1,3,4,0,0,0,19,13,32,32,563,17.59375
2021-04-01,0,0,0,0,0,0,0,0,0,0,1,1,1,0,1,5,1,6,7,2,9,6,2,8,1,1,2,2,0,2,22,7,29,29,510,17.586206896551722
2021-04-02,0,0,0,0,0,0,0,0,0,0,0,0,2,0,2,3,1,4,6,3,9,3,3,6,1,2,3,1,0,1,16,9,25,24,265,11.041666666666666
2021-04-03,0,0,0,0,0,0,0,0,0,0,0,0,2,0,2,4,0,4,3,4,7,11,3,14,2,0,2,2,1,3,24,8,32,31,507,16.35483870967742
2021-04-04,1,0,1,0,0,0,1,0,1,0,1,1,0,1,1,2,0,2,8,2,10,8,2,10,3,1,4,1,1,2,24,8,32,32,525,16.40625
2021-04-05,0,0,0,0,0,0,0,0,0,0,0,0,1,1,2,1,2,3,10,5,15,5,4,9,5,6,11,0,1,1,22,19,41,41,618,15.073170731707316
2021-04-06,0,0,0,0,0,0,0,0,0,0,0,0,1,1,2,5,3,8,8,3,11,8,6,14,7,2,9,2,3,5,31,18,49,49,649,13.244897959183673
2021-04-07,0,0,0,0,0,0,1,0,1,2,0,2,2,1,3,3,4,7,5,5,10,9,4,13,3,1,4,1,4,5,26,19,45,45,687,15.266666666666667
2021-04-08,0,0,0,0,0,0,0,0,0,0,0,0,1,0,1,5,0,5,6,3,9,11,4,15,4,1,5,1,2,3,28,10,38,38,526,13.842105263157896
2021-04-09,0,0,0,0,0,0,0,0,0,0,0,0,3,0,3,4,0,4,14,6,20,4,3,7,5,2,7,1,2,3,31,13,44,43,685,15.930232558139535
2021-04-10,0,0,0,0,0,0,0,0,0,0,1,1,0,0,0,8,2,10,6,1,7,7,4,11,1,2,3,1,2,3,23,12,35,35,500,14.285714285714286
2021-04-11,0,0,0,0,0,0,0,1,1,1,0,1,0,0,0,4,2,6,12,4,16,10,11,21,2,6,8,2,3,5,31,27,58,57,917,16.087719298245613
2021-04-12,0,0,0,0,0,0,0,1,1,0,1,1,1,0,1,4,4,8,5,3,8,8,10,18,1,3,4,0,1,1,19,23,42,42,636,15.142857142857142
2021-04-13,0,0,0,0,0,0,0,0,0,0,0,0,1,3,4,8,1,9,10,2,12,13,8,21,4,6,10,0,3,3,36,23,59,59,975,16.52542372881356
2021-04-14,1,0,1,0,0,0,0,0,0,1,1,2,3,0,3,10,2,12,12,8,20,18,5,23,1,1,2,2,3,5,48,20,68,66,1091,16.53030303030303
2021-04-15,0,0,0,0,0,0,0,0,0,1,0,1,0,0,0,3,4,7,7,6,13,5,6,11,3,6,9,0,2,2,19,24,43,42,572,13.619047619047619
2021-04-16,0,0,0,0,0,0,0,0,0,0,0,0,2,1,3,1,1,2,8,6,14,12,3,15,7,4,11,0,2,2,30,17,47,47,532,11.319148936170214
2021-04-17,0,0,0,0,0,0,0,0,0,1,0,1,2,1,3,6,2,8,11,7,18,12,12,24,2,5,7,1,0,1,35,27,62,62,1063,17.14516129032258
2021-04-18,0,0,0,0,0,0,0,0,0,0,0,0,2,1,3,5,1,6,8,6,14,9,6,15,6,6,12,0,2,2,30,22,52,50,601,12.02
2021-04-19,0,0,0,0,0,0,0,0,0,0,1,1,1,0,1,5,3,8,6,8,14,13,2,15,2,9,11,0,2,2,27,25,52,52,770,14.807692307692308
2021-04-20,0,0,0,0,0,0,0,0,0,0,0,0,3,4,7,4,1,5,8,3,11,9,3,12,7,8,15,2,2,4,33,21,54,47,643,13.680851063829786
2021-04-21,0,0,0,0,0,0,0,0,0,0,0,0,0,3,3,10,4,14,7,8,15,16,3,19,7,7,14,1,3,4,41,28,69,65,886,13.63076923076923
2021-04-22,0,0,0,0,0,0,1,0,1,0,0,0,2,1,3,2,1,3,8,6,14,12,8,20,7,3,10,2,3,5,34,22,56,54,726,13.444444444444445
2021-04-23,0,0,0,0,0,0,0,0,0,1,0,1,2,0,2,5,2,7,7,8,15,3,3,6,8,1,9,0,5,5,26,19,45,41,555,13.536585365853659
2021-04-24,0,0,0,0,0,0,0,0,0,2,1,3,1,0,1,8,0,8,8,4,12,10,2,12,1,6,7,0,0,0,30,13,43,42,548,13.047619047619047
2021-04-25,0,0,0,0,0,0,0,0,0,1,0,1,0,1,1,3,1,4,9,5,14,5,6,11,5,3,8,1,0,1,24,16,40,38,542,14.263157894736842
2021-04-26,0,0,0,0,0,0,1,0,1,1,0,1,0,0,0,5,2,7,8,8,16,5,10,15,3,8,11,1,1,2,24,29,53,47,700,14.893617021276595
2021-04-27,0,0,0,0,0,0,0,0,0,1,1,2,2,1,3,7,3,10,11,3,14,8,6,14,7,4,11,2,1,3,38,19,57,54,706,13.074074074074074
2021-04-28,0,0,0,0,0,0,1,1,2,1,1,2,1,3,4,8,3,11,11,6,17,5,5,10,0,2,2,1,1,2,28,22,50,46,670,14.565217391304348
2021-04-29,1,0,1,0,0,0,0,0,0,0,0,0,4,1,5,6,3,9,10,12,22,3,9,12,3,3,6,0,0,0,27,28,55,52,705,13.557692307692308
2021-04-30,0,0,0,0,0,0,0,0,0,0,0,0,2,1,3,1,1,2,6,9,15,9,7,16,4,0,4,2,2,4,24,20,44,41,528,12.878048780487806
2021-05-01,0,0,0,0,0,0,1,1,2,2,0,2,0,0,0,1,3,4,8,5,13,7,4,11,1,2,3,0,1,1,20,16,36,35,548,15.657142857142857
2021-05-02,0,0,0,0,0,0,0,0,0,1,0,1,1,0,1,2,1,3,6,0,6,5,4,9,2,2,4,1,2,3,18,9,27,26,341,13.115384615384615
2021-05-03,0,0,0,0,0,0,0,0,0,1,1,2,0,0,0,7,1,8,7,2,9,5,8,13,4,9,13,4,1,5,28,22,50,48,641,13.354166666666666
2021-05-04,1,0,1,1,0,1,0,0,0,0,0,0,0,2,2,5,2,7,13,6,19,7,7,14,4,6,10,1,2,3,32,25,57,54,734,13.592592592592593
2021-05-05,0,0,0,0,0,0,0,0,0,0,1,1,3,1,4,9,5,14,9,5,14,3,5,8,5,3,8,2,3,5,31,23,54,50,784,15.68
2021-05-06,0,0,0,0,0,0,0,0,0,0,0,0,4,2,6,4,0,4,6,4,10,2,2,4,3,3,6,1,1,2,20,12,32,31,500,16.129032258064516
2021-05-07,0,0,0,0,0,0,0,0,0,0,0,0,1,1,2,4,1,5,5,3,8,1,3,4,7,4,11,0,2,2,18,14,32,31,368,11.870967741935484
2021-05-08,0,0,0,1,0,1,0,0,0,0,0,0,1,0,1,7,1,8,4,1,5,3,2,5,2,3,5,2,4,6,20,11,31,27,336,12.444444444444445
2021-05-09,0,0,0,0,0,0,0,0,0,0,0,0,0,1,1,0,0,0,8,7,15,4,4,8,1,3,4,0,2,2,13,17,30,27,308,11.407407407407407
2021-05-10,0,0,0,0,0,0,0,0,0,0,0,0,1,0,1,4,0,4,11,5,16,9,5,14,4,12,16,2,1,3,31,23,54,51,683,13.392156862745098
2021-05-11,0,0,0,0,0,0,1,0,1,0,0,0,2,0,2,2,4,6,7,3,10,5,9,14,5,3,8,3,2,5,25,21,46,44,532,12.090909090909092
2021-05-12,0,0,0,0,0,0,0,0,0,1,0,1,0,1,1,7,1,8,7,3,10,3,3,6,2,1,3,3,1,4,23,10,33,32,365,11.40625
2021-05-13,0,0,0,0,0,0,1,1,2,1,0,1,3,0,3,4,3,7,4,3,7,5,3,8,1,1,2,1,1,2,20,12,32,30,409,13.633333333333333
2021-05-14,0,0,0,0,0,0,0,0,0,0,1,1,3,2,5,3,4,7,2,4,6,5,3,8,2,5,7,0,3,3,15,22,37,32,371,11.59375
2021-05-15,0,0,0,0,0,0,0,0,0,0,0,0,1,1,2,1,0,1,3,2,5,3,5,8,3,1,4,0,0,0,11,9,20,20,160,8.0
2021-05-16,0,0,0,0,0,0,0,0,0,1,2,3,2,0,2,4,1,5,5,3,8,3,3,6,0,3,3,1,3,4,16,15,31,30,225,7.5
2021-05-17,0,0,0,0,0,0,0,0,0,0,0,0,2,2,4,3,6,9,6,2,8,10,7,17,8,5,13,1,0,1,30,22,52,48,480,10.0
2021-05-18,0,0,0,0,0,0,0,0,0,2,0,2,3,1,4,4,1,5,5,2,7,4,4,8,1,4,5,2,2,4,21,14,35,34,450,13.235294117647058
2021-05-19,0,0,0,1,0,1,0,0,0,0,0,0,2,1,3,3,2,5,6,2,8,7,5,12,5,2,7,1,2,3,25,14,39,37,364,9.837837837837839
2021-05-20,0,0,0,0,0,0,0,0,0,0,1,1,2,1,3,4,2,6,5,2,7,6,6,12,2,4,6,1,2,3,20,18,38,37,360,9.72972972972973
2021-05-21,1,0,1,0,0,0,0,0,0,0,0,0,1,1,2,3,0,3,5,4,9,3,6,9,1,3,4,2,1,3,16,15,31,31,319,10.290322580645162
2021-05-22,0,0,0,0,0,0,0,0,0,0,0,0,0,0,0,2,0,2,8,6,14,5,3,8,2,5,7,1,4,5,18,18,36,33,297,9.0
2021-05-23,0,0,0,0,1,1,0,0,0,0,0,0,1,1,2,4,1,5,5,1,6,3,4,7,6,2,8,1,1,2,20,11,31,25,232,9.28
2021-05-24,0,0,0,0,0,0,1,1,2,2,0,2,1,1,2,3,1,4,4,1,5,8,4,12,6,3,9,1,2,3,26,13,39,38,304,8.0
2021-05-25,0,0,0,0,0,0,0,0,0,2,0,2,1,1,2,1,0,1,1,2,3,2,2,4,4,1,5,0,1,1,11,7,18,18,141,7.833333333333333
2021-05-26,0,0,0,0,0,0,0,1,1,0,0,0,0,0,0,8,1,9,6,4,10,7,5,12,3,9,12,0,0,0,24,20,44,42,308,7.333333333333333
2021-05-27,0,0,0,0,0,0,0,0,0,0,0,0,0,0,0,6,2,8,6,0,6,8,6,14,5,5,10,0,3,3,25,16,41,39,294,7.538461538461538
2021-05-28,0,0,0,0,0,0,0,0,0,1,0,1,0,1,1,1,1,2,1,1,2,3,2,5,0,2,2,2,0,2,8,7,15,15,106,7.066666666666666
2021-05-29,0,0,0,0,0,0,0,0,0,0,0,0,0,0,0,4,0,4,2,1,3,3,0,3,0,2,2,0,0,0,9,3,12,12,78,6.5
2021-05-30,0,0,0,0,0,0,0,1,1,0,0,0,1,1,2,4,1,5,3,2,5,1,1,2,1,1,2,0,1,1,10,8,18,17,117,6.882352941176471
2021-05-31,0,0,0,0,0,0,0,0,0,0,0,0,1,0,1,1,3,4,3,0,3,0,0,0,4,4,8,0,1,1,9,8,17,15,95,6.333333333333333
2021-06-01,0,0,0,0,0,0,0,0,0,0,0,0,0,0,0,1,1,2,2,1,3,0,3,3,1,4,5,2,1,3,6,10,16,16,110,6.875
2021-06-02,0,0,0,0,0,0,0,0,0,0,0,0,0,0,0,0,0,0,1,0,1,2,1,3,0,4,4,2,1,3,5,6,11,10,54,5.4
2021-06-03,0,0,0,0,0,0,0,0,0,0,0,0,0,0,0,3,2,5,1,0,1,2,3,5,4,3,7,0,0,0,10,8,18,18,93,5.166666666666667
2021-06-04,0,0,0,0,0,0,0,0,0,1,0,1,2,0,2,1,1,2,0,0,0,1,0,1,1,4,5,0,1,1,6,6,12,11,35,3.1818181818181817
2021-06-05,0,0,0,0,0,0,0,0,0,0,0,0,0,0,0,1,0,1,0,2,2,2,1,3,0,2,2,0,0,0,3,5,8,7,25,3.5714285714285716
2021-06-06,0,0,0,0,0,0,0,0,0,0,0,0,0,0,0,0,0,0,1,0,1,1,1,2,0,2,2,0,1,1,2,4,6,6,18,3.0
2021-06-07,0,0,0,0,0,0,0,0,0,0,0,0,0,0,0,0,0,0,2,0,2,0,0,0,2,0,2,0,1,1,4,1,5,4,17,4.25
2021-06-08,0,1,1,0,0,0,0,0,0,0,0,0,1,0,1,1,0,1,1,1,2,3,0,3,0,2,2,1,0,1,7,4,11,9,25,2.7777777777777777
2021-06-09,0,0,0,0,0,0,0,0,0,1,0,1,1,1,2,1,0,1,0,1,1,3,1,4,2,1,3,0,1,1,8,5,13,10,21,2.1
2021-06-10,0,0,0,0,0,0,0,0,0,0,0,0,0,1,1,0,0,0,0,2,2,3,0,3,2,1,3,0,0,0,5,4,9,5,14,2.8
2021-06-11,0,0,0,0,0,0,0,0,0,0,0,0,0,0,0,0,0,0,1,1,2,2,0,2,1,0,1,1,0,1,5,1,6,6,17,2.8333333333333335
2021-06-12,0,0,0,0,0,0,0,0,0,0,0,0,0,0,0,0,1,1,0,1,1,0,1,1,0,1,1,0,1,1,0,5,5,5,8,1.6
2021-06-13,0,0,0,0,0,0,0,0,0,0,0,0,0,0,0,0,0,0,0,1,1,0,1,1,0,0,0,0,0,0,0,2,2,1,0,0.0
2021-06-14,0,0,0,0,0,0,0,0,0,0,0,0,0,0,0,0,0,0,1,0,1,0,0,0,0,2,2,0,0,0,1,2,3,0,0,
2021-06-15,0,0,0,0,0,0,0,0,0,0,0,0,0,0,0,0,0,0,0,0,0,0,1,1,0,0,0,0,0,0,0,1,1,0,0,
2021-06-16,0,0,0,0,0,0,0,0,0,0,0,0,0,0,0,0,0,0,0,0,0,0,0,0,0,0,0,0,0,0,0,0,0,0,0,
2021-06-17,0,0,0,0,0,0,0,0,0,0,0,0,0,0,0,0,0,0,0,0,0,0,0,0,0,0,0,0,0,0,0,0,0,0,0,
2021-06-18,0,0,0,0,0,0,0,0,0,0,0,0,0,0,0,0,0,0,0,0,0,0,0,0,0,0,0,0,0,0,0,0,0,0,0,
