FECHA,COVID_LLAMADOS,CASOS_SOSPECHOSOS,CASOS_DESCARTADOS_COVID,CASOS_TRASLADADOS,CASOS_DERIVADOS,LLAMADOSAVG,SOSPECHOSOSAVG,DESCARTADOSAVG,TRASLADADOSAVG,DERIVADOSAVG,%SOSPECHOSOS,%DESCARTADOS,%TRASLADADOS,%DERIVADOS,%SOSPECHOSOSAVG,%DESCARTADOSAVG,%TRASLADADOSAVG,%DERIVADOSAVG
2020-03-17,4426,1461,2965,1461,67,,,,,,0.3300948938093086,0.6699051061906913,0.3300948938093086,0.015137821961138725,,,,
2020-03-18,2239,166,2073,4,3,,,,,,0.07414024117909782,0.9258597588209022,0.001786511835640911,0.0013398838767306833,,,,
2020-03-19,2347,204,2143,15,22,,,,,,0.08691947166595654,0.9130805283340434,0.006391137622496805,0.009373668512995313,,,,
2020-03-20,2404,167,2237,24,27,2233.8571428571427,350.7142857142857,1883.142857142857,225.28571428571428,28.571428571428573,0.0694675540765391,0.9305324459234608,0.009983361064891847,0.011231281198003328,0.15699942444202855,0.8430005755579716,0.10085054678007291,0.012790177143953446
2020-03-21,1303,163,1140,22,26,1796.7142857142858,167.57142857142858,1629.142857142857,20.428571428571427,24.0,0.12509593246354567,0.8749040675364543,0.01688411358403684,0.019953952417498082,0.093265484614773,0.906734515385227,0.011369961039993638,0.013357716466565953
2020-03-22,1429,135,1294,25,24,1725.142857142857,171.14285714285714,1554.0,22.285714285714285,27.142857142857142,0.09447165850244926,0.9055283414975507,0.01749475157452764,0.016794961511546535,0.09920503477972839,0.9007949652202716,0.012918184829413712,0.01573368665120901
2020-03-23,1489,159,1330,26,31,1630.142857142857,169.71428571428572,1460.4285714285713,23.857142857142858,29.0,0.10678307588985897,0.8932169241101411,0.017461383478844864,0.020819341840161182,0.10411006923144335,0.8958899307685566,0.014635001314521077,0.017789851897292087
2020-03-24,1366,179,1187,27,35,1526.7142857142858,178.28571428571428,1348.4285714285713,23.857142857142858,32.0,0.13103953147877012,0.8689604685212299,0.019765739385065886,0.02562225475841874,0.11677739309441376,0.8832226069055861,0.015626462056704406,0.02096004491438196
2020-03-25,1738,191,1547,17,25,1513.0,180.71428571428572,1332.2857142857142,23.142857142857142,30.714285714285715,0.10989643268124281,0.8901035673187572,0.009781357882623706,0.014384349827387802,0.11944103484090265,0.8805589651590973,0.015296006042866584,0.02030025493343405
2020-03-26,1682,194,1488,26,35,1433.857142857143,183.28571428571428,1250.5714285714287,21.857142857142858,29.285714285714285,0.11533888228299644,0.8846611177170036,0.015457788347205707,0.020808561236623068,0.12782703995217692,0.8721729600478231,0.015243598684865996,0.020424429610441365
2020-03-27,1680,227,1453,24,48,1382.142857142857,188.85714285714286,1193.2857142857142,22.142857142857142,28.571428571428573,0.1351190476190476,0.8648809523809524,0.014285714285714285,0.02857142857142857,0.13664082687338502,0.8633591731266149,0.016020671834625324,0.020671834625323
2020-03-28,1207,180,1027,17,17,1308.142857142857,205.57142857142858,1102.5714285714287,23.857142857142858,27.285714285714285,0.1491300745650373,0.8508699254349628,0.014084507042253521,0.014084507042253521,0.15714753740307963,0.8428524625969205,0.018237414000218412,0.0208583597248007
2020-03-29,875,153,722,16,14,1204.2857142857142,215.85714285714286,988.4285714285714,31.0,27.428571428571427,0.17485714285714285,0.8251428571428572,0.018285714285714287,0.016,0.1792408066429419,0.8207591933570582,0.02574139976275208,0.022775800711743774
2020-03-30,1127,198,929,28,26,1089.2857142857142,205.14285714285714,884.1428571428571,28.714285714285715,25.0,0.1756876663708962,0.8243123336291038,0.024844720496894408,0.023070097604259095,0.18832786885245903,0.811672131147541,0.02636065573770492,0.02295081967213115
2020-03-31,848,296,552,39,26,948.0,188.28571428571428,759.7142857142857,25.428571428571427,21.285714285714285,0.3490566037735849,0.6509433962264151,0.045990566037735846,0.030660377358490566,0.19861362266425556,0.8013863773357444,0.02682338758288125,0.02245328511151296
2020-04-01,1011,263,748,67,26,879.7142857142857,201.42857142857142,678.2857142857143,25.571428571428573,22.428571428571427,0.26013847675568746,0.7398615232443125,0.06627101879327399,0.025717111770524232,0.22897044494965899,0.7710295550503411,0.029067879181552455,0.025495290678791815
2020-04-02,877,119,758,10,18,837.8571428571429,208.14285714285714,629.7142857142857,24.285714285714285,21.142857142857142,0.13568985176738882,0.8643101482326112,0.011402508551881414,0.020524515393386546,0.24842284739982948,0.7515771526001704,0.02898550724637681,0.025234441602728048
2020-04-03,691,109,582,1,22,781.5714285714286,197.57142857142858,584.0,21.571428571428573,19.428571428571427,0.1577424023154848,0.8422575976845152,0.001447178002894356,0.03183791606367583,0.2527874246024493,0.7472125753975507,0.02760007311277646,0.024858343995613232
2020-04-04,729,272,457,18,25,752.8571428571429,172.85714285714286,580.0,16.571428571428573,16.857142857142858,0.3731138545953361,0.6268861454046639,0.024691358024691357,0.03429355281207133,0.22960151802656545,0.7703984819734345,0.022011385199240986,0.022390891840607212
2020-04-05,582,200,382,7,5,695.7142857142857,152.85714285714286,542.8571428571429,7.857142857142857,14.857142857142858,0.3436426116838488,0.6563573883161512,0.012027491408934709,0.00859106529209622,0.21971252566735114,0.780287474332649,0.011293634496919919,0.021355236139630394
2020-04-06,733,124,609,9,14,652.2857142857143,150.57142857142858,501.7142857142857,7.714285714285714,13.428571428571429,0.16916780354706684,0.8308321964529332,0.01227830832196453,0.019099590723055934,0.23083661848445028,0.7691633815155496,0.011826544021024966,0.02058694699956198
2020-04-07,647,123,524,4,8,627.4285714285714,161.14285714285714,466.2857142857143,8.285714285714286,12.0,0.1901081916537867,0.8098918083462133,0.0061823802163833074,0.012364760432766615,0.2568306010928962,0.7431693989071038,0.013205828779599272,0.01912568306010929
2020-04-08,611,123,488,6,12,584.4285714285714,142.71428571428572,441.7142857142857,6.0,9.428571428571429,0.20130932896890344,0.7986906710310966,0.009819967266775777,0.019639934533551555,0.24419457345392326,0.7558054265460767,0.010266438523588365,0.016132974822781716
2020-04-09,573,103,470,9,8,561.8571428571429,136.57142857142858,425.2857142857143,5.0,9.714285714285714,0.17975567190226877,0.8202443280977313,0.015706806282722512,0.013961605584642234,0.24307144673277398,0.756928553267226,0.00889905924230867,0.01728960081362827
2020-04-10,517,183,334,5,12,528.4285714285714,136.57142857142858,391.85714285714283,4.571428571428571,9.142857142857142,0.3539651837524178,0.6460348162475822,0.009671179883945842,0.02321083172147002,0.25844822925114896,0.7415517707488509,0.008650986753176533,0.017301973506353065
2020-04-11,428,143,285,2,7,492.14285714285717,131.0,361.14285714285717,4.285714285714286,8.571428571428571,0.3341121495327103,0.6658878504672897,0.004672897196261682,0.016355140186915886,0.2661828737300435,0.7338171262699564,0.008708272859216255,0.01741654571843251
2020-04-12,424,157,267,0,7,456.2857142857143,127.0,329.2857142857143,4.0,8.428571428571429,0.37028301886792453,0.6297169811320755,0.0,0.01650943396226415,0.27833437695679397,0.721665623043206,0.008766437069505322,0.018472135253600502
2020-04-13,499,124,375,6,10,438.7142857142857,134.0,304.7142857142857,3.142857142857143,8.142857142857142,0.24849699398797595,0.751503006012024,0.012024048096192385,0.02004008016032064,0.3054379680885705,0.6945620319114295,0.007163790296320417,0.018560729404102895
2020-04-14,393,84,309,2,4,439.2857142857143,134.28571428571428,305.0,3.0,8.857142857142858,0.21374045801526717,0.7862595419847328,0.005089058524173028,0.010178117048346057,0.3056910569105691,0.6943089430894309,0.006829268292682927,0.020162601626016262
2020-04-15,360,95,265,4,11,439.57142857142856,147.57142857142858,292.0,2.857142857142857,9.428571428571429,0.2638888888888889,0.7361111111111112,0.011111111111111112,0.030555555555555555,0.3357166070848229,0.6642833929151771,0.006499837504062399,0.021449463763405917
2020-04-16,450,152,298,3,6,424.42857142857144,151.0,273.42857142857144,4.0,10.714285714285714,0.3377777777777778,0.6622222222222223,0.006666666666666667,0.013333333333333334,0.3557724671827667,0.6442275328172332,0.009424436216762033,0.025244025580612586
2020-04-17,521,185,336,4,17,408.57142857142856,136.71428571428572,271.85714285714283,3.142857142857143,10.857142857142858,0.3550863723608445,0.6449136276391555,0.007677543186180422,0.03262955854126679,0.33461538461538465,0.6653846153846154,0.007692307692307693,0.026573426573426574
2020-04-18,430,236,194,1,11,412.14285714285717,143.0,269.14285714285717,2.857142857142857,12.0,0.5488372093023256,0.4511627906976744,0.002325581395348837,0.02558139534883721,0.3469670710571924,0.6530329289428076,0.006932409012131715,0.029116117850953204
2020-04-19,318,181,137,8,16,415.0,137.57142857142858,277.42857142857144,3.142857142857143,13.571428571428571,0.5691823899371069,0.4308176100628931,0.025157232704402517,0.050314465408805034,0.3314974182444062,0.6685025817555938,0.007573149741824441,0.03270223752151463
2020-04-20,388,24,364,0,11,399.14285714285717,123.28571428571429,275.85714285714283,3.2857142857142856,15.0,0.061855670103092786,0.9381443298969072,0.0,0.028350515463917526,0.3088761632068719,0.691123836793128,0.008231925554760199,0.03758052970651395
2020-04-21,418,128,290,0,12,389.0,122.28571428571429,266.7142857142857,2.857142857142857,14.285714285714286,0.3062200956937799,0.69377990430622,0.0,0.028708133971291867,0.31435916268821157,0.6856408373117885,0.007344840249724568,0.03672420124862284
2020-04-22,380,57,323,6,22,356.0,93.85714285714286,262.14285714285717,2.857142857142857,15.0,0.15,0.85,0.015789473684210527,0.05789473684210526,0.26364365971107545,0.7363563402889246,0.008025682182985555,0.042134831460674156
2020-04-23,339,52,287,4,16,333.85714285714283,71.42857142857143,262.42857142857144,2.142857142857143,14.285714285714286,0.15339233038348082,0.8466076696165191,0.011799410029498525,0.0471976401179941,0.21394950791613182,0.7860504920838683,0.006418485237483954,0.04278990158322636
2020-04-24,450,178,272,1,12,326.0,78.85714285714286,247.14285714285714,2.4285714285714284,15.571428571428571,0.39555555555555555,0.6044444444444445,0.0022222222222222222,0.02666666666666667,0.2418930762489045,0.7581069237510956,0.007449605609114811,0.047765118317265556
2020-04-25,199,37,162,1,16,300.2857142857143,65.85714285714286,234.42857142857142,2.4285714285714284,14.571428571428571,0.18592964824120603,0.8140703517587939,0.005025125628140704,0.08040201005025126,0.21931493815413894,0.7806850618458611,0.008087535680304472,0.048525214081826834
2020-04-26,163,24,139,3,11,293.2857142857143,73.85714285714286,219.42857142857142,1.5714285714285714,13.142857142857142,0.147239263803681,0.852760736196319,0.018404907975460124,0.06748466257668712,0.2518265952264978,0.7481734047735021,0.00535801266439357,0.044812469556746226
2020-04-27,333,76,257,2,20,295.7142857142857,89.71428571428571,206.0,1.0,12.428571428571429,0.22822822822822822,0.7717717717717718,0.006006006006006006,0.06006006006006006,0.3033816425120773,0.6966183574879227,0.0033816425120772944,0.042028985507246375
2020-04-28,238,37,201,0,5,252.14285714285714,68.28571428571429,183.85714285714286,0.8571428571428571,12.0,0.15546218487394958,0.8445378151260504,0.0,0.02100840336134454,0.27082152974504253,0.7291784702549575,0.0033994334277620396,0.04759206798866856
2020-04-29,331,113,218,0,12,234.42857142857142,65.0,169.42857142857142,0.7142857142857143,10.857142857142858,0.3413897280966767,0.6586102719033232,0.0,0.03625377643504532,0.2772699573430835,0.7227300426569165,0.0030469226081657527,0.046313223644119446
2020-04-30,356,163,193,0,11,224.14285714285714,63.285714285714285,160.85714285714286,0.2857142857142857,10.0,0.45786516853932585,0.5421348314606742,0.0,0.03089887640449438,0.28234544295729763,0.7176545570427024,0.0012746972594008922,0.04461440407903123
2020-05-01,145,28,117,0,9,205.28571428571428,55.857142857142854,149.42857142857142,0.14285714285714285,8.714285714285714,0.19310344827586207,0.8068965517241379,0.0,0.06206896551724138,0.2720946416144746,0.7279053583855254,0.0006958942240779402,0.04244954766875435
2020-05-02,75,14,61,0,8,217.71428571428572,74.57142857142857,143.14285714285714,0.2857142857142857,9.428571428571429,0.18666666666666668,0.8133333333333334,0.0,0.10666666666666667,0.3425196850393701,0.6574803149606299,0.0013123359580052493,0.04330708661417323
2020-05-03,91,12,79,0,5,192.85714285714286,61.42857142857143,131.42857142857142,0.5714285714285714,10.142857142857142,0.13186813186813187,0.8681318681318682,0.0,0.054945054945054944,0.31851851851851853,0.6814814814814814,0.002962962962962963,0.05259259259259259
2020-05-04,201,24,177,1,11,171.57142857142858,45.0,126.57142857142857,0.5714285714285714,11.142857142857142,0.11940298507462686,0.8805970149253731,0.004975124378109453,0.05472636815920398,0.2622814321398834,0.7377185678601165,0.003330557868442964,0.0649458784346378
2020-05-05,325,168,157,1,10,178.71428571428572,45.42857142857143,133.28571428571428,0.7142857142857143,12.428571428571429,0.5169230769230769,0.48307692307692307,0.003076923076923077,0.03076923076923077,0.2541966426858513,0.7458033573141486,0.003996802557953637,0.06954436450839328
2020-05-06,157,21,136,2,17,205.0,69.42857142857143,135.57142857142858,1.2857142857142858,13.142857142857142,0.1337579617834395,0.8662420382165605,0.012738853503184714,0.10828025477707007,0.3386759581881533,0.6613240418118468,0.006271777003484321,0.06411149825783972
2020-05-07,207,48,159,0,18,214.28571428571428,78.14285714285714,136.14285714285714,1.4285714285714286,13.0,0.2318840579710145,0.7681159420289855,0.0,0.08695652173913043,0.36466666666666664,0.6353333333333333,0.006666666666666667,0.06066666666666667
2020-05-08,195,31,164,1,18,223.71428571428572,78.28571428571429,145.42857142857142,2.0,13.0,0.15897435897435896,0.841025641025641,0.005128205128205128,0.09230769230769231,0.3499361430395913,0.6500638569604086,0.008939974457215836,0.05810983397190293
2020-05-09,259,182,77,4,13,213.57142857142858,58.0,155.57142857142858,2.0,14.0,0.7027027027027027,0.2972972972972973,0.015444015444015444,0.05019305019305019,0.27157190635451506,0.728428093645485,0.009364548494983277,0.06555183946488294
2020-05-10,156,73,83,1,4,225.42857142857142,57.57142857142857,167.85714285714286,1.7142857142857142,12.857142857142858,0.46794871794871795,0.532051282051282,0.00641025641025641,0.02564102564102564,0.2553865652724968,0.7446134347275032,0.0076045627376425855,0.0570342205323194
2020-05-11,267,25,242,5,11,247.14285714285714,72.71428571428571,174.42857142857142,2.0,12.0,0.09363295880149813,0.9063670411985019,0.018726591760299626,0.04119850187265917,0.29421965317919074,0.7057803468208093,0.008092485549132947,0.04855491329479769
2020-05-12,254,26,228,1,17,253.85714285714286,71.28571428571429,182.57142857142858,2.0,10.285714285714286,0.10236220472440945,0.8976377952755905,0.003937007874015748,0.06692913385826772,0.28081035453010694,0.7191896454698932,0.007878446820483961,0.04051772650534609
2020-05-13,240,18,222,0,9,245.0,61.57142857142857,183.42857142857142,2.0,9.714285714285714,0.075,0.925,0.0,0.0375,0.2513119533527697,0.7486880466472303,0.00816326530612245,0.03965014577259475
2020-05-14,359,154,205,2,12,237.0,56.0,181.0,2.0,10.857142857142858,0.42896935933147634,0.5710306406685237,0.005571030640668524,0.033426183844011144,0.23628691983122363,0.7637130801687764,0.008438818565400843,0.04581072935503316
2020-05-15,242,21,221,1,6,258.57142857142856,69.42857142857143,189.14285714285714,1.7142857142857142,12.571428571428571,0.08677685950413223,0.9132231404958677,0.004132231404958678,0.024793388429752067,0.2685082872928177,0.7314917127071824,0.0066298342541436465,0.04861878453038674
2020-05-16,197,114,83,4,9,270.42857142857144,70.42857142857143,200.0,1.5714285714285714,12.857142857142858,0.5786802030456852,0.4213197969543147,0.02030456852791878,0.04568527918781726,0.26043317485472794,0.739566825145272,0.005810882197569994,0.04754358161648178
2020-05-17,100,34,66,1,12,287.14285714285717,77.71428571428571,209.42857142857142,1.7142857142857142,14.285714285714286,0.34,0.66,0.01,0.12,0.2706467661691542,0.7293532338308457,0.0059701492537313425,0.04975124378109452
2020-05-18,418,119,299,3,23,308.14285714285717,75.14285714285714,233.0,1.7142857142857142,14.714285714285714,0.284688995215311,0.715311004784689,0.007177033492822967,0.05502392344497608,0.24385720908669445,0.7561427909133055,0.00556328233657858,0.04775150672229948
2020-05-19,337,33,304,0,19,348.2857142857143,76.57142857142857,271.7142857142857,1.8571428571428572,16.285714285714285,0.09792284866468842,0.9020771513353115,0.0,0.05637982195845697,0.21985233798195242,0.7801476620180476,0.0053322395406070556,0.046759639048400324
2020-05-20,357,69,288,1,19,351.7142857142857,69.57142857142857,282.14285714285717,1.4285714285714286,16.285714285714285,0.19327731092436976,0.8067226890756303,0.0028011204481792717,0.05322128851540616,0.19780666125101543,0.8021933387489846,0.004061738424045491,0.0463038180341186
2020-05-21,506,136,370,2,15,396.0,96.28571428571429,299.7142857142857,2.5714285714285716,16.714285714285715,0.26877470355731226,0.7312252964426877,0.003952569169960474,0.029644268774703556,0.24314574314574317,0.7568542568542569,0.006493506493506494,0.04220779220779221
2020-05-22,523,31,492,2,17,388.7142857142857,105.85714285714286,282.85714285714283,3.2857142857142856,14.857142857142858,0.05927342256214149,0.9407265774378585,0.0038240917782026767,0.032504780114722756,0.2723263506063947,0.7276736493936052,0.008452774715178243,0.03822124219037119
2020-05-23,221,65,156,1,9,397.57142857142856,106.57142857142857,291.0,3.857142857142857,15.857142857142858,0.29411764705882354,0.7058823529411765,0.004524886877828055,0.04072398190045249,0.26805605461731946,0.7319439453826806,0.009701760689902982,0.039885016169601155
2020-05-24,410,221,189,9,15,415.2857142857143,106.85714285714286,308.42857142857144,4.142857142857143,16.142857142857142,0.5390243902439025,0.4609756097560976,0.02195121951219512,0.036585365853658534,0.2573099415204679,0.7426900584795322,0.00997592019263846,0.038871689026487785
2020-05-25,367,186,181,8,10,430.2857142857143,121.57142857142857,308.7142857142857,4.0,16.714285714285715,0.5068119891008175,0.49318801089918257,0.021798365122615803,0.027247956403269755,0.2825365205843294,0.7174634794156707,0.009296148738379814,0.03884462151394422
2020-05-26,399,38,361,4,26,422.0,131.14285714285714,290.85714285714283,3.7142857142857144,16.285714285714285,0.09523809523809523,0.9047619047619048,0.010025062656641603,0.06516290726817042,0.3107650643195667,0.6892349356804333,0.008801624915368992,0.03859174001354096
2020-05-27,481,71,410,3,21,418.14285714285717,126.42857142857143,291.7142857142857,4.142857142857143,16.571428571428573,0.14760914760914762,0.8523908523908524,0.006237006237006237,0.04365904365904366,0.30235736248718825,0.6976426375128117,0.009907755380936113,0.03963102152374445
2020-05-28,611,239,372,1,19,399.57142857142856,117.28571428571429,282.2857142857143,3.857142857142857,15.571428571428571,0.3911620294599018,0.6088379705400983,0.0016366612111292963,0.031096563011456628,0.29352878083661066,0.7064712191633894,0.009653199856989631,0.03897032534858778
2020-05-29,465,98,367,0,14,403.57142857142856,94.0,309.57142857142856,3.2857142857142856,16.714285714285715,0.210752688172043,0.789247311827957,0.0,0.030107526881720432,0.2329203539823009,0.7670796460176991,0.008141592920353982,0.04141592920353983
2020-05-30,194,32,162,4,11,408.85714285714283,92.0,316.85714285714283,3.5714285714285716,14.714285714285714,0.16494845360824742,0.8350515463917526,0.020618556701030927,0.05670103092783505,0.2250174703004892,0.7749825296995109,0.008735150244584208,0.03598881900768693
2020-05-31,280,157,123,7,8,399.7142857142857,86.57142857142857,313.14285714285717,3.5714285714285716,13.857142857142858,0.5607142857142857,0.4392857142857143,0.025,0.02857142857142857,0.2165832737669764,0.7834167262330236,0.008934953538241601,0.03466761972837741
2020-06-01,395,23,372,4,18,372.14285714285717,56.285714285714285,315.85714285714283,3.7142857142857144,12.857142857142858,0.05822784810126582,0.9417721518987342,0.010126582278481013,0.04556962025316456,0.15124760076775431,0.8487523992322455,0.009980806142034549,0.0345489443378119
2020-06-02,436,24,412,6,12,364.42857142857144,47.142857142857146,317.2857142857143,4.142857142857143,12.857142857142858,0.05504587155963303,0.944954128440367,0.013761467889908258,0.027522935779816515,0.1293610348882791,0.8706389651117208,0.01136809094472756,0.03528028224225794
2020-06-03,417,33,384,3,15,376.7142857142857,50.857142857142854,325.85714285714283,3.857142857142857,14.142857142857142,0.07913669064748201,0.920863309352518,0.007194244604316547,0.03597122302158273,0.13500189609404625,0.8649981039059537,0.010238907849829351,0.03754266211604095
2020-06-04,418,27,391,2,12,401.14285714285717,63.714285714285715,337.42857142857144,5.0,15.714285714285714,0.0645933014354067,0.9354066985645934,0.004784688995215311,0.028708133971291867,0.1588319088319088,0.8411680911680911,0.012464387464387463,0.03917378917378917
2020-06-05,411,34,377,3,14,418.57142857142856,67.85714285714286,350.7142857142857,4.714285714285714,16.428571428571427,0.0827250608272506,0.9172749391727494,0.0072992700729927005,0.0340632603406326,0.16211604095563142,0.8378839590443686,0.011262798634812287,0.03924914675767918
2020-06-06,280,58,222,2,20,434.14285714285717,82.85714285714286,351.2857142857143,4.571428571428571,17.0,0.20714285714285716,0.7928571428571428,0.007142857142857143,0.07142857142857142,0.19085225403093123,0.8091477459690687,0.010529779532741031,0.039157617637380716
2020-06-07,451,247,204,15,19,468.7142857142857,97.57142857142857,371.14285714285717,4.428571428571429,18.142857142857142,0.5476718403547672,0.4523281596452328,0.03325942350332594,0.04212860310421286,0.20816824138982018,0.7918317586101798,0.009448338921060652,0.03870771106370009
2020-06-08,517,52,465,2,23,481.85714285714283,106.85714285714286,375.0,4.714285714285714,18.857142857142858,0.10058027079303675,0.8994197292069632,0.0038684719535783366,0.04448742746615087,0.22176104358138157,0.7782389564186185,0.009783575452119775,0.0391343018084791
2020-06-09,545,129,416,5,16,525.4285714285714,129.0,396.42857142857144,4.428571428571429,19.714285714285715,0.23669724770642203,0.763302752293578,0.009174311926605505,0.029357798165137616,0.24551386623164762,0.7544861337683524,0.008428493746601415,0.037520391517128875
2020-06-10,659,136,523,2,23,519.4285714285714,129.42857142857142,390.0,4.285714285714286,19.0,0.20637329286798178,0.7936267071320182,0.0030349013657056147,0.03490136570561457,0.24917491749174914,0.7508250825082508,0.00825082508250825,0.036578657865786575
2020-06-11,510,92,418,4,17,491.7142857142857,99.71428571428571,392.0,2.2857142857142856,17.428571428571427,0.1803921568627451,0.8196078431372549,0.00784313725490196,0.03333333333333333,0.20278907611853572,0.7972109238814643,0.004648460197559558,0.03544450900639163
2020-06-12,716,189,527,1,20,459.57142857142856,103.42857142857143,356.14285714285717,2.5714285714285716,15.571428571428571,0.2639664804469274,0.7360335195530726,0.0013966480446927375,0.027932960893854747,0.22505439850792666,0.7749456014920735,0.005595275101025801,0.03388249922287846
2020-06-13,238,61,177,1,15,387.14285714285717,85.85714285714286,301.2857142857143,1.8571428571428572,14.0,0.25630252100840334,0.7436974789915967,0.004201680672268907,0.06302521008403361,0.22177121771217712,0.7782287822878228,0.004797047970479705,0.03616236162361623
2020-06-14,257,39,218,1,8,394.14285714285717,73.42857142857143,320.7142857142857,2.142857142857143,14.857142857142858,0.1517509727626459,0.8482490272373541,0.0038910505836575876,0.0311284046692607,0.18629938383472272,0.8137006161652772,0.005436752446538601,0.03769481696266763
2020-06-15,292,78,214,4,10,329.0,60.714285714285715,268.2857142857143,1.5714285714285714,13.0,0.2671232876712329,0.7328767123287672,0.0136986301369863,0.03424657534246575,0.18454190186712982,0.8154580981328702,0.004776378636561007,0.03951367781155015
2020-06-16,38,6,32,0,5,337.42857142857144,43.714285714285715,293.7142857142857,2.142857142857143,14.0,0.15789473684210525,0.8421052631578947,0.0,0.13157894736842105,0.12955122777307365,0.8704487722269263,0.006350550381033023,0.041490262489415744
2020-06-17,708,49,659,4,29,411.14285714285717,45.0,366.14285714285717,2.7142857142857144,15.0,0.0692090395480226,0.9307909604519774,0.005649717514124294,0.04096045197740113,0.10945100764419735,0.8905489923558026,0.00660180681028492,0.03648366921473245
2020-06-18,54,3,51,0,4,477.7142857142857,51.42857142857143,426.2857142857143,2.7142857142857144,17.285714285714285,0.05555555555555555,0.9444444444444444,0.0,0.07407407407407407,0.1076555023923445,0.8923444976076554,0.005681818181818182,0.036184210526315784
2020-06-23,775,70,705,5,27,533.1428571428571,53.42857142857143,479.7142857142857,2.5714285714285716,19.142857142857142,0.09032258064516129,0.9096774193548387,0.0064516129032258064,0.03483870967741935,0.10021436227224009,0.89978563772776,0.00482315112540193,0.03590568060021437
2020-06-24,754,70,684,5,22,598.0,79.0,519.0,2.857142857142857,20.0,0.09283819628647215,0.9071618037135278,0.006631299734748011,0.029177718832891247,0.13210702341137123,0.8678929765886287,0.004777830864787387,0.033444816053511704
2020-06-25,723,84,639,1,24,537.4285714285714,80.57142857142857,456.85714285714283,2.857142857142857,18.0,0.11618257261410789,0.8838174273858921,0.0013831258644536654,0.03319502074688797,0.14992025518341306,0.8500797448165869,0.00531632110579479,0.03349282296650718
2020-06-26,680,92,588,3,23,630.0,92.57142857142857,537.4285714285714,3.0,20.285714285714285,0.13529411764705881,0.8647058823529412,0.004411764705882353,0.033823529411764704,0.14693877551020407,0.8530612244897959,0.004761904761904762,0.03219954648526077
2020-06-27,492,185,307,2,11,607.8571428571429,89.0,518.8571428571429,2.5714285714285716,19.142857142857142,0.37601626016260165,0.6239837398373984,0.0040650406504065045,0.022357723577235773,0.1464159811985899,0.8535840188014101,0.004230317273795535,0.03149236192714453
2020-06-28,284,60,224,4,15,595.8571428571429,97.42857142857143,498.42857142857144,2.142857142857143,19.428571428571427,0.2112676056338028,0.7887323943661971,0.014084507042253521,0.0528169014084507,0.16350994965236154,0.8364900503476385,0.0035962598897146965,0.03260608966674658
2020-06-29,702,87,615,1,20,579.8571428571429,93.71428571428571,486.14285714285717,2.142857142857143,20.142857142857142,0.12393162393162394,0.8760683760683761,0.0014245014245014246,0.02849002849002849,0.1616161616161616,0.8383838383838383,0.0036954915003695487,0.03473762010347376
2020-06-30,620,45,575,2,19,555.5714285714286,84.42857142857143,471.14285714285717,1.7142857142857142,18.428571428571427,0.07258064516129033,0.9274193548387096,0.0032258064516129032,0.03064516129032258,0.15196708665466702,0.848032913345333,0.003085626124967858,0.03317048084340447
2020-07-01,670,129,541,2,24,537.7142857142857,64.71428571428571,473.0,2.142857142857143,18.857142857142858,0.1925373134328358,0.8074626865671641,0.0029850746268656717,0.03582089552238806,0.12035069075451647,0.8796493092454836,0.003985122210414453,0.03506907545164719
2020-07-02,611,58,553,1,29,546.4285714285714,63.57142857142857,482.85714285714283,1.7142857142857142,19.571428571428573,0.09492635024549918,0.9050736497545008,0.0016366612111292963,0.04746317512274959,0.11633986928104574,0.8836601307189542,0.003137254901960784,0.03581699346405229
2020-07-03,510,27,483,0,11,547.7142857142857,72.0,475.7142857142857,1.7142857142857142,19.571428571428573,0.052941176470588235,0.9470588235294117,0.0,0.021568627450980392,0.13145539906103287,0.8685446009389672,0.003129890453834116,0.03573291601460616
2020-07-04,367,47,320,5,14,532.2857142857143,78.71428571428571,453.57142857142856,1.5714285714285714,18.571428571428573,0.12806539509536785,0.8719346049046321,0.013623978201634877,0.03814713896457766,0.14787976382179277,0.8521202361782071,0.002952227589908749,0.03488996242619431
2020-07-05,345,52,293,1,20,514.7142857142857,65.42857142857143,449.2857142857143,2.0,17.857142857142858,0.15072463768115943,0.8492753623188406,0.002898550724637681,0.057971014492753624,0.12711629197890648,0.8728837080210936,0.003885650846516792,0.03469331112961421
2020-07-06,711,146,565,1,20,470.85714285714283,63.0,407.85714285714283,2.0,14.571428571428571,0.20534458509142053,0.7946554149085795,0.0014064697609001407,0.02812939521800281,0.1337985436893204,0.8662014563106796,0.00424757281553398,0.030946601941747573
2020-07-07,512,92,420,1,12,429.2857142857143,62.285714285714285,367.0,2.142857142857143,14.0,0.1796875,0.8203125,0.001953125,0.0234375,0.14509151414309485,0.8549084858569052,0.004991680532445923,0.032612312811980036
2020-07-08,547,36,511,5,19,430.0,73.57142857142857,356.42857142857144,1.5714285714285714,12.714285714285714,0.06581352833638025,0.9341864716636198,0.009140767824497258,0.03473491773308958,0.17109634551495015,0.8289036544850499,0.003654485049833887,0.029568106312292355
2020-07-09,304,41,263,1,6,417.7142857142857,69.14285714285714,348.57142857142856,1.5714285714285714,10.428571428571429,0.13486842105263158,0.8651315789473685,0.003289473684210526,0.019736842105263157,0.1655266757865937,0.8344733242134063,0.003761969904240766,0.02496580027359781
2020-07-10,219,22,197,1,7,412.85714285714283,54.285714285714285,358.57142857142856,1.4285714285714286,10.428571428571429,0.1004566210045662,0.8995433789954338,0.0045662100456621,0.0319634703196347,0.13148788927335642,0.8685121107266436,0.0034602076124567475,0.025259515570934258
2020-07-11,372,126,246,1,5,418.57142857142856,57.57142857142857,361.0,1.5714285714285714,10.857142857142858,0.3387096774193548,0.6612903225806451,0.002688172043010753,0.013440860215053764,0.13754266211604096,0.8624573378839591,0.003754266211604096,0.025938566552901027
2020-07-12,259,21,238,1,4,359.42857142857144,60.714285714285715,298.7142857142857,1.0,10.142857142857142,0.08108108108108109,0.918918918918919,0.003861003861003861,0.015444015444015444,0.16891891891891891,0.831081081081081,0.0027821939586645467,0.028219395866454687
2020-07-13,677,42,635,0,20,337.57142857142856,66.14285714285714,271.42857142857144,1.0,12.0,0.0620384047267356,0.9379615952732644,0.0,0.029542097488921712,0.19593736775285653,0.8040626322471436,0.002962336013542108,0.035548032162505294
2020-07-14,552,115,437,2,15,327.85714285714283,67.85714285714286,260.0,1.4285714285714286,12.428571428571429,0.20833333333333334,0.7916666666666666,0.0036231884057971015,0.02717391304347826,0.2069716775599129,0.7930283224400873,0.004357298474945534,0.03790849673202615
2020-07-15,133,58,75,1,14,280.7142857142857,55.714285714285715,225.0,1.4285714285714286,13.428571428571429,0.43609022556390975,0.5639097744360902,0.007518796992481203,0.10526315789473684,0.1984732824427481,0.8015267175572519,0.005089058524173028,0.04783715012722646
2020-07-16,151,79,72,1,19,251.14285714285714,57.714285714285715,193.42857142857142,2.0,14.285714285714286,0.5231788079470199,0.4768211920529801,0.006622516556291391,0.12582781456953643,0.22980659840728102,0.770193401592719,0.007963594994311717,0.056882821387940846
2020-07-17,151,34,117,4,10,168.71428571428572,60.142857142857146,108.57142857142857,2.4285714285714284,13.571428571428571,0.2251655629139073,0.7748344370860927,0.026490066225165563,0.06622516556291391,0.35647756138865366,0.6435224386113463,0.01439458086367485,0.08044030482641829
2020-07-18,42,41,1,1,12,99.14285714285714,53.0,46.142857142857146,2.5714285714285716,13.142857142857142,0.9761904761904762,0.023809523809523808,0.023809523809523808,0.2857142857142857,0.5345821325648416,0.46541786743515856,0.025936599423631128,0.13256484149855907
2020-07-19,52,35,17,5,10,98.28571428571429,62.714285714285715,35.57142857142857,2.7142857142857144,13.142857142857142,0.6730769230769231,0.3269230769230769,0.09615384615384616,0.19230769230769232,0.6380813953488372,0.36191860465116277,0.027616279069767442,0.13372093023255813
2020-07-20,100,59,41,3,15,81.0,55.57142857142857,25.428571428571427,2.7142857142857144,12.0,0.59,0.41,0.03,0.15,0.6860670194003528,0.31393298059964725,0.03350970017636684,0.14814814814814814
2020-07-21,65,65,0,3,12,75.42857142857143,66.71428571428571,8.714285714285714,2.4285714285714284,11.571428571428571,1.0,0.0,0.046153846153846156,0.18461538461538463,0.8844696969696969,0.11553030303030301,0.032196969696969696,0.1534090909090909
2020-07-22,127,126,1,2,14,72.57142857142857,63.857142857142854,8.714285714285714,2.2857142857142856,10.142857142857142,0.9921259842519685,0.007874015748031496,0.015748031496062992,0.11023622047244094,0.8799212598425197,0.12007874015748031,0.031496062992125984,0.13976377952755906
2020-07-23,30,29,1,1,11,67.42857142857143,61.142857142857146,6.285714285714286,1.5714285714285714,9.0,0.9666666666666667,0.03333333333333333,0.03333333333333333,0.36666666666666664,0.9067796610169492,0.09322033898305085,0.023305084745762712,0.13347457627118645
2020-07-24,112,112,0,2,7,66.85714285714286,66.42857142857143,0.42857142857142855,1.5714285714285714,8.0,1.0,0.0,0.017857142857142856,0.0625,0.9935897435897436,0.006410256410256409,0.023504273504273504,0.11965811965811965
2020-07-25,22,21,1,0,2,62.57142857142857,62.142857142857146,0.42857142857142855,1.1428571428571428,7.571428571428571,0.9545454545454546,0.045454545454545456,0.0,0.09090909090909091,0.9931506849315069,0.00684931506849315,0.0182648401826484,0.12100456621004566
2020-07-26,16,16,0,0,2,48.57142857142857,48.142857142857146,0.42857142857142855,1.0,8.0,1.0,0.0,0.0,0.125,0.9911764705882354,0.008823529411764706,0.020588235294117647,0.16470588235294117
2020-07-27,96,96,0,3,8,100.0,48.142857142857146,51.857142857142854,1.0,7.714285714285714,1.0,0.0,0.03125,0.08333333333333333,0.4814285714285715,0.5185714285714286,0.01,0.07714285714285714
2020-07-28,35,35,0,0,9,167.14285714285714,46.142857142857146,121.0,0.8571428571428571,7.857142857142857,1.0,0.0,0.0,0.2571428571428571,0.2760683760683761,0.7239316239316239,0.005128205128205128,0.04700854700854701
2020-07-29,29,28,1,1,17,213.0,51.857142857142854,161.14285714285714,0.8571428571428571,8.857142857142858,0.9655172413793104,0.034482758620689655,0.034482758620689655,0.5862068965517241,0.24346076458752514,0.7565392354124748,0.004024144869215291,0.04158283031522468
2020-07-30,390,29,361,1,9,265.14285714285717,53.0,212.14285714285714,1.0,9.428571428571429,0.07435897435897436,0.9256410256410257,0.002564102564102564,0.023076923076923078,0.19989224137931033,0.8001077586206896,0.0037715517241379308,0.0355603448275862
2020-07-31,582,98,484,1,8,363.85714285714283,44.857142857142854,319.0,0.7142857142857143,10.0,0.16838487972508592,0.8316151202749141,0.001718213058419244,0.013745704467353952,0.12328229289360032,0.8767177071063997,0.0019630938358853557,0.027483313702394978
2020-08-01,343,61,282,0,9,468.0,45.714285714285715,422.2857142857143,1.2857142857142858,11.142857142857142,0.17784256559766765,0.8221574344023324,0.0,0.026239067055393587,0.09768009768009768,0.9023199023199023,0.0027472527472527475,0.023809523809523808
2020-08-02,381,24,357,1,6,568.8571428571429,46.42857142857143,522.4285714285714,1.1428571428571428,11.428571428571429,0.06299212598425197,0.937007874015748,0.0026246719160104987,0.015748031496062992,0.08161727774987443,0.9183827222501255,0.002009040683073832,0.02009040683073832
2020-08-03,787,39,748,1,12,606.2857142857143,46.57142857142857,559.7142857142857,1.2857142857142858,11.857142857142858,0.04955527318932656,0.9504447268106735,0.0012706480304955528,0.015247776365946633,0.07681432610744579,0.923185673892554,0.002120640904806786,0.019557021677662583
2020-08-04,764,41,723,4,17,613.0,36.57142857142857,576.4285714285714,1.4285714285714286,11.857142857142858,0.05366492146596859,0.9463350785340314,0.005235602094240838,0.02225130890052356,0.05965975297133535,0.9403402470286647,0.0023304591004427873,0.019342810533675134
2020-08-05,735,33,702,0,19,605.7142857142857,30.285714285714285,575.4285714285714,1.4285714285714286,11.0,0.044897959183673466,0.9551020408163265,0.0,0.02585034013605442,0.05,0.9500000000000001,0.002358490566037736,0.01816037735849057
2020-08-06,652,30,622,2,12,598.5714285714286,30.142857142857142,568.4285714285714,1.2857142857142858,10.571428571428571,0.046012269938650305,0.9539877300613497,0.003067484662576687,0.018404907975460124,0.05035799522673031,0.9496420047732698,0.0021479713603818618,0.01766109785202864
2020-08-07,629,28,601,2,8,602.7142857142857,30.571428571428573,572.1428571428571,1.4285714285714286,11.0,0.04451510333863275,0.9554848966613673,0.003179650238473768,0.012718600953895072,0.05072292012325196,0.949277079876748,0.0023702299123014936,0.0182507703247215
2020-08-08,292,17,275,0,3,599.8571428571429,43.0,556.8571428571429,1.5714285714285714,9.571428571428571,0.05821917808219178,0.9417808219178082,0.0,0.010273972602739725,0.0716837342224339,0.9283162657775661,0.002619671350321505,0.01595618004286735
2020-08-09,331,23,308,0,3,598.5714285714286,48.285714285714285,550.2857142857143,1.7142857142857142,8.428571428571429,0.06948640483383686,0.9305135951661632,0.0,0.00906344410876133,0.08066825775656325,0.9193317422434368,0.002863961813842482,0.014081145584725539
2020-08-10,816,42,774,2,15,608.4285714285714,48.857142857142854,559.5714285714286,1.4285714285714286,8.428571428571429,0.051470588235294115,0.9485294117647058,0.0024509803921568627,0.01838235294117647,0.08030054003287156,0.9196994599671284,0.0023479690068091102,0.01385301714017375
2020-08-11,744,128,616,5,7,617.1428571428571,49.0,568.1428571428571,1.5714285714285714,8.714285714285714,0.17204301075268819,0.8279569892473119,0.006720430107526882,0.009408602150537635,0.07939814814814815,0.9206018518518518,0.0025462962962962965,0.01412037037037037
2020-08-12,726,70,656,1,11,624.0,51.57142857142857,572.4285714285714,1.5714285714285714,8.714285714285714,0.09641873278236915,0.9035812672176309,0.0013774104683195593,0.015151515151515152,0.08264652014652014,0.9173534798534799,0.0025183150183150185,0.013965201465201464
2020-08-13,721,34,687,0,12,626.8571428571429,52.42857142857143,574.4285714285714,1.5714285714285714,9.142857142857142,0.047156726768377254,0.9528432732316228,0.0,0.016643550624133148,0.08363719234275296,0.916362807657247,0.0025068368277119417,0.014585232452142204
2020-08-14,690,29,661,3,10,563.1428571428571,50.42857142857143,512.7142857142857,1.2857142857142858,7.714285714285714,0.042028985507246375,0.9579710144927536,0.004347826086956522,0.014492753623188406,0.0895484525621512,0.9104515474378487,0.0022831050228310505,0.013698630136986302
2020-08-15,340,35,305,0,3,553.5714285714286,36.285714285714285,517.2857142857143,0.8571428571428571,7.857142857142857,0.10294117647058823,0.8970588235294118,0.0,0.008823529411764706,0.0655483870967742,0.9344516129032259,0.0015483870967741935,0.014193548387096773
2020-08-16,351,29,322,0,6,537.0,30.571428571428573,506.42857142857144,0.8571428571428571,7.714285714285714,0.08262108262108261,0.9173789173789174,0.0,0.017094017094017096,0.05693003458366587,0.9430699654163341,0.001596169193934557,0.014365522745411015
2020-08-17,370,28,342,0,5,535.7142857142857,31.285714285714285,504.42857142857144,1.0,7.428571428571429,0.07567567567567568,0.9243243243243243,0.0,0.013513513513513514,0.0584,0.9416000000000001,0.0018666666666666669,0.013866666666666668
2020-08-18,677,29,648,2,8,529.7142857142857,31.857142857142858,497.85714285714283,1.0,8.142857142857142,0.04283604135893648,0.9571639586410635,0.0029542097488921715,0.011816838995568686,0.060140237324703354,0.9398597626752967,0.001887810140237325,0.015372168284789645
2020-08-19,610,30,580,1,10,534.4285714285714,35.42857142857143,499.0,1.1428571428571428,8.571428571428571,0.04918032786885246,0.9508196721311475,0.001639344262295082,0.01639344262295082,0.06629243517775996,0.93370756482224,0.0021384656508954825,0.01603849238171612
2020-08-20,712,39,673,1,10,536.0,35.142857142857146,500.85714285714283,1.1428571428571428,8.428571428571429,0.054775280898876406,0.9452247191011236,0.0014044943820224719,0.014044943820224719,0.06556503198294243,0.9344349680170575,0.0021321961620469083,0.01572494669509595
2020-08-21,648,33,615,3,15,604.0,44.857142857142854,559.1428571428571,1.2857142857142858,8.857142857142858,0.05092592592592592,0.9490740740740741,0.004629629629629629,0.023148148148148147,0.07426679280983917,0.9257332071901608,0.0021286660359508044,0.014664143803216652
2020-08-22,373,60,313,1,6,603.4285714285714,46.285714285714285,557.1428571428571,1.4285714285714286,10.0,0.16085790884718498,0.839142091152815,0.002680965147453083,0.0160857908847185,0.07670454545454546,0.9232954545454545,0.0023674242424242425,0.016571969696969696
2020-08-23,362,27,335,0,5,618.7142857142857,47.857142857142854,570.8571428571429,1.4285714285714286,10.571428571428571,0.07458563535911603,0.925414364640884,0.0,0.013812154696132596,0.0773493419533595,0.9226506580466406,0.0023089355806972986,0.01708612329716001
2020-08-24,846,96,750,1,8,610.4285714285714,47.285714285714285,563.1428571428571,1.8571428571428572,11.428571428571429,0.11347517730496454,0.8865248226950354,0.001182033096926714,0.009456264775413711,0.07746314065059677,0.9225368593494031,0.0030423589983618066,0.01872220922068804
2020-08-25,673,39,634,3,16,616.2857142857143,47.57142857142857,568.7142857142857,1.8571428571428572,10.0,0.05794947994056464,0.9420505200594353,0.004457652303120356,0.0237741456166419,0.0771905424200278,0.922809457579972,0.003013444598980065,0.016226240148354193
2020-08-26,717,41,676,1,14,620.0,43.0,577.0,1.8571428571428572,10.142857142857142,0.05718270571827057,0.9428172942817294,0.001394700139470014,0.019525801952580194,0.06935483870967742,0.9306451612903226,0.0029953917050691246,0.016359447004608296
2020-08-27,654,35,619,4,16,626.8571428571429,45.57142857142857,581.2857142857143,1.8571428571428572,10.142857142857142,0.053516819571865444,0.9464831804281345,0.0061162079510703364,0.024464831804281346,0.0726982680036463,0.9273017319963537,0.0029626253418413855,0.01618049225159526
2020-08-28,689,35,654,3,5,608.0,35.714285714285715,572.2857142857143,2.142857142857143,10.285714285714286,0.05079825834542816,0.9492017416545718,0.0043541364296081275,0.00725689404934688,0.0587406015037594,0.9412593984962406,0.0035244360902255637,0.01691729323308271
2020-08-29,399,28,371,1,7,594.4285714285714,35.142857142857146,559.2857142857143,2.142857142857143,9.571428571428571,0.07017543859649122,0.9298245614035088,0.002506265664160401,0.017543859649122806,0.05912040374909878,0.9408795962509012,0.003604902667627974,0.016101898582071617
2020-08-30,410,45,365,0,5,581.5714285714286,34.42857142857143,547.1428571428571,2.142857142857143,8.857142857142858,0.10975609756097561,0.8902439024390244,0.0,0.012195121951219513,0.05919921395234587,0.9408007860476542,0.0036845983787767134,0.015229673298943749
2020-08-31,714,27,687,3,9,579.8571428571429,33.857142857142854,546.0,1.8571428571428572,7.714285714285714,0.037815126050420166,0.9621848739495799,0.004201680672268907,0.012605042016806723,0.05838876570583887,0.941611234294161,0.003202759300320276,0.013303769401330377
2020-09-01,578,35,543,3,11,569.0,34.57142857142857,534.4285714285714,1.8571428571428572,9.285714285714286,0.06055363321799308,0.9394463667820069,0.005190311418685121,0.01903114186851211,0.06075822244539292,0.9392417775546071,0.003263871453678132,0.01631935726839066
2020-09-02,627,36,591,1,9,550.5714285714286,33.857142857142854,516.7142857142857,1.7142857142857142,9.142857142857142,0.05741626794258373,0.9425837320574163,0.001594896331738437,0.014354066985645933,0.06149455111572392,0.938505448884276,0.0031136481577581734,0.01660612350804359
2020-09-03,642,31,611,2,8,522.4285714285714,29.285714285714285,493.14285714285717,1.7142857142857142,8.714285714285714,0.048286604361370715,0.9517133956386293,0.003115264797507788,0.012461059190031152,0.05605687722176647,0.9439431227782336,0.0032813781788351105,0.016680339075745145
2020-09-04,613,40,573,3,16,532.0,30.714285714285715,501.2857142857143,1.7142857142857142,9.0,0.06525285481239804,0.9347471451876019,0.004893964110929853,0.026101141924959218,0.057733619763694954,0.942266380236305,0.0032223415682062296,0.016917293233082706
2020-09-05,270,23,247,0,6,551.0,31.0,520.0,1.5714285714285714,9.142857142857142,0.08518518518518518,0.9148148148148149,0.0,0.022222222222222223,0.056261343012704176,0.9437386569872959,0.002851957479906663,0.016593207155820584
2020-09-06,213,13,200,0,2,550.4285714285714,29.714285714285715,520.7142857142857,1.5714285714285714,9.714285714285714,0.06103286384976526,0.9389671361502347,0.0,0.009389671361502348,0.053983908642616145,0.9460160913573837,0.002854918245522969,0.017648585517778353
2020-09-07,781,37,744,3,11,533.0,28.0,505.0,1.4285714285714286,9.428571428571429,0.04737516005121639,0.9526248399487837,0.0038412291933418692,0.014084507042253521,0.0525328330206379,0.9474671669793621,0.002680246582685607,0.01768962744572501
2020-09-08,711,37,674,2,12,517.1428571428571,25.571428571428573,491.57142857142856,1.1428571428571428,7.428571428571429,0.052039381153305204,0.9479606188466948,0.0028129395218002813,0.016877637130801686,0.0494475138121547,0.9505524861878454,0.0022099447513812156,0.014364640883977903
2020-09-09,623,27,596,1,13,521.4285714285714,26.142857142857142,495.2857142857143,1.1428571428571428,7.714285714285714,0.04333868378812199,0.956661316211878,0.0016051364365971107,0.02086677367576244,0.05013698630136986,0.9498630136986301,0.002191780821917808,0.014794520547945205
2020-09-10,520,19,501,1,6,538.7142857142857,29.142857142857142,509.57142857142856,1.1428571428571428,8.714285714285714,0.03653846153846154,0.9634615384615385,0.0019230769230769232,0.011538461538461539,0.054097056483691335,0.9459029435163088,0.0021214531954388757,0.01617608061522143
2020-09-11,502,23,479,1,2,504.2857142857143,27.285714285714285,477.0,0.7142857142857143,8.285714285714286,0.045816733067729085,0.954183266932271,0.00199203187250996,0.00398406374501992,0.05410764872521246,0.9458923512747875,0.00141643059490085,0.01643059490084986
2020-09-12,300,27,273,0,8,476.42857142857144,25.0,451.42857142857144,0.5714285714285714,7.571428571428571,0.09,0.91,0.0,0.02666666666666667,0.05247376311844078,0.9475262368815592,0.0011994002998500749,0.015892053973013492
2020-09-13,334,34,300,0,9,455.57142857142856,25.714285714285715,429.85714285714283,1.1428571428571428,6.857142857142857,0.10179640718562874,0.8982035928143712,0.0,0.02694610778443114,0.05644402634054563,0.9435559736594543,0.002508623392913139,0.015051740357478834
2020-09-14,540,24,516,0,8,449.85714285714283,27.0,422.85714285714283,1.1428571428571428,7.571428571428571,0.044444444444444446,0.9555555555555556,0.0,0.014814814814814815,0.060019053667831064,0.9399809463321689,0.0025404890441409972,0.016830739917434105
2020-09-15,516,21,495,1,7,448.14285714285717,26.714285714285715,421.42857142857144,1.4285714285714286,8.285714285714286,0.040697674418604654,0.9593023255813954,0.001937984496124031,0.013565891472868217,0.059611093401338855,0.9403889065986611,0.0031877590054191903,0.018489002231431306
2020-09-16,477,32,445,5,8,432.85714285714283,25.857142857142858,407.0,1.4285714285714286,7.857142857142857,0.06708595387840671,0.9329140461215933,0.010482180293501049,0.016771488469601678,0.05973597359735974,0.9402640264026403,0.003300330033003301,0.018151815181518153
2020-09-17,480,28,452,1,11,412.14285714285717,23.571428571428573,388.57142857142856,1.4285714285714286,6.714285714285714,0.058333333333333334,0.9416666666666667,0.0020833333333333333,0.022916666666666665,0.05719237435008666,0.9428076256499133,0.0034662045060658577,0.016291161178509532
2020-09-18,490,21,469,3,7,399.85714285714283,23.571428571428573,376.2857142857143,1.5714285714285714,6.571428571428571,0.04285714285714286,0.9571428571428572,0.006122448979591836,0.014285714285714285,0.058949624866023585,0.9410503751339765,0.003929974991068239,0.016434440871739908
2020-09-19,193,21,172,0,5,394.57142857142856,25.428571428571427,369.14285714285717,1.7142857142857142,7.285714285714286,0.10880829015544041,0.8911917098445595,0.0,0.025906735751295335,0.06444605358435916,0.9355539464156409,0.004344677769732078,0.018464880521361332
2020-09-20,189,18,171,0,1,395.85714285714283,26.142857142857142,369.7142857142857,1.4285714285714286,8.0,0.09523809523809523,0.9047619047619048,0.0,0.005291005291005291,0.06604114038253338,0.9339588596174667,0.0036088054853843383,0.020209310718152292
2020-09-21,454,24,430,1,7,387.85714285714283,25.0,362.85714285714283,1.5714285714285714,7.142857142857143,0.05286343612334802,0.947136563876652,0.0022026431718061676,0.015418502202643172,0.06445672191528545,0.9355432780847145,0.004051565377532229,0.01841620626151013
2020-09-22,479,34,445,2,12,383.42857142857144,25.285714285714285,358.14285714285717,1.5714285714285714,7.571428571428571,0.0709812108559499,0.9290187891440501,0.0041753653444676405,0.025052192066805846,0.06594634873323398,0.9340536512667661,0.004098360655737704,0.019746646795827123
2020-09-23,486,37,449,3,13,391.0,26.571428571428573,364.42857142857144,1.5714285714285714,7.428571428571429,0.07613168724279835,0.9238683127572016,0.006172839506172839,0.026748971193415638,0.0679576178297406,0.9320423821702595,0.004018998903909389,0.018998903909389842
2020-09-24,424,20,404,2,5,406.57142857142856,46.42857142857143,360.14285714285717,1.5714285714285714,8.142857142857142,0.04716981132075472,0.9528301886792453,0.0047169811320754715,0.01179245283018868,0.11419536191145468,0.8858046380885454,0.003865073787772312,0.020028109627547433
2020-09-25,459,23,436,3,10,406.7142857142857,47.42857142857143,359.2857142857143,1.8571428571428572,8.285714285714286,0.05010893246187364,0.9498910675381264,0.006535947712418301,0.02178649237472767,0.11661397962767826,0.8833860203723217,0.0045662100456621,0.020372321742184757
2020-09-26,246,30,216,0,4,401.42857142857144,49.142857142857146,352.2857142857143,1.8571428571428572,7.285714285714286,0.12195121951219512,0.8780487804878049,0.0,0.016260162601626018,0.12241992882562278,0.8775800711743772,0.004626334519572953,0.018149466192170817
2020-09-27,298,157,141,0,6,393.7142857142857,46.714285714285715,347.0,1.4285714285714286,7.0,0.5268456375838926,0.47315436241610737,0.0,0.020134228187919462,0.11865021770682148,0.8813497822931785,0.00362844702467344,0.017779390420899856
2020-09-28,455,31,424,3,8,397.85714285714283,52.714285714285715,345.14285714285717,1.1428571428571428,7.0,0.06813186813186813,0.9318681318681319,0.006593406593406593,0.017582417582417582,0.1324955116696589,0.8675044883303412,0.002872531418312388,0.017594254937163375
2020-09-29,442,46,396,2,5,384.57142857142856,52.714285714285715,331.85714285714283,0.8571428571428571,6.714285714285714,0.10407239819004525,0.8959276018099548,0.004524886877828055,0.011312217194570135,0.13707280832095098,0.862927191679049,0.002228826151560178,0.017459138187221397
2020-09-30,432,20,412,0,11,377.14285714285717,53.857142857142854,323.2857142857143,0.8571428571428571,6.428571428571429,0.046296296296296294,0.9537037037037037,0.0,0.02546296296296296,0.1428030303030303,0.8571969696969696,0.0022727272727272726,0.017045454545454544
2020-10-01,453,62,391,0,5,369.0,41.42857142857143,327.57142857142856,0.8571428571428571,6.142857142857143,0.1368653421633554,0.8631346578366446,0.0,0.011037527593818985,0.11227255129694155,0.8877274487030584,0.0023228803716608595,0.01664730933023616
2020-10-02,366,23,343,1,8,365.57142857142856,40.285714285714285,325.2857142857143,0.42857142857142855,6.571428571428571,0.06284153005464481,0.9371584699453552,0.00273224043715847,0.02185792349726776,0.11019929660023448,0.8898007033997656,0.0011723329425556857,0.01797577178585385
2020-10-03,194,38,156,0,2,358.85714285714283,35.714285714285715,323.14285714285717,0.42857142857142855,6.428571428571429,0.1958762886597938,0.8041237113402062,0.0,0.010309278350515464,0.09952229299363058,0.9004777070063695,0.0011942675159235668,0.017914012738853506
2020-10-04,241,70,171,0,4,351.85714285714283,36.0,315.85714285714283,0.5714285714285714,6.0,0.29045643153526973,0.7095435684647303,0.0,0.016597510373443983,0.1023142509135201,0.8976857490864799,0.0016240357287860333,0.01705237515225335
2020-10-05,431,23,408,0,11,344.14285714285717,30.0,314.14285714285717,0.8571428571428571,6.0,0.05336426914153132,0.9466357308584686,0.0,0.025522041763341066,0.087173100871731,0.912826899128269,0.0024906600249066,0.017434620174346202
2020-10-06,395,14,381,2,4,349.14285714285717,29.857142857142858,319.2857142857143,0.7142857142857143,5.571428571428571,0.035443037974683546,0.9645569620253165,0.005063291139240506,0.010126582278481013,0.08551554828150572,0.9144844517184942,0.00204582651391162,0.015957446808510637
2020-10-07,383,22,361,1,8,349.42857142857144,27.714285714285715,321.7142857142857,0.7142857142857143,5.714285714285714,0.057441253263707574,0.9425587467362925,0.0026109660574412533,0.020887728459530026,0.07931316434995912,0.9206868356500408,0.002044153720359771,0.016353229762878167
2020-10-08,399,20,379,2,5,344.2857142857143,20.285714285714285,324.0,0.7142857142857143,5.142857142857143,0.05012531328320802,0.949874686716792,0.005012531328320802,0.012531328320802004,0.05892116182572614,0.9410788381742738,0.002074688796680498,0.014937759336099586
2020-10-09,401,22,379,0,5,312.7142857142857,21.571428571428573,291.14285714285717,0.7142857142857143,3.857142857142857,0.05486284289276808,0.9451371571072319,0.0,0.012468827930174564,0.06898126998629511,0.9310187300137049,0.0022841480127912287,0.012334399269072635
2020-10-10,196,23,173,0,3,313.42857142857144,21.714285714285715,291.7142857142857,0.7142857142857143,3.7142857142857144,0.11734693877551021,0.8826530612244898,0.0,0.015306122448979591,0.06927985414767548,0.9307201458523245,0.0022789425706472195,0.011850501367365542
2020-10-11,205,18,187,0,0,316.0,21.428571428571427,294.57142857142856,0.5714285714285714,3.4285714285714284,0.08780487804878048,0.9121951219512195,0.0,0.0,0.06781193490054249,0.9321880650994575,0.0018083182640144665,0.0108499095840868
2020-10-12,210,32,178,0,2,316.14285714285717,21.428571428571427,294.7142857142857,0.42857142857142855,3.5714285714285716,0.1523809523809524,0.8476190476190476,0.0,0.009523809523809525,0.06778129236330771,0.9322187076366922,0.0013556258472661544,0.011296882060551287
2020-10-13,400,15,385,2,3,315.0,22.142857142857142,292.85714285714283,0.42857142857142855,3.857142857142857,0.0375,0.9625,0.005,0.0075,0.07029478458049887,0.929705215419501,0.0013605442176870747,0.012244897959183673
2020-10-14,401,20,381,0,6,310.85714285714283,20.142857142857142,290.7142857142857,0.42857142857142855,3.7142857142857144,0.04987531172069826,0.9501246882793017,0.0,0.014962593516209476,0.06479779411764706,0.935202205882353,0.0013786764705882354,0.011948529411764707
2020-10-15,400,20,380,1,6,298.42857142857144,20.285714285714285,278.14285714285717,0.42857142857142855,4.0,0.05,0.95,0.0025,0.015,0.06797510770703685,0.9320248922929631,0.0014360938247965532,0.013403542364767831
2020-10-16,393,27,366,0,7,323.0,18.571428571428573,304.42857142857144,0.42857142857142855,4.142857142857143,0.06870229007633588,0.9312977099236641,0.0,0.017811704834605598,0.05749668288367979,0.9425033171163203,0.001326846528084918,0.012826183104820877
2020-10-17,167,9,158,0,2,311.57142857142856,18.285714285714285,293.2857142857143,0.2857142857142857,4.285714285714286,0.05389221556886228,0.9461077844311377,0.0,0.011976047904191617,0.058688674919761576,0.9413113250802384,0.0009170105456212746,0.01375515818431912
2020-10-18,118,19,99,0,2,300.0,17.857142857142858,282.14285714285717,0.42857142857142855,4.428571428571429,0.16101694915254236,0.8389830508474576,0.0,0.01694915254237288,0.05952380952380953,0.9404761904761906,0.0014285714285714286,0.014761904761904763
2020-10-19,382,20,362,0,3,285.2857142857143,18.142857142857142,267.14285714285717,0.2857142857142857,5.0,0.05235602094240838,0.9476439790575916,0.0,0.007853403141361256,0.06359539308963445,0.9364046069103656,0.00100150225338007,0.017526289434151226
2020-10-20,320,13,307,1,4,274.2857142857143,17.142857142857142,257.14285714285717,0.42857142857142855,4.857142857142857,0.040625,0.959375,0.003125,0.0125,0.0625,0.9375000000000001,0.0015624999999999999,0.017708333333333333
2020-10-21,320,17,303,1,7,279.14285714285717,18.428571428571427,260.7142857142857,0.42857142857142855,5.0,0.053125,0.946875,0.003125,0.021875,0.06601842374616171,0.9339815762538383,0.0015353121801432955,0.017911975435005115
2020-10-22,297,22,275,0,10,286.14285714285717,17.428571428571427,268.7142857142857,0.42857142857142855,4.857142857142857,0.07407407407407407,0.9259259259259259,0.0,0.03367003367003367,0.06090863704443334,0.9390913629555666,0.0014977533699450823,0.01697453819271093
2020-10-23,316,20,296,1,6,273.42857142857144,16.714285714285715,256.7142857142857,0.7142857142857143,4.857142857142857,0.06329113924050633,0.9367088607594937,0.0031645569620253164,0.0189873417721519,0.061128526645768025,0.9388714733542319,0.002612330198537095,0.017763845350052244
2020-10-24,201,18,183,0,3,269.0,16.714285714285715,252.28571428571428,0.8571428571428571,4.714285714285714,0.08955223880597014,0.9104477611940298,0.0,0.014925373134328358,0.06213489113117366,0.9378651088688263,0.003186404673393521,0.017525225703664365
2020-10-25,167,12,155,0,1,262.7142857142857,16.571428571428573,246.14285714285714,1.0,4.857142857142857,0.0718562874251497,0.9281437125748503,0.0,0.005988023952095809,0.06307775965198478,0.9369222403480152,0.003806416530723219,0.018488308863512777
2020-10-26,293,15,278,2,3,254.85714285714286,14.0,240.85714285714286,1.1428571428571428,3.7142857142857144,0.051194539249146756,0.9488054607508533,0.006825938566552901,0.010238907849829351,0.05493273542600897,0.945067264573991,0.004484304932735426,0.014573991031390135
2020-10-27,289,13,276,2,3,248.0,12.0,236.0,1.0,3.2857142857142856,0.04498269896193772,0.9550173010380623,0.006920415224913495,0.010380622837370242,0.04838709677419355,0.9516129032258065,0.004032258064516129,0.013248847926267281
2020-10-28,276,16,260,2,8,233.57142857142858,10.857142857142858,222.71428571428572,1.0,3.5714285714285716,0.057971014492753624,0.9420289855072463,0.007246376811594203,0.028985507246376812,0.046483180428134555,0.9535168195718654,0.004281345565749235,0.01529051987767584
2020-10-29,242,4,238,1,2,221.28571428571428,10.571428571428571,210.71428571428572,1.0,3.4285714285714284,0.01652892561983471,0.9834710743801653,0.004132231404958678,0.008264462809917356,0.04777275661717237,0.9522272433828277,0.004519044544867657,0.015493867010974821
2020-10-30,268,6,262,0,3,221.57142857142858,10.0,211.57142857142858,0.8571428571428571,3.4285714285714284,0.022388059701492536,0.9776119402985075,0.0,0.011194029850746268,0.045132172791747256,0.9548678272082527,0.003868471953578336,0.015473887814313345
2020-10-31,100,10,90,0,5,215.85714285714286,10.142857142857142,205.71428571428572,0.8571428571428571,3.4285714285714284,0.1,0.9,0.0,0.05,0.04698874917273329,0.9530112508272667,0.003970880211780278,0.01588352084712111
2020-11-01,81,10,71,0,0,208.71428571428572,9.285714285714286,199.42857142857142,0.5714285714285714,3.0,0.12345679012345678,0.8765432098765432,0.0,0.0,0.04449007529089665,0.9555099247091032,0.0027378507871321013,0.014373716632443531
2020-11-02,295,11,284,1,3,207.57142857142858,9.714285714285714,197.85714285714286,0.42857142857142855,3.142857142857143,0.03728813559322034,0.9627118644067797,0.003389830508474576,0.010169491525423728,0.04679972470750171,0.9532002752924983,0.002064693737095664,0.015141087405368202
2020-11-03,249,14,235,2,3,200.42857142857142,10.428571428571429,190.0,0.5714285714285714,3.0,0.05622489959839357,0.9437751004016064,0.008032128514056224,0.012048192771084338,0.052031361368496086,0.9479686386315039,0.002851033499643621,0.01496792587312901
2020-11-04,226,10,216,0,5,203.14285714285714,10.714285714285714,192.42857142857142,0.5714285714285714,2.2857142857142856,0.04424778761061947,0.9557522123893806,0.0,0.022123893805309734,0.05274261603375527,0.9472573839662447,0.0028129395218002813,0.011251758087201125
2020-11-05,234,7,227,0,3,207.57142857142858,12.142857142857142,195.42857142857142,0.5714285714285714,2.2857142857142856,0.029914529914529916,0.9700854700854701,0.0,0.01282051282051282,0.058499655884377146,0.9415003441156228,0.0027529249827942187,0.011011699931176875
2020-11-06,218,11,207,1,2,207.14285714285714,12.428571428571429,194.71428571428572,0.7142857142857143,2.5714285714285716,0.05045871559633028,0.9495412844036697,0.0045871559633027525,0.009174311926605505,0.060000000000000005,0.9400000000000001,0.0034482758620689655,0.012413793103448277
2020-11-07,119,12,107,0,0,206.42857142857142,11.571428571428571,194.85714285714286,0.42857142857142855,2.5714285714285716,0.10084033613445378,0.8991596638655462,0.0,0.0,0.05605536332179931,0.9439446366782007,0.0020761245674740486,0.012456747404844292
2020-11-08,112,20,92,0,0,206.0,10.857142857142858,195.14285714285714,0.42857142857142855,2.142857142857143,0.17857142857142858,0.8214285714285714,0.0,0.0,0.05270457697642164,0.9472954230235784,0.0020804438280166435,0.010402219140083217
2020-11-09,292,13,279,2,5,204.71428571428572,11.285714285714286,193.42857142857142,0.5714285714285714,2.2857142857142856,0.04452054794520548,0.9554794520547946,0.00684931506849315,0.017123287671232876,0.05512909979064899,0.9448709002093509,0.0027913468248429866,0.011165387299371946
2020-11-10,244,8,236,0,3,207.57142857142858,11.428571428571429,196.14285714285714,0.42857142857142855,2.4285714285714284,0.03278688524590164,0.9672131147540983,0.0,0.012295081967213115,0.05505849965588438,0.9449415003441155,0.002064693737095664,0.011699931176875428
2020-11-11,223,5,218,0,2,207.28571428571428,11.285714285714286,196.0,0.42857142857142855,2.5714285714285716,0.02242152466367713,0.9775784753363229,0.0,0.008968609865470852,0.05444521019986217,0.9455547898001379,0.002067539627842867,0.012405237767057204
2020-11-12,225,10,215,1,4,205.0,9.142857142857142,195.85714285714286,0.42857142857142855,2.5714285714285716,0.044444444444444446,0.9555555555555556,0.0044444444444444444,0.017777777777777778,0.0445993031358885,0.9554006968641116,0.0020905923344947735,0.012543554006968643
2020-11-13,238,12,226,0,3,210.71428571428572,9.142857142857142,201.57142857142858,0.2857142857142857,2.7142857142857144,0.05042016806722689,0.9495798319327731,0.0,0.012605042016806723,0.04338983050847457,0.9566101694915254,0.0013559322033898304,0.01288135593220339
2020-11-14,117,11,106,0,1,214.42857142857142,9.857142857142858,204.57142857142858,0.42857142857142855,2.857142857142857,0.09401709401709402,0.905982905982906,0.0,0.008547008547008548,0.045969353764157235,0.9540306462358429,0.001998667554963358,0.013324450366422385
2020-11-15,96,5,91,0,0,219.71428571428572,11.285714285714286,208.42857142857142,0.5714285714285714,3.4285714285714284,0.052083333333333336,0.9479166666666666,0.0,0.0,0.05136540962288687,0.9486345903771131,0.0026007802340702207,0.015604681404421325
2020-11-16,332,13,319,1,6,227.85714285714286,11.0,216.85714285714286,0.42857142857142855,3.2857142857142856,0.0391566265060241,0.9608433734939759,0.0030120481927710845,0.018072289156626505,0.04827586206896552,0.9517241379310345,0.0018808777429467083,0.014420062695924765
2020-11-17,270,13,257,1,4,227.42857142857142,10.142857142857142,217.28571428571428,0.42857142857142855,3.142857142857143,0.04814814814814815,0.9518518518518518,0.003703703703703704,0.014814814814814815,0.04459798994974874,0.9554020100502513,0.0018844221105527637,0.013819095477386936
2020-11-18,260,15,245,1,6,226.42857142857142,10.285714285714286,216.14285714285714,0.42857142857142855,3.2857142857142856,0.057692307692307696,0.9423076923076923,0.0038461538461538464,0.023076923076923078,0.04542586750788644,0.9545741324921136,0.0018927444794952682,0.014511041009463722
2020-11-19,282,8,274,0,3,227.28571428571428,11.285714285714286,216.0,0.42857142857142855,3.4285714285714284,0.028368794326241134,0.9716312056737588,0.0,0.010638297872340425,0.04965430546825896,0.9503456945317411,0.0018856065367693275,0.01508485229415462
2020-11-20,235,6,229,0,2,200.28571428571428,12.0,188.28571428571428,0.2857142857142857,2.7142857142857144,0.02553191489361702,0.9744680851063829,0.0,0.00851063829787234,0.059914407988587735,0.9400855920114123,0.0014265335235378032,0.013552068473609132
2020-11-21,110,12,98,0,2,197.42857142857142,11.0,186.42857142857142,0.14285714285714285,2.5714285714285716,0.10909090909090909,0.8909090909090909,0.0,0.01818181818181818,0.055716353111432707,0.9442836468885673,0.0007235890014471781,0.013024602026049206
2020-11-22,102,12,90,0,1,192.85714285714286,10.428571428571429,182.42857142857142,0.2857142857142857,1.8571428571428572,0.11764705882352941,0.8823529411764706,0.0,0.00980392156862745,0.05407407407407407,0.9459259259259258,0.0014814814814814814,0.00962962962962963
2020-11-23,143,18,125,0,1,177.42857142857142,10.428571428571429,167.0,0.2857142857142857,1.8571428571428572,0.1258741258741259,0.8741258741258742,0.0,0.006993006993006993,0.05877616747181965,0.9412238325281804,0.001610305958132045,0.010466988727858294
2020-11-24,250,6,244,0,3,171.14285714285714,12.857142857142858,158.28571428571428,0.2857142857142857,2.142857142857143,0.024,0.976,0.0,0.012,0.07512520868113523,0.9248747913188647,0.001669449081803005,0.012520868113522538
2020-11-25,228,11,217,2,1,169.28571428571428,12.0,157.28571428571428,0.2857142857142857,2.0,0.04824561403508772,0.9517543859649122,0.008771929824561403,0.0043859649122807015,0.07088607594936709,0.9291139240506329,0.0016877637130801688,0.011814345991561183
2020-11-26,174,8,166,0,3,166.28571428571428,12.428571428571429,153.85714285714286,0.2857142857142857,2.0,0.04597701149425287,0.9540229885057471,0.0,0.017241379310344827,0.07474226804123713,0.9252577319587629,0.001718213058419244,0.012027491408934709
2020-11-27,191,23,168,0,4,172.57142857142858,11.428571428571429,161.14285714285714,0.2857142857142857,2.142857142857143,0.12041884816753927,0.8795811518324608,0.0,0.020942408376963352,0.0662251655629139,0.933774834437086,0.0016556291390728475,0.012417218543046357
2020-11-28,97,6,91,0,1,167.28571428571428,12.142857142857142,155.14285714285714,0.2857142857142857,2.0,0.061855670103092786,0.9381443298969072,0.0,0.010309278350515464,0.07258753202391119,0.9274124679760888,0.0017079419299743809,0.011955593509820667
2020-11-29,81,15,66,0,1,158.71428571428572,12.142857142857142,146.57142857142858,0.0,2.7142857142857144,0.18518518518518517,0.8148148148148148,0.0,0.012345679012345678,0.0765076507650765,0.9234923492349235,0.0,0.017101710171017102
2020-11-30,187,11,176,0,2,159.0,11.571428571428571,147.42857142857142,0.0,2.2857142857142856,0.058823529411764705,0.9411764705882353,0.0,0.0106951871657754,0.07277628032345013,0.9272237196765498,0.0,0.014375561545372865
2020-12-01,213,11,202,0,2,153.85714285714286,9.142857142857142,144.71428571428572,0.0,2.142857142857143,0.051643192488262914,0.9483568075117371,0.0,0.009389671361502348,0.05942432683379758,0.9405756731662025,0.0,0.013927576601671309
2020-12-02,168,11,157,0,6,157.57142857142858,10.857142857142858,146.71428571428572,0.0,2.5714285714285716,0.06547619047619048,0.9345238095238095,0.0,0.03571428571428571,0.06890299184043518,0.9310970081595648,0.0,0.016319129646418858
2020-12-03,176,4,172,0,0,158.0,10.714285714285714,147.28571428571428,0.0,2.5714285714285716,0.022727272727272728,0.9772727272727273,0.0,0.0,0.06781193490054249,0.9321880650994575,0.0,0.0162748643761302
2020-12-04,155,6,149,0,3,144.42857142857142,9.285714285714286,135.14285714285714,0.0,2.2857142857142856,0.03870967741935484,0.9612903225806452,0.0,0.01935483870967742,0.06429277942631059,0.9357072205736895,0.0,0.01582591493570722
2020-12-05,123,18,105,0,4,131.42857142857142,10.857142857142858,120.57142857142857,0.0,2.5714285714285716,0.14634146341463414,0.8536585365853658,0.0,0.032520325203252036,0.08260869565217392,0.9173913043478261,0.0,0.01956521739130435
2020-12-06,84,14,70,0,1,146.71428571428572,11.285714285714286,135.42857142857142,0.0,2.4285714285714284,0.16666666666666666,0.8333333333333334,0.0,0.011904761904761904,0.07692307692307693,0.9230769230769229,0.0,0.016553067185978577
2020-12-07,92,1,91,0,0,149.0,12.0,137.0,0.14285714285714285,3.142857142857143,0.010869565217391304,0.9891304347826086,0.0,0.0,0.08053691275167785,0.9194630872483222,0.0009587727708533077,0.02109300095877277
2020-12-08,122,22,100,0,4,158.28571428571428,13.285714285714286,145.0,0.14285714285714285,3.857142857142857,0.18032786885245902,0.819672131147541,0.0,0.03278688524590164,0.08393501805054153,0.9160649819494585,0.0009025270758122744,0.02436823104693141
2020-12-09,275,14,261,0,5,161.14285714285714,12.714285714285714,148.42857142857142,0.14285714285714285,3.5714285714285716,0.05090909090909091,0.9490909090909091,0.0,0.01818181818181818,0.07890070921985816,0.9210992907801417,0.0008865248226950354,0.022163120567375887
2020-12-10,192,9,183,1,5,164.14285714285714,11.571428571428571,152.57142857142858,0.14285714285714285,3.5714285714285716,0.046875,0.953125,0.005208333333333333,0.026041666666666668,0.07049608355091384,0.9295039164490863,0.0008703220191470844,0.021758050478677113
2020-12-11,220,15,205,0,8,191.71428571428572,12.857142857142858,178.85714285714286,0.14285714285714285,4.0,0.06818181818181818,0.9318181818181818,0.0,0.03636363636363636,0.06706408345752608,0.9329359165424739,0.0007451564828614008,0.020864381520119223
2020-12-12,143,14,129,0,2,215.14285714285714,12.0,203.14285714285714,0.2857142857142857,4.142857142857143,0.0979020979020979,0.9020979020979021,0.0,0.013986013986013986,0.055776892430278883,0.9442231075697212,0.0013280212483399733,0.01925630810092962
2020-12-13,105,6,99,0,1,222.28571428571428,11.428571428571429,210.85714285714286,0.2857142857142857,3.857142857142857,0.05714285714285714,0.9428571428571428,0.0,0.009523809523809525,0.05141388174807198,0.9485861182519281,0.0012853470437017994,0.017352185089974295
2020-12-14,285,10,275,0,3,238.57142857142858,10.857142857142858,227.71428571428572,0.14285714285714285,3.2857142857142856,0.03508771929824561,0.9649122807017544,0.0,0.010526315789473684,0.045508982035928146,0.9544910179640719,0.0005988023952095807,0.013772455089820359
2020-12-15,286,16,270,1,5,258.0,9.714285714285714,248.28571428571428,0.14285714285714285,2.4285714285714284,0.055944055944055944,0.9440559440559441,0.0034965034965034965,0.017482517482517484,0.03765227021040974,0.9623477297895903,0.0005537098560354374,0.009413067552602435
2020-12-16,325,10,315,0,3,261.57142857142856,10.428571428571429,251.14285714285714,0.14285714285714285,2.142857142857143,0.03076923076923077,0.9692307692307692,0.0,0.009230769230769232,0.03986892408519935,0.9601310759148007,0.0005461496450027307,0.008192244675040962
2020-12-17,306,5,301,0,1,274.85714285714283,12.0,262.85714285714283,0.14285714285714285,2.142857142857143,0.016339869281045753,0.9836601307189542,0.0,0.0032679738562091504,0.04365904365904366,0.9563409563409563,0.0005197505197505198,0.007796257796257797
2020-12-18,356,7,349,0,2,287.0,12.0,275.0,0.14285714285714285,2.142857142857143,0.019662921348314606,0.9803370786516854,0.0,0.0056179775280898875,0.041811846689895474,0.9581881533101045,0.0004977600796416127,0.007466401194624191
2020-12-19,168,19,149,0,0,304.85714285714283,11.0,293.85714285714283,0.14285714285714285,1.8571428571428572,0.1130952380952381,0.8869047619047619,0.0,0.0,0.03608247422680413,0.9639175257731959,0.00046860356138706655,0.006091846298031865
2020-12-20,198,17,181,0,1,321.42857142857144,10.714285714285714,310.7142857142857,0.14285714285714285,1.5714285714285714,0.08585858585858586,0.9141414141414141,0.0,0.005050505050505051,0.033333333333333326,0.9666666666666667,0.0004444444444444444,0.004888888888888889
2020-12-21,370,10,360,0,3,309.7142857142857,13.142857142857142,296.57142857142856,0.14285714285714285,1.7142857142857142,0.02702702702702703,0.972972972972973,0.0,0.008108108108108109,0.04243542435424354,0.9575645756457564,0.00046125461254612545,0.005535055350553505
2020-12-22,411,9,402,1,3,290.57142857142856,14.857142857142858,275.7142857142857,0.14285714285714285,1.4285714285714286,0.021897810218978103,0.9781021897810219,0.0024330900243309003,0.0072992700729927005,0.05113077679449361,0.9488692232055065,0.0004916420845624386,0.004916420845624386
2020-12-23,441,8,433,0,1,294.57142857142856,16.0,278.57142857142856,0.14285714285714285,1.5714285714285714,0.018140589569160998,0.981859410430839,0.0,0.0022675736961451248,0.05431619786614937,0.9456838021338506,0.00048496605237633366,0.00533462657613967
2020-12-24,224,22,202,0,2,317.7142857142857,14.142857142857142,303.57142857142856,0.14285714285714285,1.5714285714285714,0.09821428571428571,0.9017857142857143,0.0,0.008928571428571428,0.04451438848920863,0.9554856115107913,0.00044964028776978414,0.0049460431654676255
2020-12-25,222,19,203,0,0,355.14285714285717,14.714285714285714,340.42857142857144,0.2857142857142857,1.4285714285714286,0.08558558558558559,0.9144144144144144,0.0,0.0,0.0414320193081255,0.9585679806918744,0.0008045052292839903,0.004022526146419952
2020-12-26,196,27,169,0,1,382.42857142857144,15.142857142857142,367.2857142857143,0.14285714285714285,1.7142857142857142,0.1377551020408163,0.8622448979591837,0.0,0.00510204081632653,0.039596563317146054,0.9604034366828539,0.0003735524841240194,0.004482629809488233
2020-12-27,360,4,356,0,1,403.0,16.0,387.0,0.14285714285714285,2.0,0.011111111111111112,0.9888888888888889,0.0,0.002777777777777778,0.03970223325062035,0.9602977667493796,0.0003544842254519674,0.004962779156327543
2020-12-28,632,14,618,1,2,410.2857142857143,13.428571428571429,396.85714285714283,0.14285714285714285,2.0,0.022151898734177215,0.9778481012658228,0.0015822784810126582,0.0031645569620253164,0.032729805013927575,0.9672701949860724,0.00034818941504178273,0.004874651810584958
2020-12-29,602,12,590,0,5,415.0,13.428571428571429,401.57142857142856,0.14285714285714285,2.2857142857142856,0.019933554817275746,0.9800664451827242,0.0,0.008305647840531562,0.03235800344234079,0.9676419965576591,0.0003442340791738382,0.005507745266781411
2020-12-30,585,14,571,0,3,429.0,12.571428571428571,416.42857142857144,0.14285714285714285,2.142857142857143,0.023931623931623933,0.976068376068376,0.0,0.005128205128205128,0.029304029304029304,0.9706959706959707,0.000333000333000333,0.004995004995004995
2020-12-31,275,4,271,0,2,417.7142857142857,15.285714285714286,402.42857142857144,0.14285714285714285,2.2857142857142856,0.014545454545454545,0.9854545454545455,0.0,0.007272727272727273,0.036593707250342,0.963406292749658,0.0003419972640218878,0.005471956224350205
2021-01-01,255,19,236,0,2,435.14285714285717,16.714285714285715,418.42857142857144,0.0,2.7142857142857144,0.07450980392156863,0.9254901960784314,0.0,0.00784313725490196,0.038411030860144454,0.9615889691398556,0.0,0.00623768877216021
2021-01-02,294,21,273,0,0,439.7142857142857,17.571428571428573,422.14285714285717,0.0,2.5714285714285716,0.07142857142857142,0.9285714285714286,0.0,0.0,0.039961013645224176,0.9600389863547759,0.0,0.0058479532163742695
2021-01-03,281,23,258,0,2,463.85714285714283,18.285714285714285,445.57142857142856,0.14285714285714285,3.0,0.08185053380782918,0.9181494661921709,0.0,0.0071174377224199285,0.03942100400369572,0.9605789959963043,0.0003079765937788728,0.006467508469356329
2021-01-04,754,24,730,0,5,527.5714285714286,19.285714285714285,508.2857142857143,0.14285714285714285,3.7142857142857144,0.03183023872679045,0.9681697612732095,0.0,0.006631299734748011,0.036555645816409424,0.9634443541835906,0.00027078256160303275,0.007040346601678852
2021-01-05,634,18,616,0,4,580.2857142857143,18.571428571428573,561.7142857142857,0.14285714285714285,3.857142857142857,0.028391167192429023,0.9716088328075709,0.0,0.006309148264984227,0.032003938946331856,0.967996061053668,0.00024618414574101424,0.006646971935007385
2021-01-06,754,19,735,1,6,582.5714285714286,19.571428571428573,563.0,0.14285714285714285,4.571428571428571,0.025198938992042442,0.9748010610079576,0.001326259946949602,0.007957559681697613,0.03359489946051986,0.9664051005394801,0.0002452182442373713,0.00784698381559588
2021-01-07,721,11,710,0,7,581.0,20.142857142857142,560.8571428571429,0.14285714285714285,4.571428571428571,0.015256588072122053,0.984743411927878,0.0,0.009708737864077669,0.03466928940250799,0.9653307105974921,0.00024588148512417015,0.007868207523973445
2021-01-08,624,14,610,0,3,574.0,18.285714285714285,555.7142857142857,0.14285714285714285,4.142857142857143,0.022435897435897436,0.9775641025641025,0.0,0.004807692307692308,0.031856645097063215,0.9681433549029367,0.00024888003982080636,0.007217521154803386
2021-01-09,310,28,282,0,5,562.4285714285714,17.571428571428573,544.8571428571429,0.14285714285714285,4.285714285714286,0.09032258064516129,0.9096774193548387,0.0,0.016129032258064516,0.03124206248412497,0.968757937515875,0.000254000508001016,0.00762001524003048
2021-01-10,270,27,243,0,2,549.1428571428571,17.571428571428573,531.5714285714286,0.0,4.285714285714286,0.1,0.9,0.0,0.007407407407407408,0.03199791883454735,0.9680020811654527,0.0,0.007804370447450573
2021-01-11,705,11,694,0,2,524.5714285714286,17.714285714285715,506.85714285714283,0.0,3.4285714285714284,0.015602836879432624,0.9843971631205674,0.0,0.0028368794326241137,0.03376906318082789,0.966230936819172,0.0,0.006535947712418301
2021-01-12,553,13,540,0,5,525.4285714285714,17.285714285714285,508.14285714285717,0.0,3.142857142857143,0.023508137432188065,0.976491862567812,0.0,0.009041591320072333,0.032898314301250675,0.9671016856987493,0.0,0.005981511691136487
2021-01-13,661,19,642,0,6,524.7142857142857,18.0,506.7142857142857,0.0,3.0,0.028744326777609682,0.9712556732223904,0.0,0.009077155824508321,0.034304383337870954,0.9656956166621291,0.0,0.005717397222978492
2021-01-14,549,12,537,0,1,521.4285714285714,17.571428571428573,503.85714285714283,0.0,3.0,0.02185792349726776,0.9781420765027322,0.0,0.0018214936247723133,0.033698630136986304,0.9663013698630136,0.0,0.005753424657534247
2021-01-15,630,11,619,0,1,500.42857142857144,17.142857142857142,483.2857142857143,0.0,3.2857142857142856,0.01746031746031746,0.9825396825396825,0.0,0.0015873015873015873,0.0342563516985441,0.9657436483014559,0.0,0.006565800742220953
2021-01-16,305,33,272,0,4,500.57142857142856,18.428571428571427,482.14285714285717,0.0,3.7142857142857144,0.10819672131147541,0.8918032786885246,0.0,0.013114754098360656,0.036815068493150686,0.9631849315068494,0.0,0.007420091324200914
2021-01-17,247,24,223,0,2,472.2857142857143,17.285714285714285,455.0,0.0,3.2857142857142856,0.09716599190283401,0.902834008097166,0.0,0.008097165991902834,0.03660012099213551,0.9633998790078645,0.0,0.0069570477918935265
2021-01-18,558,8,550,0,4,463.2857142857143,16.571428571428573,446.7142857142857,0.0,3.5714285714285716,0.014336917562724014,0.985663082437276,0.0,0.007168458781362007,0.03576934936786926,0.9642306506321308,0.0,0.007708911501695961
2021-01-19,554,22,532,0,8,443.2857142857143,17.285714285714285,426.0,0.0,4.285714285714286,0.039711191335740074,0.9602888086642599,0.0,0.01444043321299639,0.03899452143087335,0.9610054785691267,0.0,0.009668063164679342
2021-01-20,463,11,452,0,3,432.57142857142856,15.285714285714286,417.2857142857143,0.0,3.857142857142857,0.023758099352051837,0.9762419006479481,0.0,0.0064794816414686825,0.03533685601056803,0.964663143989432,0.0,0.008916776750330252
2021-01-21,486,7,479,0,3,421.0,13.714285714285714,407.2857142857143,0.0,3.5714285714285716,0.01440329218106996,0.98559670781893,0.0,0.006172839506172839,0.032575500508992196,0.9674244994910078,0.0,0.00848320325755005
2021-01-22,490,16,474,0,6,425.57142857142856,15.0,410.57142857142856,0.14285714285714285,4.142857142857143,0.0326530612244898,0.9673469387755103,0.0,0.012244897959183673,0.035246727089627394,0.9647532729103726,0.0003356831151393085,0.009734810339039947
2021-01-23,230,19,211,0,1,420.42857142857144,14.0,406.42857142857144,0.14285714285714285,4.0,0.08260869565217391,0.9173913043478261,0.0,0.004347826086956522,0.03329935440027183,0.9667006455997281,0.00033978933061501866,0.009514101257220523
2021-01-24,166,13,153,0,0,432.57142857142856,14.0,418.57142857142856,0.14285714285714285,4.285714285714286,0.0783132530120482,0.9216867469879518,0.0,0.0,0.03236459709379128,0.9676354029062088,0.00033025099075297226,0.009907529722589167
2021-01-25,590,17,573,1,8,435.42857142857144,15.857142857142858,419.57142857142856,0.14285714285714285,5.0,0.0288135593220339,0.9711864406779661,0.001694915254237288,0.013559322033898305,0.03641732283464567,0.9635826771653543,0.00032808398950131233,0.011482939632545932
2021-01-26,518,15,503,0,7,437.14285714285717,15.428571428571429,421.7142857142857,0.14285714285714285,4.571428571428571,0.02895752895752896,0.971042471042471,0.0,0.013513513513513514,0.03529411764705882,0.9647058823529412,0.000326797385620915,0.01045751633986928
2021-01-27,548,11,537,0,5,443.0,16.0,427.0,0.14285714285714285,4.571428571428571,0.020072992700729927,0.9799270072992701,0.0,0.009124087591240875,0.03611738148984198,0.963882618510158,0.0003224766204450177,0.010319251854240567
2021-01-28,506,20,486,0,8,465.42857142857144,17.142857142857142,448.2857142857143,0.14285714285714285,4.857142857142857,0.039525691699604744,0.9604743083003953,0.0,0.015810276679841896,0.036832412523020254,0.9631675874769797,0.0003069367710251688,0.010435850214855739
2021-01-29,502,13,489,0,3,452.7142857142857,17.285714285714285,435.42857142857144,0.0,4.285714285714286,0.025896414342629483,0.9741035856573705,0.0,0.00597609561752988,0.03818239192174187,0.9618176080782581,0.0,0.009466708740927737
2021-01-30,271,23,248,0,1,436.85714285714283,16.714285714285715,420.14285714285717,0.0,3.7142857142857144,0.08487084870848709,0.915129151291513,0.0,0.0036900369003690036,0.03826030085022891,0.9617396991497712,0.0,0.008502289077828648
2021-01-31,323,21,302,0,2,420.0,16.714285714285715,403.2857142857143,0.0,3.4285714285714284,0.06501547987616099,0.934984520123839,0.0,0.006191950464396285,0.039795918367346944,0.960204081632653,0.0,0.008163265306122448
2021-02-01,501,18,483,0,4,401.14285714285717,15.714285714285714,385.42857142857144,0.0,2.7142857142857144,0.03592814371257485,0.9640718562874252,0.0,0.007984031936127744,0.03917378917378917,0.9608262108262108,0.0,0.006766381766381766
2021-02-02,407,11,396,0,3,378.42857142857144,15.0,363.42857142857144,0.0,2.857142857142857,0.02702702702702703,0.972972972972973,0.0,0.007371007371007371,0.039637599093997736,0.9603624009060022,0.0,0.007550018875047188
2021-02-03,430,11,419,0,3,358.57142857142856,13.428571428571429,345.14285714285717,0.0,2.7142857142857144,0.02558139534883721,0.9744186046511628,0.0,0.0069767441860465115,0.037450199203187255,0.9625498007968128,0.0,0.007569721115537849
2021-02-04,374,13,361,0,3,337.0,12.857142857142858,324.14285714285717,0.0,2.857142857142857,0.034759358288770054,0.9652406417112299,0.0,0.008021390374331552,0.03815175922000848,0.9618482407799916,0.0,0.00847816871555744
2021-02-05,343,8,335,0,4,336.14285714285717,12.428571428571429,323.7142857142857,0.0,3.0,0.023323615160349854,0.9766763848396501,0.0,0.011661807580174927,0.0369740756481088,0.9630259243518912,0.0,0.008924776880577984
2021-02-06,132,12,120,0,0,334.85714285714283,12.285714285714286,322.57142857142856,0.0,3.0,0.09090909090909091,0.9090909090909091,0.0,0.0,0.03668941979522185,0.9633105802047782,0.0,0.008959044368600684
2021-02-07,172,17,155,0,3,331.7142857142857,11.571428571428571,320.14285714285717,0.0,3.0,0.09883720930232558,0.9011627906976745,0.0,0.01744186046511628,0.03488372093023256,0.9651162790697675,0.0,0.00904392764857881
2021-02-08,495,15,480,0,5,332.42857142857144,10.857142857142858,321.57142857142856,0.0,2.857142857142857,0.030303030303030304,0.9696969696969697,0.0,0.010101010101010102,0.03266007735281478,0.9673399226471852,0.0,0.008594757198109154
2021-02-09,398,10,388,0,3,332.85714285714283,10.285714285714286,322.57142857142856,0.0,2.4285714285714284,0.02512562814070352,0.9748743718592965,0.0,0.007537688442211055,0.030901287553648075,0.9690987124463519,0.0,0.007296137339055794
2021-02-10,408,6,402,0,3,350.14285714285717,12.0,338.14285714285717,0.0,3.142857142857143,0.014705882352941176,0.9852941176470589,0.0,0.007352941176470588,0.03427172582619339,0.9657282741738066,0.0,0.00897592819257446
2021-02-11,379,8,371,0,2,343.42857142857144,11.714285714285714,331.7142857142857,0.0,3.5714285714285716,0.021108179419525065,0.978891820580475,0.0,0.005277044854881266,0.03410981697171381,0.9658901830282862,0.0,0.010399334442595673
2021-02-12,346,4,342,0,1,305.0,11.428571428571429,293.57142857142856,0.0,2.857142857142857,0.011560693641618497,0.9884393063583815,0.0,0.002890173410404624,0.03747072599531616,0.9625292740046838,0.0,0.00936768149882904
2021-02-13,253,24,229,0,5,280.0,10.714285714285714,269.2857142857143,0.0,2.7142857142857144,0.09486166007905138,0.9051383399209486,0.0,0.019762845849802372,0.038265306122448974,0.961734693877551,0.0,0.009693877551020408
2021-02-14,125,15,110,0,6,296.57142857142856,11.714285714285714,284.85714285714283,0.0,2.7142857142857144,0.12,0.88,0.0,0.048,0.0394990366088632,0.9605009633911368,0.0,0.009152215799614645
2021-02-15,226,13,213,0,0,301.42857142857144,11.285714285714286,290.14285714285717,0.0,2.7142857142857144,0.05752212389380531,0.9424778761061947,0.0,0.0,0.03744075829383886,0.9625592417061611,0.0,0.00900473933649289
2021-02-16,223,5,218,0,2,347.7142857142857,11.857142857142858,335.85714285714283,0.0,2.857142857142857,0.02242152466367713,0.9775784753363229,0.0,0.008968609865470852,0.03410024650780608,0.9658997534921938,0.0,0.008216926869350863
2021-02-17,524,13,511,0,3,342.42857142857144,9.857142857142858,332.57142857142856,0.0,2.142857142857143,0.02480916030534351,0.9751908396946565,0.0,0.0057251908396946565,0.028785982478097622,0.9712140175219023,0.0,0.006257822277847309
2021-02-18,413,5,408,0,2,344.42857142857144,9.0,335.42857142857144,0.0,1.4285714285714286,0.012106537530266344,0.9878934624697336,0.0,0.004842615012106538,0.02613023641642472,0.9738697635835752,0.0,0.00414765657403567
2021-02-19,670,8,662,0,2,393.7142857142857,8.428571428571429,385.2857142857143,0.0,1.8571428571428572,0.011940298507462687,0.9880597014925373,0.0,0.0029850746268656717,0.021407837445573296,0.9785921625544267,0.0,0.0047169811320754715
2021-02-20,216,10,206,0,0,425.2857142857143,9.428571428571429,415.85714285714283,0.0,1.8571428571428572,0.046296296296296294,0.9537037037037037,0.0,0.0,0.022169969768223045,0.977830030231777,0.0,0.0043668122270742364
2021-02-21,139,9,130,0,1,416.2857142857143,8.571428571428571,407.7142857142857,0.0,1.7142857142857142,0.06474820143884892,0.935251798561151,0.0,0.007194244604316547,0.02059025394646534,0.9794097460535347,0.0,0.004118050789293067
2021-02-22,571,9,562,0,3,420.57142857142856,10.142857142857142,410.42857142857144,0.0,2.2857142857142856,0.01576182136602452,0.9842381786339754,0.0,0.005253940455341506,0.024116847826086956,0.9758831521739131,0.0,0.005434782608695652
2021-02-23,444,12,432,0,2,384.2857142857143,10.714285714285714,373.57142857142856,0.0,2.2857142857142856,0.02702702702702703,0.972972972972973,0.0,0.0045045045045045045,0.027881040892193308,0.9721189591078067,0.0,0.005947955390334572
2021-02-24,461,7,454,0,2,379.2857142857143,12.285714285714286,367.0,0.0,2.5714285714285716,0.015184381778741865,0.9848156182212582,0.0,0.004338394793926247,0.032391713747645955,0.9676082862523541,0.0,0.006779661016949153
2021-02-25,443,16,427,0,6,387.2857142857143,14.428571428571429,372.85714285714283,0.0,2.857142857142857,0.03611738148984198,0.963882618510158,0.0,0.013544018058690745,0.03725562523054224,0.9627443747694577,0.0,0.0073773515308004425
2021-02-26,416,12,404,0,2,366.85714285714283,14.142857142857142,352.7142857142857,0.0,2.857142857142857,0.028846153846153848,0.9711538461538461,0.0,0.004807692307692308,0.03855140186915888,0.9614485981308412,0.0,0.007788161993769471
2021-02-27,181,21,160,0,2,349.42857142857144,12.857142857142858,336.57142857142856,0.0,2.7142857142857144,0.11602209944751381,0.8839779005524862,0.0,0.011049723756906077,0.03679476696647588,0.963205233033524,0.0,0.00776778413736713
2021-02-28,195,24,171,0,3,335.0,13.714285714285714,321.2857142857143,0.0,3.142857142857143,0.12307692307692308,0.8769230769230769,0.0,0.015384615384615385,0.040938166311300636,0.9590618336886994,0.0,0.009381663113006396
2021-03-01,428,7,421,0,3,330.14285714285717,13.142857142857142,317.0,0.0,2.5714285714285716,0.016355140186915886,0.9836448598130841,0.0,0.007009345794392523,0.0398096062310688,0.9601903937689311,0.0,0.007788836001730853
2021-03-02,322,3,319,0,1,324.57142857142856,12.857142857142858,311.7142857142857,0.0,3.0,0.009316770186335404,0.9906832298136646,0.0,0.003105590062111801,0.03961267605633803,0.960387323943662,0.0,0.009242957746478873
2021-03-03,360,13,347,0,5,320.14285714285717,12.428571428571429,307.7142857142857,0.0,3.142857142857143,0.03611111111111111,0.9638888888888889,0.0,0.013888888888888888,0.038821954484605084,0.9611780455153949,0.0,0.009817045961624273
2021-03-04,409,12,397,0,2,311.85714285714283,10.428571428571429,301.42857142857144,0.0,2.7142857142857144,0.029339853300733496,0.9706601466992665,0.0,0.004889975550122249,0.03344021988089785,0.9665597801191023,0.0,0.0087036188731104
2021-03-05,377,10,367,0,5,307.7142857142857,10.0,297.7142857142857,0.0,2.5714285714285716,0.026525198938992044,0.9734748010610079,0.0,0.013262599469496022,0.032497678737233054,0.9675023212627669,0.0,0.008356545961002786
2021-03-06,150,18,132,0,3,311.42857142857144,10.857142857142858,300.57142857142856,0.0,2.5714285714285716,0.12,0.88,0.0,0.02,0.03486238532110092,0.965137614678899,0.0,0.008256880733944955
2021-03-07,137,10,127,0,0,322.57142857142856,11.142857142857142,311.42857142857144,0.0,2.2857142857142856,0.072992700729927,0.927007299270073,0.0,0.0,0.03454384410983171,0.9654561558901684,0.0,0.0070859167404783
2021-03-08,399,4,395,0,2,319.2857142857143,10.714285714285714,308.57142857142856,0.0,2.4285714285714284,0.010025062656641603,0.9899749373433584,0.0,0.005012531328320802,0.03355704697986577,0.9664429530201342,0.0,0.007606263982102908
2021-03-09,348,9,339,0,1,325.2857142857143,11.857142857142858,313.42857142857144,0.0,2.5714285714285716,0.02586206896551724,0.9741379310344828,0.0,0.0028735632183908046,0.036451471234079935,0.9635485287659201,0.0,0.00790513833992095
2021-03-10,438,15,423,0,3,350.57142857142856,11.714285714285714,338.85714285714283,0.0,2.2857142857142856,0.03424657534246575,0.9657534246575342,0.0,0.00684931506849315,0.03341483292583537,0.9665851670741646,0.0,0.006519967400162999
2021-03-11,386,9,377,0,3,378.7142857142857,13.428571428571429,365.2857142857143,0.0,2.5714285714285716,0.023316062176165803,0.9766839378238342,0.0,0.007772020725388601,0.03545831761599397,0.964541682384006,0.0,0.0067898906073179935
2021-03-12,419,18,401,0,6,399.85714285714283,13.428571428571429,386.42857142857144,0.0,2.5714285714285716,0.04295942720763723,0.9570405727923628,0.0,0.014319809069212411,0.03358342265094677,0.9664165773490533,0.0,0.006430868167202573
2021-03-13,327,17,310,0,1,415.7142857142857,12.857142857142858,402.85714285714283,0.0,2.4285714285714284,0.05198776758409786,0.9480122324159022,0.0,0.0030581039755351682,0.030927835051546393,0.9690721649484535,0.0,0.005841924398625429
2021-03-14,334,22,312,0,2,407.85714285714283,11.285714285714286,396.57142857142856,0.0,2.142857142857143,0.0658682634730539,0.9341317365269461,0.0,0.005988023952095809,0.027670753064798603,0.9723292469352014,0.0,0.005253940455341506
2021-03-15,547,4,543,0,2,419.42857142857144,11.142857142857142,408.2857142857143,0.0,1.8571428571428572,0.007312614259597806,0.9926873857404022,0.0,0.003656307129798903,0.026566757493188008,0.973433242506812,0.0,0.0044277929155313355
2021-03-16,459,5,454,0,0,424.85714285714283,11.0,413.85714285714283,0.0,1.4285714285714286,0.010893246187363835,0.9891067538126361,0.0,0.0,0.025891055817081374,0.9741089441829186,0.0,0.0033624747814391394
2021-03-17,383,4,379,0,1,411.14285714285717,10.0,401.14285714285717,0.0,1.4285714285714286,0.010443864229765013,0.9895561357702349,0.0,0.0026109660574412533,0.024322446143154968,0.9756775538568451,0.0,0.0034746351633078527
2021-03-18,467,8,459,0,1,402.42857142857144,8.857142857142858,393.57142857142856,0.0,1.2857142857142858,0.017130620985010708,0.9828693790149893,0.0,0.0021413276231263384,0.022009229676961308,0.9779907703230386,0.0,0.0031948881789137383
2021-03-19,457,17,440,0,3,394.14285714285717,9.428571428571429,384.7142857142857,0.0,1.2857142857142858,0.037199124726477024,0.962800875273523,0.0,0.006564551422319475,0.023921710764769843,0.9760782892352301,0.0,0.0032620514679231605
2021-03-20,231,10,221,0,1,410.2857142857143,10.571428571428571,399.7142857142857,0.0,1.5714285714285714,0.04329004329004329,0.9567099567099567,0.0,0.004329004329004329,0.02576601671309192,0.9742339832869081,0.0,0.00383008356545961
2021-03-21,273,14,259,0,1,425.2857142857143,13.142857142857142,412.14285714285717,0.0,1.8571428571428572,0.05128205128205128,0.9487179487179487,0.0,0.003663003663003663,0.030903594222371513,0.9690964057776286,0.0,0.0043668122270742364
2021-03-22,489,8,481,0,2,433.2857142857143,13.285714285714286,420.0,0.0,2.142857142857143,0.016359918200409,0.983640081799591,0.0,0.00408997955010225,0.03066271018793274,0.9693372898120672,0.0,0.004945598417408506
2021-03-23,572,13,559,0,2,,,,,,0.022727272727272728,0.9772727272727273,0.0,0.0034965034965034965,,,,
2021-03-24,488,22,466,0,3,,,,,,0.045081967213114756,0.9549180327868853,0.0,0.006147540983606557,,,,
2021-03-25,523,9,514,0,3,,,,,,0.017208413001912046,0.982791586998088,0.0,0.0057361376673040155,,,,
