FECHA,TotalM,TotalF,Total,<=30M,<=30F,<=30,31-40M,31-40F,31-40,41-50M,41-50F,41-50,51-60M,51-60F,51-60,61-70M,61-70F,61-70,71-80M,71-80F,71-80,>=81M,>=81F,>=81
2020-12-29,0.00020698559061849926,0.000291827422090968,0.0002519795841263917,7.224389539083947e-05,0.00012809406149189131,9.980355333917738e-05,0.00046248738165437074,0.0006089078138940923,0.0005375411825906017,0.00045332462430112453,0.00069462298660821,0.000578652185524793,0.0003796203796203796,0.0005617977528089888,0.0004779851089254527,7.981737783950322e-06,1.7994889451395803e-05,1.3698630136986302e-05,0.0,0.0,0.0,0.0,0.0,0.0
2020-12-30,0.00044166156125285125,0.0006382192151191128,0.0005459015764493053,0.00015598113777567615,0.0003168642573746785,0.00023537004662489334,0.0010050206562873826,0.0013404428958640783,0.0011769550893011964,0.0009212726235797047,0.0014839672895720852,0.0012135296846228453,0.0008325008325008325,0.0011406196799455227,0.0009988663173698563,2.3945213351850965e-05,2.9991482418993006e-05,2.7397260273972603e-05,0.0,7.42931011426279e-06,4.555538851913098e-06,0.0,0.0,0.0
2020-12-31,0.0004735054982710819,0.0006694864389145737,0.0005774396663335117,0.00016747448476967333,0.00032192060190725316,0.00024368700940315813,0.001067278573048548,0.001412327846115464,0.0012441477371250217,0.0009992639567928015,0.0015786886059277502,0.0013002103763816199,0.0008924408924408924,0.001191692202928158,0.001054018445322793,2.3945213351850965e-05,3.598977890279161e-05,3.082191780821918e-05,0.0,7.42931011426279e-06,4.555538851913098e-06,0.0,0.0,0.0
2021-01-01,0.0004735054982710819,0.0006694864389145737,0.0005774396663335117,0.00016747448476967333,0.00032192060190725316,0.00024368700940315813,0.001067278573048548,0.001412327846115464,0.0012441477371250217,0.0009992639567928015,0.0015786886059277502,0.0013002103763816199,0.0008924408924408924,0.001191692202928158,0.001054018445322793,2.3945213351850965e-05,3.598977890279161e-05,3.082191780821918e-05,0.0,7.42931011426279e-06,4.555538851913098e-06,0.0,0.0,0.0
2021-01-02,0.0005794212018317186,0.0008399234627408113,0.0007175728286025115,0.00019046117875766772,0.0003775403917655744,0.0002827767344610026,0.0013252042282019469,0.001873237233021409,0.0016061210334662737,0.0012429868730837285,0.0019305106381059345,0.0016000787154390025,0.0010922410922410922,0.0015038020655998184,0.0013144590495449949,3.192695113580129e-05,4.798637187038881e-05,4.1095890410958905e-05,0.0,1.485862022852558e-05,9.111077703826197e-06,0.0,0.0,0.0
2021-01-03,0.0006174954743535161,0.0009098149041659591,0.0007725206346894278,0.00020523833917852124,0.0004061930107834974,0.000304400837684491,0.0014363790795611706,0.0020762065043194397,0.0017643488815675395,0.001301480372993551,0.002065826804328313,0.0016984730141922063,0.0011521811521811522,0.0016116218363409374,0.0014002512485828968,3.192695113580129e-05,4.798637187038881e-05,4.1095890410958905e-05,0.0,1.485862022852558e-05,9.111077703826197e-06,0.0,0.0,0.0
2021-01-04,0.0008639398564946056,0.001267855270764962,0.0010781474851136964,0.0003053946486976396,0.0005764232767135109,0.0004391356346923805,0.0019522303898679687,0.002934597380850695,0.002455782902722386,0.001803549580552861,0.0028551711072921883,0.002349749563082459,0.0016516816516816517,0.0022074679378050167,0.0019517725281122651,3.990868891975161e-05,4.798637187038881e-05,4.452054794520548e-05,0.0,1.485862022852558e-05,9.111077703826197e-06,0.0,0.0,0.0
2021-01-05,0.0012197612396983133,0.001766904685853298,0.0015099266950747909,0.000425253838777896,0.0008073296770344202,0.000613791853035941,0.0029172280996660306,0.0040805280583874936,0.0035135252297555054,0.0024177313296059977,0.0039692742091897715,0.0032235846448668633,0.0022977022977022977,0.003087050278061514,0.002723902319453381,4.789042670370193e-05,6.598126132178461e-05,5.821917808219178e-05,0.0,2.2287930342788368e-05,1.3666616555739295e-05,0.0,0.0,0.0
2021-01-06,0.0016108878574222333,0.002303352152932283,0.0019781210191289894,0.0005878026034072848,0.0010820577299709767,0.0008316962778264782,0.00385109685108351,0.005184173471070536,0.0045344199757239466,0.0031878957450853273,0.00512397216095407,0.004193471304005585,0.002937062937062937,0.004165247985472705,0.0036002083524833777,6.385390227160258e-05,8.397615077318042e-05,7.534246575342466e-05,0.0,3.714655057131395e-05,2.2777694259565492e-05,0.0,0.0,0.0
2021-01-07,0.0020082448106497203,0.0029250181319243874,0.0024944353153776473,0.0007355742076158201,0.0013668984719726824,0.0010471056137835361,0.004744942656011669,0.006655700687981259,0.005724380093636206,0.003972683535542113,0.0064861549009260135,0.005278151311689711,0.0037495837495837496,0.005271819316763137,0.004571498605876766,6.385390227160258e-05,8.397615077318042e-05,7.534246575342466e-05,0.0,3.714655057131395e-05,2.2777694259565492e-05,0.0,0.0,0.0
2021-01-08,0.0024720586759152535,0.0036533605215127696,0.003098536047386468,0.0009342449199406286,0.001754551552803406,0.00133903100730063,0.005754410306353421,0.008368253914558393,0.007094243107334836,0.004908579534099273,0.008024248656987051,0.006526821817295843,0.004575424575424576,0.00644648734536375,0.005585684958789104,0.00011174432897530451,0.00010796933670837483,0.00010958904109589041,0.0,4.4575860685576736e-05,2.733323311147859e-05,0.0,0.0,0.0
2021-01-09,0.0025890505314822313,0.0038219582968804506,0.0032428959639698458,0.000957231613928623,0.0018219694799044015,0.0013839426063032598,0.006074593878267985,0.00879956361606671,0.007471388937055661,0.005162051367041838,0.008425686616780106,0.006857145534538742,0.004781884781884782,0.006696175235501078,0.005815485491926341,0.00011174432897530451,0.00010796933670837483,0.00010958904109589041,0.0,4.4575860685576736e-05,2.733323311147859e-05,0.0,0.0,0.0
2021-01-10,0.002733732767065062,0.004044507360365789,0.0034288731538024858,0.0010114145354717526,0.001902870992425596,0.0014513100048072045,0.0064703763491068215,0.009442299641843807,0.00799375758626669,0.005425272116636039,0.008885761581936194,0.007222610072764927,0.004988344988344989,0.0070309839972761325,0.006091246131691026,0.00012770780454320516,0.00011396763319217342,0.00011986301369863014,0.0,5.200517079983953e-05,3.188877196339169e-05,0.0,0.0,0.0
2021-01-11,0.0031933930753282177,0.004780819826607917,0.004035249830442125,0.0011969499940891358,0.0023377166222270165,0.0017598693238808278,0.0076621707556776995,0.011150624341935566,0.00945032079070574,0.006288051240305921,0.01036070779376012,0.00840334165780337,0.005680985680985681,0.008217001475428441,0.007050280356650428,0.00014367128011110578,0.00013196252264356922,0.000136986301369863,0.0,5.200517079983953e-05,3.188877196339169e-05,0.0,0.0,0.0
2021-01-12,0.003605287478064027,0.005453984762439604,0.004585703296153068,0.0013562149452916684,0.0026613226723117946,0.00200022954817268,0.008711661352508771,0.012791292618261315,0.010802843766256285,0.007024094447504521,0.011682295683865352,0.009443509958908667,0.006413586413586414,0.009482465100442629,0.008070594723779759,0.00015165301789505612,0.00014395911561116643,0.00014726027397260274,0.0,5.200517079983953e-05,3.188877196339169e-05,0.0,0.0,0.0
2021-01-13,0.003927880405248711,0.006002693885908966,0.005028211959373738,0.0014859255756524937,0.002963017896088749,0.0022148071878519116,0.00944096837742528,0.014165563726008398,0.011862753598057916,0.007652899571535113,0.012742272319273983,0.0102962605481031,0.007032967032967033,0.010356372715923278,0.008827404479578393,0.00015963475567900643,0.00014995741209496502,0.00015410958904109589,0.0,5.943448091410232e-05,3.644431081530479e-05,0.0,0.0,0.0
2021-01-14,0.004484457043567352,0.006875723820903795,0.0057526126218687065,0.0017650497169352825,0.0034383142821507668,0.0025907339054294797,0.010739490641301013,0.016229084650871712,0.013553407317496099,0.008720405944889374,0.014532956252283461,0.011739376929816752,0.007852147852147853,0.01180910225854046,0.009988663173698563,0.00015963475567900643,0.00015595570857876364,0.00015753424657534247,0.0,5.943448091410232e-05,3.644431081530479e-05,0.0,0.0,0.0
2021-01-15,0.005312399406041349,0.008243511591250327,0.006866850086128248,0.002118059660322339,0.00420182230656954,0.003146307019017567,0.012816236864691312,0.019501964150552456,0.016243280735217618,0.010221739109241486,0.01730242712096814,0.013899366059589462,0.009224109224109224,0.013993871297242083,0.01179949137481999,0.00015963475567900643,0.00017994889451395803,0.00017123287671232877,0.0,6.686379102836511e-05,4.099984966721789e-05,0.0,0.0,0.0
2021-01-16,0.005642607187730393,0.008771375898856048,0.007301880645561941,0.0022756827048114434,0.004461381325908373,0.003354231088474187,0.013607801806368985,0.020893149364241043,0.017342205652852435,0.01081154856666553,0.018407509145117566,0.014756802091581665,0.00977022977022977,0.014748609692429917,0.012458252903146736,0.00015963475567900643,0.00017994889451395803,0.00017123287671232877,0.0,6.686379102836511e-05,4.099984966721789e-05,0.0,0.0,0.0
2021-01-17,0.00584059340484374,0.009106732201132854,0.007572718056629404,0.0023840485478977026,0.004618128006418186,0.0034864707966485967,0.014114759128567045,0.021802282558596807,0.01805531472169239,0.011162509566124464,0.019106642670599857,0.015288599849128741,0.009996669996669996,0.01522528657360118,0.012819805741949322,0.00015963475567900643,0.00017994889451395803,0.00017123287671232877,0.0,6.686379102836511e-05,4.099984966721789e-05,0.0,0.0,0.0
2021-01-18,0.005970738190918248,0.009302305620559365,0.007737561474890153,0.0024300219358736916,0.004709142208004531,0.0035546698914303678,0.014381578771829183,0.022242049313075874,0.018410785503728107,0.011440353690696122,0.019584759791252262,0.015670463437147127,0.010283050283050283,0.015537396436272841,0.013120078438581978,0.00015963475567900643,0.00017994889451395803,0.00017123287671232877,0.0,6.686379102836511e-05,4.099984966721789e-05,0.0,0.0,0.0
2021-01-19,0.006168724408031595,0.009591680711372258,0.007984013764913128,0.0024891305775571054,0.0048220672358986975,0.003640334608046495,0.014746232284287435,0.022965127342075106,0.018959164210161264,0.011903427231648884,0.020243298466867836,0.016235059294278605,0.010755910755910756,0.01603109749177165,0.013604191561724424,0.00017559823124690708,0.00018594719099775665,0.0001815068493150685,0.0,6.686379102836511e-05,4.099984966721789e-05,0.0,0.0,0.0
2021-01-20,0.006370864182147319,0.009901900618048791,0.008243471452826496,0.002540029685673379,0.004982184812763562,0.0037451283390526314,0.015230954636213651,0.023599406314881454,0.01952054794520548,0.012332379564320916,0.020955963608972363,0.016811368758404513,0.011182151182151183,0.016592895244580637,0.01410362472040935,0.00017559823124690708,0.00020394208044915245,0.0001917808219178082,0.0,7.42931011426279e-05,4.5555388519130984e-05,0.0,0.0,0.0
2021-01-21,0.006460165657698445,0.010015934022479295,0.008345888961213351,0.002577793540082227,0.005031062809911784,0.003788376545499608,0.015426622374605885,0.023819289692120986,0.019728628402982486,0.012498111147398745,0.02124012755803936,0.017038612734096435,0.011335331335331336,0.01682555896039042,0.014299721175353127,0.00021550692016665868,0.00020994037693295104,0.00021232876712328768,0.0,7.42931011426279e-05,4.5555388519130984e-05,0.0,0.0,0.0
2021-01-22,0.00648370248071192,0.010045975080635717,0.00837287516183592,0.0025876449803627958,0.005047917291687033,0.003801683685944832,0.015484433297312682,0.023878489062916244,0.01978715103173227,0.012556604647308569,0.021316806718898705,0.017106551654664123,0.011348651348651349,0.01686528203382136,0.014327297239329595,0.00022348865795060902,0.00021593867341674966,0.00021917808219178083,0.0,7.42931011426279e-05,4.5555388519130984e-05,0.0,0.0,0.0
2021-01-23,0.006566081361259081,0.010171043975817562,0.008477893749800855,0.0026040640474970776,0.00508499715159258,0.0038282979668352794,0.015684548029759285,0.02422099970823167,0.020060256632564593,0.01274670852201549,0.021578417973595304,0.017333795630356048,0.011508491508491508,0.017092271024855294,0.01452339369427337,0.00023147039573455933,0.00022793526638434684,0.00022945205479452054,0.0,8.172241125689069e-05,5.0110927371044086e-05,0.0,0.0,0.0
2021-01-24,0.00659654077927652,0.010225608346754738,0.008521136697786416,0.0026122735810642185,0.005101851633367829,0.0038407734110026764,0.015773487910846665,0.02437745518819057,0.02018380440436969,0.012800327563599495,0.021695691984321367,0.01742047632211482,0.011561771561771562,0.01718306662126887,0.014596929864877286,0.00023147039573455933,0.00022793526638434684,0.00022945205479452054,0.0,8.172241125689069e-05,5.0110927371044086e-05,0.0,0.0,0.0
2021-01-25,0.006791757958388282,0.010507626443733405,0.008762386828653233,0.002687801289881914,0.005231631143037245,0.003943072053175334,0.016147035411413654,0.025003277108026165,0.020686665510664122,0.013190284229664978,0.022336188504440625,0.01794056047266747,0.012027972027972029,0.017693791851095222,0.015087171002236725,0.00024743387130245995,0.00023993185935194405,0.00024315068493150686,0.0,8.915172137115347e-05,5.466646622295718e-05,0.0,0.0,0.0
2021-01-26,0.007045124935533334,0.010902451779503539,0.009090773125385691,0.002753477558419041,0.005408603201677358,0.0040636680134601725,0.016791849549297154,0.02578555450782066,0.021401942084272586,0.013702102353875926,0.023292422745745434,0.01868320315611427,0.012514152514152515,0.018471229145386448,0.015730612495020987,0.00027137908465431094,0.00026392504528713844,0.0002671232876712329,0.0,8.915172137115347e-05,5.466646622295718e-05,0.0,9.798253951145906e-06,6.794078281369958e-06
2021-01-27,0.0073524881537092995,0.011309538771664048,0.009451022646949617,0.0028749786552127255,0.005604115190270245,0.004221690306247203,0.017543391544485504,0.026622802751925037,0.022197416334315937,0.014272413977996695,0.024158446209568658,0.01940710406836998,0.01306027306027306,0.019350811485642945,0.016456782179734657,0.00028734256022221156,0.0002759216382547357,0.0002808219178082192,0.0,9.658103148541626e-05,5.922200507487028e-05,0.0,9.798253951145906e-06,6.794078281369958e-06
2021-01-28,0.0076695430048908135,0.01180552277265479,0.009862968625127859,0.002998121658719838,0.005848505176011353,0.0044046634873690284,0.018219334640749586,0.027777190482432587,0.023118605860932895,0.01489634464370147,0.025182338533984654,0.02023877016497444,0.013746253746253746,0.02028146634888208,0.01727487207770322,0.00028734256022221156,0.0002759216382547357,0.0002808219178082192,0.0,9.658103148541626e-05,5.922200507487028e-05,0.0,9.798253951145906e-06,6.794078281369958e-06
2021-01-29,0.008110512306643268,0.012458455975442354,0.01041634830536414,0.0031655961434895116,0.0061653694333860315,0.004645855407938707,0.01929995419596124,0.029367116440933826,0.024460291312640887,0.015783496059000444,0.026567073968326995,0.021384360929029598,0.014438894438894439,0.02135966405629327,0.018175690167601188,0.00032725124914196316,0.00029991482418993004,0.00031164383561643836,1.177703713299808e-05,9.658103148541626e-05,6.377754392678338e-05,0.0,9.798253951145906e-06,6.794078281369958e-06
2021-01-30,0.008216428010203905,0.012619083674156291,0.010551279308476984,0.0031967923710446468,0.006231101912309502,0.004694093792052643,0.019566773839223377,0.029806883195412893,0.02481576209467661,0.016002846683662277,0.02692340653937926,0.021674858382491436,0.014632034632034632,0.021586653047327205,0.018387106658087446,0.00032725124914196316,0.00029991482418993004,0.00031164383561643836,1.177703713299808e-05,9.658103148541626e-05,6.377754392678338e-05,0.0,9.798253951145906e-06,6.794078281369958e-06
2021-01-31,0.00829811463125067,0.01275702730854803,0.010662800595387115,0.003234556225453495,0.006286721702167823,0.004740668783610926,0.019753547589506874,0.03020013615855283,0.025108375238425525,0.01615882935008847,0.027194038871824016,0.02189038875118893,0.014765234765234765,0.02180796731358529,0.01856788307748874,0.00033523298692591353,0.00029991482418993004,0.00031506849315068495,1.177703713299808e-05,9.658103148541626e-05,6.377754392678338e-05,0.0,9.798253951145906e-06,6.794078281369958e-06
2021-02-01,0.008676780577967457,0.013335777490173815,0.011147576801751567,0.003383969736375458,0.006581675133234678,0.004961899993512769,0.020754121251739886,0.031604006951697544,0.026315675394485868,0.016889998098961252,0.028339715745840155,0.022836848196338796,0.015298035298035298,0.022812393598910453,0.019355332904372337,0.00034321472470986384,0.0003299063066089231,0.00033561643835616436,1.177703713299808e-05,0.00010401034159967906,6.833308277869648e-05,0.0,9.798253951145906e-06,6.794078281369958e-06
2021-02-02,0.009493646788435112,0.014564395460489571,0.012182806473826961,0.0035695051949928415,0.00699292448855075,0.0052588155646968214,0.022034855539398143,0.03356604324091184,0.02794563898040576,0.017889262055754054,0.030310821233812804,0.02434087533442348,0.016803196803196804,0.0254341164453524,0.021463369795017926,0.0027776447488147117,0.0025192845231954124,0.00263013698630137,0.00044752741105392703,0.00032688964502756274,0.00037355418585687406,0.00013295514979613543,2.9394761853437718e-05,6.114670453232963e-05
2021-02-03,0.010370047315936852,0.015981229856397612,0.013345814180175481,0.003796088321445929,0.007542380594423863,0.005644722637608308,0.023475681613013683,0.03617504408238861,0.029985260967574128,0.019122500012186145,0.032773575459060095,0.026212709732133237,0.018441558441558443,0.028129610713880378,0.023672518920243895,0.004900786999345498,0.004426742805043368,0.0046301369863013695,0.000871500747841858,0.0005274810181126581,0.0006605531335273992,0.00019943272469420315,4.8991269755729526e-05,9.511709593917942e-05
2021-02-04,0.011229141355928684,0.017406034328959395,0.014504920267156883,0.004058793395594436,0.008088465803941926,0.006047263636076323,0.025072152478532138,0.03897855714219266,0.03220045084099185,0.02054096738499934,0.03532654046178897,0.028220421970978366,0.019913419913419914,0.03087050278061514,0.025829579924625427,0.006225755471481251,0.0059263169259930176,0.0060547945205479455,0.001330805196028783,0.0007875068721118557,0.0009976630085689686,0.00031022868285764934,7.838603160916725e-05,0.00014946972219013907
2021-02-05,0.012549972482684859,0.019683023920652368,0.016332828940651817,0.004518527275354323,0.00906265485055131,0.006760859042451442,0.027829288792240885,0.04393016165656754,0.03608245188139414,0.02251512300695585,0.03943113083720112,0.031301100610513194,0.02229104229104229,0.03503575076608784,0.029172411679995097,0.007742285650431812,0.00758784505200523,0.0076541095890410955,0.001931434089811685,0.0010995378969108928,0.0014213281217968867,0.00042102464102109557,9.798253951145905e-05,0.0001970282701597288
2021-02-06,0.012856643441360428,0.020176555590365037,0.016738597354832123,0.004651521719142005,0.009261537735499247,0.00692636660173891,0.028434079983635063,0.04509300644004584,0.03697329634125195,0.02308543463107662,0.04046855477823936,0.03211402493592657,0.022863802863802865,0.035915333106344344,0.029910837393142754,0.007917883881678718,0.0077438007605839946,0.00781849315068493,0.0019432111269446833,0.0011069672070251556,0.001430439199500713,0.00042102464102109557,9.798253951145905e-05,0.0001970282701597288
2021-02-07,0.013101011045000329,0.02057628558869132,0.01706535797682828,0.004740184681667126,0.009413228071476487,0.007046130865745923,0.028936590311778754,0.04609516721707987,0.03773192301023062,0.023621625046916662,0.04133457824206258,0.03282152679839008,0.02325008325008325,0.036545227556463514,0.03042865459447866,0.008045591686221924,0.007869764986743764,0.007945205479452055,0.0019667652012106793,0.0011143965171394184,0.0014441058160564522,0.00042102464102109557,9.798253951145905e-05,0.0001970282701597288
2021-02-08,0.013701200031843937,0.021552926520184833,0.01786518994708754,0.004950348740985932,0.009883468113005929,0.0073846312508213,0.03017285465889332,0.048217887512738436,0.039422576729668805,0.024645261295338554,0.04326057834129443,0.03431384032948034,0.02424908424908425,0.03808307797071842,0.031718601587155684,0.008755966348993503,0.008493587821058819,0.008606164383561644,0.0020963126096736583,0.0011886896182820464,0.0015397721319466273,0.0004431838326537848,9.798253951145905e-05,0.00020382234844109874
2021-02-09,0.014387229196736689,0.02273372403057812,0.01881360858824455,0.0051818575875793044,0.01045989138971944,0.007786340553011489,0.03152029385736711,0.0506196905564318,0.041310473383041446,0.025751763335299365,0.0453354262233709,0.035923289930514885,0.025454545454545455,0.04038134150493701,0.033514109752734625,0.00971377488306754,0.009363340811209616,0.009513698630136987,0.0022611911295356314,0.001233265478967623,0.0016308829089848893,0.0005539797908172309,9.798253951145905e-05,0.00023779273984794852
2021-02-10,0.014758280288949115,0.023361520837765413,0.019320819105969934,0.0053148520313669855,0.010736304890833522,0.007990106141078977,0.032102850078489446,0.051985504611208135,0.042294520547945205,0.026458559792543055,0.04651718740837968,0.036876777539861405,0.026173826173826173,0.041544660083985926,0.03447314397769403,0.010184697412320611,0.009741233489688928,0.00993150684931507,0.002367184463732614,0.0012852706497674625,0.0017037715306154988,0.0006204573657152987,9.798253951145905e-05,0.0002581749746920584
2021-02-11,0.015071181583128252,0.024010162460816345,0.01981177287633232,0.005431427408020386,0.011039685562788,0.008198861906813423,0.03274321722231857,0.053440117722177355,0.04335226287497832,0.02693138225014745,0.04771699074888477,0.03772718540765695,0.026653346653346652,0.0426682555896039,0.035300425896988084,0.010631674728221829,0.010113127871684441,0.010335616438356164,0.002496731872195593,0.0013447051306815648,0.0017903267688018478,0.0006426165573479879,9.798253951145905e-05,0.00026496905297342837
2021-02-12,0.015418695852327203,0.024586460311164054,0.02028061747028104,0.005551286598100643,0.011295873685771783,0.00838599356932438,0.03347697124128945,0.05483130293586594,0.044423010230622506,0.02747732158263913,0.04895738893925657,0.03863381858902576,0.027246087246087246,0.04344569288389513,0.03599289150350829,0.011006816404067494,0.010353059731036385,0.010633561643835616,0.002649833354924568,0.0013967103014814045,0.0018814375458401098,0.0007090941322460556,9.798253951145905e-05,0.00028535128781753823
2021-02-13,0.01543254104233513,0.024609144375486253,0.02029915016227485,0.005551286598100643,0.011305986374836933,0.008390983746991338,0.0335125471937244,0.054894730833146575,0.04447286284029825,0.02750169387426822,0.048993473250249206,0.03866427396721127,0.027292707292707292,0.04349109068210192,0.03603885161013574,0.011006816404067494,0.010353059731036385,0.010633561643835616,0.002649833354924568,0.0013967103014814045,0.0018814375458401098,0.0007090941322460556,9.798253951145905e-05,0.00028535128781753823
2021-02-14,0.015436694599337508,0.024623858363154703,0.020308904210692647,0.005554570411527499,0.011317784512079607,0.008398469013491778,0.03352144118183314,0.0549243305185442,0.044492370383214845,0.02750169387426822,0.04903857863899,0.03868770118120013,0.027306027306027308,0.04349109068210192,0.03604497962435273,0.011006816404067494,0.010353059731036385,0.010633561643835616,0.002649833354924568,0.0013967103014814045,0.0018814375458401098,0.0007090941322460556,9.798253951145905e-05,0.00028535128781753823
2021-02-15,0.015436694599337508,0.024623858363154703,0.020308904210692647,0.005554570411527499,0.011317784512079607,0.008398469013491778,0.03352144118183314,0.0549243305185442,0.044492370383214845,0.02750169387426822,0.04903857863899,0.03868770118120013,0.027306027306027308,0.04349109068210192,0.03604497962435273,0.011006816404067494,0.010353059731036385,0.010633561643835616,0.002649833354924568,0.0013967103014814045,0.0018814375458401098,0.0007090941322460556,9.798253951145905e-05,0.00028535128781753823
2021-02-16,0.015444309453841867,0.024645316261837864,0.0203238604182666,0.005556212318240927,0.011319469960257131,0.00840013240604743,0.03355701713426809,0.055000443995280965,0.044548725507196116,0.027511442790919858,0.04909721564435303,0.038722842002183414,0.027306027306027308,0.04350811485642946,0.036054171645678215,0.011006816404067494,0.010353059731036385,0.010633561643835616,0.002649833354924568,0.0013967103014814045,0.0018814375458401098,0.0007090941322460556,9.798253951145905e-05,0.00028535128781753823
2021-02-17,0.015996040275657732,0.025564940491116125,0.0210706953921225,0.005764734470846304,0.011703752144732805,0.008695384584675829,0.034655424665697224,0.05689905238721463,0.04605730882607942,0.02834497516463483,0.051032236821333045,0.0401284748415149,0.028265068265068267,0.04512541141754625,0.03736863069522321,0.011773063231326724,0.01097688256535144,0.011318493150684932,0.002791157800520545,0.0014264275419384556,0.0019543261674707193,0.0007090941322460556,0.00010778079346260496,0.0002921453660989082
2021-02-18,0.017272566794388544,0.027938797168293072,0.02292916675065986,0.006121028227660218,0.012613894160596243,0.009324978666990474,0.03698120255613218,0.061322091090917547,0.04945812380787238,0.030192394870120057,0.055642007550642074,0.043410627521353905,0.03066933066933067,0.04955169674270798,0.04086466280601771,0.01390418721964146,0.013286226711613901,0.0135513698630137,0.0037097666968943952,0.002117353382564895,0.002733323311147859,0.0011301187732671513,0.0001665703171694804,0.00046199732313315713
2021-02-19,0.018419640786545243,0.030274642710659855,0.024706679507329517,0.0064412000367787105,0.013512238039217007,0.00993045355724815,0.03896456190438073,0.06602421254265527,0.05283509623721172,0.03224941628361548,0.060066846186113854,0.04669746564399069,0.03272727272727273,0.05372261945295653,0.04406348622728805,0.015540443465351276,0.015295656033686433,0.015400684931506849,0.004475274110539271,0.002890001634448225,0.0035032093771211726,0.0014625066477574897,0.00026455285668093944,0.0006318492801674061
2021-02-20,0.018731849821223983,0.030755912723982145,0.025108546302142706,0.006515085838882978,0.013652130237951574,0.01003691068080994,0.03956490610172054,0.06717014322019206,0.05371510317322698,0.032795355616107164,0.06093738018881116,0.04741199567065085,0.03331335331335331,0.05457382816933379,0.04479271991911021,0.015963475567900644,0.015787516345357917,0.01586301369863014,0.004675483741800238,0.0029271481850195393,0.003603431231863261,0.0014846658393901791,0.00027435111063208535,0.000645437436730146
2021-02-21,0.018958910937353978,0.03106551954783916,0.025379383713210166,0.006572552573852964,0.013761684369490691,0.010120080308592587,0.039978476548776856,0.06796510619944268,0.05432417201317843,0.03318531228217264,0.06152826078131554,0.04790630988581576,0.033832833832833836,0.055061854500056746,0.04529521708490364,0.016226872914771005,0.015967465239871876,0.016078767123287672,0.004757923001731224,0.002964294735590853,0.003658097698086218,0.0015289842226555576,0.00027435111063208535,0.0006590255932928859
2021-02-22,0.021266904111675304,0.034842722798894735,0.02846654003744254,0.006892724382971457,0.014511708808489265,0.010652365926401532,0.041539371461860354,0.07161855308280723,0.056957690306918676,0.03448191819684038,0.06468112745429697,0.050167036035740555,0.035504495504495505,0.05814890477811826,0.04773110273615835,0.018429832543141293,0.017778950777979054,0.01805821917808219,0.00913898081520651,0.006782960134321927,0.007694305120881224,0.03749335224251019,0.0276408743961826,0.03066167528382262
2021-02-23,0.024056709898272466,0.03937647024923656,0.032181206809886446,0.007306484874755356,0.01539993999804488,0.011300257326828359,0.043522730810108906,0.07624456105780819,0.06029564765042483,0.03655356298531326,0.06919617686725033,0.05350775675055171,0.03792207792207792,0.06269435932357281,0.05129760701044826,0.022508500550739906,0.02147390141199899,0.021917808219178082,0.013531815665814795,0.01051990312179611,0.011684957155157098,0.07427761035277433,0.05559529291880187,0.06132335056764524
2021-02-24,0.026867975729381915,0.044061036073180015,0.03598593596272133,0.007728454900106396,0.016176931607883853,0.01189741525430777,0.045973024534066195,0.08070142797339411,0.06377449280388417,0.038732445856954144,0.07356237849735908,0.05682270752997512,0.04010656010656011,0.06695607763023494,0.05460367068051598,0.025597433073128683,0.024491044543349688,0.024965753424657535,0.01816019125908304,0.015066640911724938,0.016263273701329763,0.11190391774508066,0.08785114492597419,0.09522580119168134
2021-02-25,0.02966885766798542,0.048681841283893516,0.03975197405683229,0.008112661071048587,0.017075275486504615,0.012535326299400679,0.04830324941855553,0.08530206478948281,0.06726851049072308,0.04113067935325687,0.07758126863416373,0.06006269122463418,0.04257742257742258,0.07141641130405176,0.05814872690504642,0.02833516913302364,0.027466199599313793,0.027839041095890412,0.02214082981003639,0.019264201126283412,0.02037692528460729,0.1505495479524907,0.11898999598271588,0.12866625449258426
2021-02-26,0.03240120591604969,0.05353807029730225,0.04361067561091231,0.008521495842692201,0.018017441017741026,0.013207336891884474,0.050717967190077866,0.09001687182067665,0.07086223339691347,0.0429780990587421,0.08185725948679089,0.06317148252095564,0.04522810522810523,0.07623425263874702,0.061969543769341544,0.03126446689973341,0.03049533932363209,0.030825342465753424,0.026415894289314693,0.023350321689127946,0.02453613225640395,0.18706789576316257,0.15225506814685624,0.16292879126553297
2021-02-27,0.03276602667275855,0.0541775156780604,0.04412113747811029,0.008587172111229328,0.018143849631055396,0.01330298196383452,0.051162666595514765,0.09055389468431936,0.07135425697936536,0.04340705139141413,0.08240303469055447,0.06366111129332278,0.04563436563436563,0.0768414481897628,0.062484296963568955,0.031671535526714874,0.031101167268495745,0.03134589041095891,0.02716962466582657,0.024234409592725218,0.025369795866304046,0.18979347633398333,0.15610578194965657,0.16643453565871985
2021-02-28,0.032869173338317605,0.05437492834594547,0.04427427603826968,0.008611800711930752,0.018172502250073316,0.013329596244724967,0.05129607641714583,0.09080337774695652,0.07154716490376278,0.043489917182953045,0.08255639301227317,0.06378059008466595,0.04572094572094572,0.07692089433662468,0.06256702515549836,0.03194291461136919,0.0312931127559773,0.03157191780821918,0.027346280222821543,0.02450186475683868,0.025602128347751614,0.19034745612480056,0.15737955496330555,0.1674876177923322
2021-03-01,0.03501725456804738,0.05813189986395692,0.04727559673642545,0.008790768543694422,0.018548357193661366,0.013605719408963357,0.05244340088317302,0.0929937544663811,0.07322914860412692,0.04457204693128476,0.08433354532866041,0.06522370646637961,0.046813186813186816,0.0790829644762229,0.06423690902962895,0.03352329869259135,0.03278069028395936,0.03309931506849315,0.03159779062783385,0.02870685428151142,0.029825112863475056,0.230034568338947,0.1945933234697577,0.2054597213069089
2021-03-02,0.037087802733732765,0.06165957840746833,0.05011890185021293,0.00898122972245209,0.019042193509676158,0.013945883186594387,0.053435080557297295,0.09507418949718592,0.07477891451361193,0.045405579304999735,0.08620541896140332,0.06659654120612668,0.04785214785214785,0.0810066961752355,0.06575359254833471,0.03492808454256661,0.03459817411855033,0.034739726027397264,0.03580219288431417,0.0327038231229848,0.03390232013593728,0.2697438397447261,0.22765263230092397,0.2405579297084661
2021-03-03,0.03906697264536584,0.06518970928225781,0.05292058969075115,0.00919467759519775,0.01947366824312253,0.014266917949835407,0.05451570011250895,0.09757324865004292,0.07658661349054968,0.0464487133867249,0.08837047762096138,0.06822238985695343,0.048884448884448886,0.08315741686528204,0.06738977234427183,0.0360056191433999,0.035953789123888816,0.035976027397260274,0.039394189209878576,0.036633928173429815,0.0377016395384328,0.30690480411274595,0.25995747557785204,0.27435167508000025
2021-03-04,0.039953757065373526,0.06699585126856032,0.054294935112818576,0.009383496867241992,0.02000458441904287,0.014624547349300793,0.055534061750959436,0.09987779558457265,0.0782642621813768,0.04732124142704642,0.09021077748158572,0.0695975673180994,0.04977688977688978,0.0850187265917603,0.06880534362839721,0.03697140941525789,0.03733339731516249,0.03717808219178082,0.040878095888636334,0.038312952259253207,0.039305189214306216,0.3152588193582698,0.26871711461017644,0.2829869485756215
2021-03-05,0.04070693540180472,0.06854572463630394,0.05547062308211023,0.009532910378163954,0.02039223749987359,0.014891521854483093,0.05659244633589925,0.1022288563104415,0.07998526096757413,0.048237639592300305,0.09261940524034407,0.07128901216809494,0.050835830835830834,0.08719782090568608,0.07046909948831082,0.037889309260412174,0.03855105150137361,0.038267123287671234,0.041749596636478196,0.03938277291570705,0.04029829668402327,0.3202003190923595,0.2733908817448731,0.28774280337258046
2021-03-06,0.04116659571006787,0.06998156459961707,0.05644797873357337,0.009596944739987652,0.02079168871794699,0.0151210700271632,0.05735732931325071,0.10443614713580758,0.0814895092769204,0.04888594254963417,0.09490624844950227,0.07278835386338185,0.05150849150849151,0.08962092838497333,0.07208689524159696,0.038112797918362785,0.038880957807982536,0.0385513698630137,0.04253865812438907,0.040445164262046626,0.04125495984292502,0.322948058854813,0.2778098942768399,0.2916493983843682
2021-03-07,0.04161102630932231,0.07122980122015743,0.05731869012233527,0.009654411474957639,0.021113609319854242,0.015309033385951985,0.057997696457079834,0.10650389658715627,0.08286153979538755,0.0496024879235295,0.09696305417608242,0.07420101486691,0.05232101232101232,0.09166950402905459,0.07356681067500076,0.0383841770030171,0.03914488285326967,0.03881849315068493,0.04332771961229994,0.041388686646558,0.04213873438019616,0.32500886367665305,0.2814156517308616,0.29478146847207976
2021-03-08,0.04260718773039261,0.07325052219329152,0.058858204097610715,0.009802183079166174,0.021524858675170313,0.015586819942746029,0.058784814404703144,0.1083559911877508,0.0841945552280215,0.050241041964211725,0.09866803787048439,0.07539346005894287,0.0532001332001332,0.09362160935194642,0.07502527805864509,0.03942180291493064,0.0407464280144439,0.040178082191780824,0.045424032221973595,0.04364719692129389,0.04433450410681827,0.3383265378478993,0.2943591452003253,0.3078396869288728
2021-03-09,0.0451865466288693,0.07742255078011723,0.0622822002272043,0.010056678619747541,0.02203723492113788,0.015968568534268382,0.0602523224426449,0.11122716067132087,0.08638156753944859,0.05153277342055364,0.10103156024050193,0.07724186724266377,0.05484515484515484,0.09639654976733629,0.07728038729049852,0.04154494516546142,0.042815840301354414,0.04227054794520548,0.050276171520768805,0.04863226400796422,0.04926815268344016,0.38377503988654493,0.3315239224370217,0.3475442804051988
2021-03-10,0.04797912145346805,0.08275391897865307,0.06642116810582233,0.010401479029567456,0.022905240732563194,0.01657154833569258,0.06195996815952257,0.11596311033494158,0.08964149471128836,0.05314134466807376,0.1060021740797373,0.08059664428586824,0.05715617715617716,0.10202020202020202,0.08138002880166682,0.04334083616685025,0.04481927132694315,0.044184931506849316,0.05503409452250003,0.05341673972154946,0.054042357400245086,0.4310627548307038,0.3706189557020939,0.3891512158003084
2021-03-11,0.05155464177301503,0.09028564141644202,0.07209477293550688,0.01107137696864615,0.024438998574110842,0.017667724029867878,0.06523740277759249,0.12452587646782726,0.09562814288191435,0.05587591578885796,0.11581259613085976,0.0870063300332198,0.06063936063936064,0.11121325615707638,0.0879461960351748,0.04622224350685631,0.04801036505632401,0.047243150684931505,0.06025132197241818,0.05884013610496129,0.05938600447353915,0.4783061513915972,0.41268285991436326,0.4328031687581104
2021-03-12,0.054176920760516285,0.09660039445748608,0.0766752740725038,0.011774113041993406,0.026196921023269298,0.018891149254550627,0.06891061986650124,0.13519444879043,0.10288711635165597,0.05916130070045966,0.12718366463241362,0.09449132490265992,0.06448218448218448,0.12177959368970605,0.09541930937279774,0.0484890570374982,0.050745588252936166,0.04977739726027397,0.06293648643874174,0.061299237752782273,0.06193255069175858,0.49539088814040066,0.42800732909395545,0.4486673415451093
2021-03-13,0.05522292486561513,0.09973937849342254,0.07883124390778393,0.0120942848511119,0.027509885153561182,0.019701221429153617,0.07076501638717309,0.14153723851849345,0.10704222299289058,0.06100872040594489,0.1335074401338728,0.09866371171407554,0.06646686646686646,0.12725002837362387,0.09928608634372031,0.04920741343805373,0.051519368499346185,0.05052739726027397,0.06332512866413068,0.061901011872037566,0.06245188212087667,0.4975846481120369,0.4306038663910091,0.45114038603952794
2021-03-14,0.055944259265028086,0.10216228179616099,0.08045496783439966,0.012253549802314431,0.02837452006863145,0.020208556158627766,0.07212134957375561,0.14620553175834816,0.11009623721172186,0.062432062237083905,0.13901931863799769,0.10221059191198864,0.06807192807192808,0.1325558960390421,0.10288935870331219,0.04984595246076976,0.0523171419316914,0.05125684931506849,0.06360777755532263,0.06219818427660807,0.0627434366073991,0.4976511256869349,0.43065285766076483,0.4511947386657789
2021-03-15,0.057994731905201984,0.10766102160442548,0.08433415289015705,0.012678803641092327,0.03009536265788436,0.02127312739424566,0.07497187276260611,0.15555057529102834,0.11627579330674527,0.06511788877460992,0.14877561422263116,0.10856873778856471,0.07141525141525142,0.14214050618545002,0.109602598278028,0.05209680251584375,0.05543025780678287,0.054,0.06610450942751822,0.06463499799408627,0.06520342758743218,0.5090631093777699,0.44083324351600545,0.46175273631502783
2021-03-16,0.06072015755826229,0.11345710658015659,0.08868803496891385,0.01311719273357765,0.03151451002336031,0.022195478566355224,0.07768898612982554,0.1630731239085116,0.12145612970348535,0.06786708327037158,0.15652020946942533,0.11391248529942322,0.07446553446553447,0.15022698899103393,0.1153721236633269,0.0547547211978992,0.059023237400578236,0.05719178082191781,0.0705680065009245,0.06886970475921605,0.06952663395789771,0.5384240382910831,0.4655444399807954,0.487889555463458
2021-03-17,0.06360064933941137,0.11910543859638367,0.09303638975356722,0.01359170377375839,0.03265555843954466,0.022998897170735604,0.08043278146137119,0.1702616189336502,0.12647823825212415,0.07067964572436888,0.16380924028993743,0.11905007332717979,0.07743589743589743,0.15713880376801725,0.12047063149186506,0.05788356240920773,0.06322204493923726,0.060931506849315066,0.07553791617104968,0.07386963046611492,0.07451494900074256,0.5698457720262364,0.491304049618358,0.5153851902681623
2021-03-18,0.06660713234963259,0.12515043519683944,0.09765428140949901,0.014138458709329971,0.03416403455842943,0.024020220199906517,0.08369242810322362,0.17834656157368842,0.1322112883648344,0.07396015617764476,0.1717432781694429,0.12474757176927005,0.08129204129204129,0.16527068437180797,0.12663541379416,0.06045368197563974,0.06676703816116222,0.06405821917808219,0.08069625843530284,0.07904785961575608,0.07968548559766392,0.5978771494415883,0.5165149570346564,0.5414608627120602
2021-03-19,0.06947585571927493,0.1311825570580853,0.10220064337703363,0.014719693685883543,0.03582925735782402,0.02513635660474965,0.08712995450725082,0.18704041202762073,0.1383431593549506,0.07772811246350249,0.1801058172419859,0.13090190088414305,0.08543456543456543,0.17365225286573602,0.13306676471489415,0.062449116421627315,0.06901040104610291,0.06619520547945205,0.08427647772373427,0.08280709053357305,0.08337547206771354,0.6215431661053005,0.5418336452444175,0.5662728365956232
2021-03-20,0.07098152013263692,0.13418972828782522,0.10450259880363345,0.014832985249110087,0.036200055956879494,0.025376716829041503,0.0880504822765052,0.1890447335816888,0.13981923010230624,0.07865425954540801,0.18218066512406236,0.13242466979341883,0.08674658674658675,0.1763136987856089,0.1351073934491528,0.06608878885110867,0.07545856976618641,0.07143835616438356,0.08878708294567253,0.08739840418418746,0.08793556645847854,0.6364563020741003,0.5574030707727883,0.5816410416680821
2021-03-21,0.07213759349829878,0.13630609018080425,0.10616794000349845,0.014872391010232362,0.03630455374388604,0.02544824270893458,0.08836177186031102,0.189598670551273,0.14025489856077683,0.07886386125341821,0.1825460187728628,0.13271516724688068,0.08737928737928738,0.17740324594257179,0.13598676348929128,0.07115719234391711,0.08395815588372903,0.07846575342465753,0.09372166150439873,0.09248748161245747,0.0929648813509906,0.644965431661053,0.5660647272656013,0.5902559329288593
2021-03-22,0.07355395643610964,0.1390183685743556,0.10827156311226975,0.01513345417766744,0.03678659192265815,0.025818347552567362,0.08970476406473045,0.19245715445538694,0.14237471822438008,0.08001423341831139,0.18511702593108798,0.13460340069438262,0.08886446886446886,0.18101237090001135,0.13861874559548978,0.0757067828807688,0.09254171815204482,0.08531849315068493,0.09925686895690781,0.09754684180027043,0.09820830656954257,0.6468711221414642,0.5674756758345663,0.5918185709335743
2021-03-23,0.07562588912079582,0.14323392604136714,0.11148031990677731,0.015328841076565394,0.0372366065860573,0.026139382315808382,0.09083874754859453,0.1948716430785364,0.14416507716316976,0.08105249304171074,0.18749407991772776,0.13633701452955813,0.09021645021645022,0.18359437067302237,0.14063486227288047,0.07893140494548473,0.0977662343894334,0.08968493150684932,0.10453298159249096,0.10299252611402505,0.10358839795365195,0.6768081900372275,0.6012992484739219,0.6244505289189942
2021-03-24,0.07690449241802783,0.14574572635293584,0.11341292203328991,0.015337050610132534,0.03726525920507522,0.026157679633920565,0.09088766448319259,0.19498158476715619,0.14424527483960464,0.08110123762496893,0.18760684338957975,0.13641900977851912,0.09046287046287046,0.18394620360912495,0.14093819897662163,0.08082307680028096,0.10114927360629582,0.09242808219178082,0.10857250532910931,0.10784386561863865,0.1081257146501574,0.7034878567629853,0.6282444468395731,0.651314314443531
2021-03-25,0.07834646895735335,0.1483568460812666,0.11547492786881194,0.015550498482878197,0.03775909552109001,0.026509487159441167,0.09202609496111104,0.19733264549302504,0.14600528871163518,0.0822759820814912,0.18954186456655978,0.1379886331157726,0.09152847152847153,0.1857337419135172,0.14239360235315746,0.0815733601519723,0.1020610146718332,0.09327054794520548,0.11214094758040773,0.11122420172062822,0.11157881309990753,0.7234089700407729,0.6484190517249826,0.6714111979998234
2021-03-26,0.07909618599628257,0.14993982592126423,0.11666654745051934,0.015607965217848182,0.037915842201599825,0.026615944283002957,0.09247968835465667,0.19811915141930492,0.14662953008496618,0.08262694308095013,0.190295124558531,0.13854854353010632,0.09208125208125208,0.1864714561343775,0.14304623586726722,0.08253116868604633,0.10432837074270906,0.09497602739726027,0.11424903722721438,0.11412163266519071,0.11417091470664607,0.734311292324056,0.6605492901165012,0.6831649534265933
2021-03-27,0.07960153543157188,0.15107280297173503,0.11750474534455525,0.015611249031275039,0.03792595489066498,0.026622597853225568,0.09250192332492851,0.19818257931658556,0.1466728801803364,0.08263669199760176,0.19034474048614589,0.13857899890829184,0.09210789210789211,0.1865906253546703,0.14312283604497963,0.08265887649058953,0.10456230430557721,0.09516438356164383,0.11600381576003109,0.11652872914221185,0.11632568458360097,0.7465431661053005,0.6745803897745422,0.6966444047368314
2021-03-28,0.08009165515785248,0.1521843221235227,0.11832441054659737,0.015614532844701896,0.037932696683375074,0.026627588030892525,0.09251526430709162,0.19821217900198318,0.1466945552280215,0.08264156645592759,0.19039435641376076,0.13860711156507846,0.09216117216117216,0.18664737260242878,0.14317798817293256,0.08291429209967593,0.10477824297899396,0.0953972602739726,0.11767615503291681,0.11839348598089182,0.11811601135240282,0.7580659457542989,0.6892189811775542,0.7103276783955105
2021-03-29,0.08166862229975529,0.15570219134192181,0.12093069228383241,0.0159412722806741,0.038814186080220595,0.027228072743483243,0.0943785548158722,0.20281281581807187,0.14996098491416682,0.08433300349498662,0.19441324655056538,0.14150740065689907,0.093999333999334,0.19080694586312563,0.14626957134540552,0.08410357102948454,0.10647576088390898,0.09687671232876713,0.12037309653637338,0.12121662382431167,0.1208903345132179,0.7726688530402411,0.7072477684476626,0.727306080020654
2021-03-30,0.08383262549799418,0.1601078044829842,0.12428348385997608,0.01613173345943177,0.03930296605170281,0.027565741432280792,0.09546362136513824,0.20556135803356604,0.1518987341772152,0.08542000770164415,0.1968083426927015,0.14327381259165897,0.100999000999001,0.20427306775621382,0.15676073168489751,0.09021758217199048,0.11384166896601365,0.1037054794520548,0.12465993805278468,0.12635027711326727,0.12569642800198622,0.7806904804112746,0.7211906838201433,0.7394335097528993
2021-03-31,0.08670481016513851,0.16530613370968444,0.1283892879739736,0.016502804376666534,0.04019119724125842,0.02819200872948413,0.09765154243988776,0.21079627382246108,0.15564851742673833,0.08753064815672358,0.2016616825212108,0.14680897918257765,0.10257076257076257,0.20707070707070707,0.15899439286699146,0.09148667847963858,0.11513130271003034,0.10498630136986302,0.14872042491549975,0.14985661431479472,0.1494171188038977,0.7930996277255806,0.738494400297867,0.7552365358353659
2021-04-01,0.08982274695492352,0.16992387350630034,0.1323026121991933,0.01654221013778881,0.04023501889387407,0.028233593543375457,0.09775827029719261,0.21113455594129113,0.15587393792266344,0.09014823227768815,0.20633009025588286,0.15049173722162612,0.1050949050949051,0.2113324253773692,0.16245672089959248,0.09202145491116326,0.11630097052437108,0.10588356164383561,0.1846874963196759,0.18192151676795293,0.18299144014249724,0.8023843290196774,0.7495566290087107,0.7657537690149266
2021-04-02,0.09288045716817406,0.17432580815044563,0.13607320218256588,0.01654385204450224,0.04024007523840664,0.02823692032848676,0.09776716428530136,0.21115569857371802,0.155889110456043,0.09458398935418301,0.21414685412466228,0.1566835498788813,0.10514152514152514,0.2114175462490069,0.1625241290559794,0.09214118097792251,0.11647492112240124,0.10603424657534247,0.22200892699414682,0.21625235880596128,0.2184790877989003,0.8093201560007091,0.7571404775668976,0.7731389321067758
2021-04-03,0.09547227673765787,0.1780447685336469,0.1392627760151851,0.016545493951215667,0.04025355882382684,0.0282444055949872,0.09778050526746446,0.21117261267965953,0.15590428298942258,0.09461811056246375,0.214187448974529,0.15672103342126348,0.1052014652014652,0.21145726932243786,0.16257315316971535,0.09222099835576202,0.11654090238372303,0.10610616438356164,0.26407650363321594,0.25799765233800387,0.26034904538683357,0.812466761212551,0.7611381651789652,0.7768756751615292
2021-04-04,0.09621784021958471,0.17909804481758027,0.14017152819277642,0.016545493951215667,0.04025355882382684,0.0282444055949872,0.09778050526746446,0.21117261267965953,0.15590428298942258,0.09461811056246375,0.21419195951340306,0.15672337614266235,0.10523476523476523,0.21149131767109294,0.16260685724790883,0.09236466963587313,0.11669085979581799,0.10625342465753425,0.27637173040006596,0.27033030712768014,0.2726672224424066,0.8126883531288779,0.7613929197816949,0.7771202619796586
2021-04-05,0.1003762430384654,0.18501613327439564,0.14526314146686584,0.01668505602185706,0.04045918350148488,0.028416566724497282,0.09810068883937902,0.21198448976485165,0.15647650424830933,0.0949739460202485,0.21504896189947814,0.15733951187056933,0.10576090576090576,0.21257519010328,0.16343413916720287,0.09341027728557061,0.11784853101719112,0.10736301369863013,0.34009727832671854,0.3328108051886302,0.33562932491469755,0.8161451870235774,0.7648712999343517,0.7805920359814386
2021-04-06,0.10510575994517304,0.1917533003780882,0.1510573713619838,0.016854172413340165,0.04070862983175856,0.02862532249023173,0.09865211610212077,0.21290630853866352,0.15721779087913992,0.0953151581030558,0.21569847949734555,0.15784085424993088,0.10615384615384615,0.2132561570763818,0.16398259643962373,0.09428826844180516,0.11892222608779107,0.1083527397260274,0.41196075891227285,0.4036047012674403,0.4068369527089512,0.8219952136146074,0.7712499632565477,0.7868086176088921
2021-04-07,0.11034408758467198,0.19906247375239178,0.1573939263491312,0.0170019440175487,0.040909198164884024,0.028799147012297462,0.09919909637080815,0.21402686805728807,0.158058782729322,0.0956563701858631,0.2164742921836872,0.15840779282846126,0.10668664668664668,0.214033594370673,0.16464748598216747,0.09952428842807656,0.12379884112911933,0.11338356164383562,0.48431887505741306,0.47423515252373666,0.4781356912802431,0.8309475270342138,0.7801565760981393,0.7957292423923309
2021-04-08,0.1162102945910304,0.20643847315402294,0.16406081844269463,0.01726957481183749,0.04118561166599811,0.029071111695146718,0.10011962414006252,0.215151656102398,0.15908401248482745,0.0961584393934224,0.2171689151702954,0.1590098722279749,0.10724608724608725,0.214969923958688,0.1654104237521831,0.1116804750730329,0.1371450508055712,0.12621917808219177,0.5575367149132622,0.5393307677449072,0.5463731077430494,0.8348697039531998,0.7830470610137273,0.7989360473411374
2021-04-09,0.12128040317193303,0.2133227801344,0.17009304711920684,0.017478096964442868,0.041595175573136654,0.029378839317942516,0.10108462184986058,0.2167669532198115,0.16038234784116526,0.096733625475869,0.2183236131220597,0.1598860500311582,0.10783216783216783,0.2160027238678924,0.16623770567147717,0.12239994891687818,0.14823590100411482,0.13715068493150684,0.619425045047167,0.5976211349014131,0.6060552222419628,0.8387697216805531,0.7876620386247171,0.8033318159891838
2021-04-10,0.12341187017365329,0.2162085609658752,0.1726245478185721,0.01755690848668742,0.04176877673542172,0.029504425455894316,0.10135144149312272,0.2173758610337056,0.1608245188139414,0.09709433539197956,0.21887389886469735,0.1603452234253398,0.10816516816516816,0.21668936556577006,0.16676165088703007,0.1276200054275817,0.15419220941252684,0.14279109589041095,0.6445572422889849,0.6209640272804268,0.6300902452246564,0.8400771139868818,0.788465495448711,0.804289781026857
2021-04-11,0.1254214995033038,0.21903548584667656,0.1750676118122827,0.017635720008931974,0.0419508051385944,0.029634170075235246,0.10177390592828778,0.21814122432755859,0.16142275013005028,0.09734293276659631,0.2196046061622982,0.16084422308330248,0.10859140859140859,0.21763136987856088,0.16746637252198426,0.13240106636016793,0.15963866261981596,0.14795205479452056,0.6682644180377101,0.6431999524524152,0.6528952727173334,0.8408083673107605,0.7893767330661676,0.8051458348903096
2021-04-12,0.1310087259310025,0.2266610099558519,0.18173580444563517,0.017850809788391063,0.042360369045732954,0.02994522448314235,0.10258325884618293,0.21960006596501316,0.16256502514305532,0.09789862101573962,0.22061496687009197,0.1616360629161259,0.10931734931734932,0.21873794120985132,0.16839783068296718,0.14520377376562424,0.17341075134661757,0.1613082191780822,0.736818551188892,0.7089939228243265,0.7197569164468619,0.8432458783903564,0.7921104459185373,0.8077887313417625
2021-04-13,0.136289973659526,0.2338359181926809,0.18802131324606278,0.01818575875793041,0.04267554785493011,0.030270417727772503,0.10359272649652468,0.2210208508640994,0.1637853303277267,0.09894662955579062,0.22164336973338206,0.1626738884958323,0.1106027306027306,0.22083758937691522,0.17012286668505072,0.16085596155995083,0.1938409491704356,0.17968835616438356,0.79204107830552,0.7597658281451984,0.7722503906374566,0.8463481652189329,0.7954614487698293,0.8110634770733829
2021-04-14,0.1408395030961306,0.23981224951735056,0.1933275155853437,0.01856175539530546,0.042803641916422,0.030524085092509576,0.10440207941441983,0.22171432920770098,0.16453528697763134,0.0997070450546183,0.2224778194250867,0.16347275649285237,0.11103563103563104,0.22122347066167292,0.17053037963048073,0.1673371326405185,0.19992922010149117,0.18594520547945206,0.8370293601535725,0.8036210457496917,0.8165438948946077,0.8753323878744903,0.8183599682536572,0.8358278924089764
2021-04-15,0.14310596070042816,0.24331417858244217,0.1962491782214208,0.01878505470833169,0.04288117253258814,0.030675453815073996,0.10485122581391108,0.22187924174063064,0.16483873764522283,0.10009212726235797,0.22258156181919053,0.16371171407553872,0.11132201132201132,0.22149018272613777,0.17080614027024543,0.1776016474306786,0.21677243662799764,0.19996575342465753,0.8550600040041926,0.8222166089656915,0.834920938623225,0.8775039886544939,0.8207703387256391,0.8381650553377676
2021-04-16,0.14572408613092705,0.24681610764753378,0.19933600941070592,0.018949245379674507,0.04293342142609141,0.030784406027469263,0.10506023453446643,0.22198918342925042,0.16499696549332407,0.10029198005371653,0.22268530421329435,0.1638616482450674,0.11142857142857143,0.22158097832255136,0.17090418849771732,0.18260619702121547,0.22178701248845328,0.20497602739726029,0.8854094286959286,0.8507451598044605,0.8641538314359514,0.8857915263251197,0.8299806974397163,0.8470924741994877
2021-04-17,0.14588745937302058,0.24702639505462876,0.19952426254516936,0.018968948260235645,0.042951961356044184,0.030803535041859273,0.10517585637988001,0.2220610683795018,0.16509016819837002,0.10047233501177182,0.2228296414572649,0.16402329602159052,0.11166167166167167,0.22175122006582682,0.17110334895976959,0.1828695943680858,0.22199695286538623,0.20520890410958903,0.8863280375923025,0.8519487080429712,0.8652471607604105,0.88612391419961,0.8305293996609804,0.847574853757465
2021-04-18,0.14598922151957883,0.2471226490572932,0.19962310356913637,0.018995218767650496,0.042962074045109336,0.030821832359971456,0.10527369024907614,0.2221287248032678,0.16517253337957344,0.10061369430322055,0.22297848924010952,0.16416854474832143,0.11194805194805195,0.2219157870843264,0.17132395747158133,0.18294143000814136,0.222092925609127,0.2052945205479452,0.8865046931492975,0.8520527183845709,0.865379271387116,0.886411983690835,0.8309507245808797,0.8479553221412217
2021-04-19,0.14877210471117203,0.25098139232334477,0.20297654541517457,0.019256281935085575,0.043014322938612605,0.030979854652758487,0.10555829786855575,0.22217101006812157,0.1653329287324432,0.10085741721951148,0.22303261570659846,0.16431379347505237,0.11205461205461205,0.22198388378163658,0.17140974967061923,0.18687642673562888,0.22615377232865866,0.2093013698630137,0.9192801874904312,0.8843479294512712,0.8978602634012565,0.8964944158837086,0.8427576205920105,0.8592334920882958
2021-04-20,0.1530281161196086,0.2574383805785172,0.20839979633546904,0.01952227082266094,0.04311207893290905,0.031162827833880313,0.105922951381014,0.22243740723670022,0.16564721692387724,0.10118400592734132,0.22340247989427298,0.16466285896348634,0.11504495504495504,0.2279650436953808,0.17601495235468947,0.21093338441645515,0.2556114063605936,0.2364417808219178,0.9380998928289621,0.9024382995795011,0.9162327515910219,0.9136899485906754,0.8616584524637709,0.8776114738394015
2021-04-21,0.15883271203043173,0.264833998630373,0.21504815573703867,0.019660190986588905,0.043186238652720144,0.0312692849574421,0.10613640709562372,0.22262346240205674,0.16584662736258018,0.10139360763535152,0.22360094360473246,0.1648666757251894,0.11562437562437562,0.22914538644875723,0.17691883445169593,0.27268808965087876,0.3211248005566419,0.30034246575342466,0.9419392069343194,0.9070296132301154,0.9205331802672279,0.9150195000886368,0.8634515329368306,0.8792624348617745
2021-04-22,0.16578368967391116,0.2733405227511969,0.22282408313570548,0.019735718695406603,0.04326039837253124,0.031344137622446484,0.10630983986374411,0.22281797462038402,0.1660308652679036,0.10154959030177771,0.2238309810873105,0.16506112160129693,0.11587745587745588,0.22950289410963567,0.17722829916965407,0.34805165780693775,0.398706767278093,0.37697260273972605,0.9462731565992628,0.9113534717166164,0.9248609421765454,0.9167035986527211,0.8649702622992582,0.8808318669447709
2021-04-23,0.17282466105244212,0.28141482348426,0.23041305793969788,0.019776766363242305,0.04333961443687491,0.031404019754449994,0.10652329557835381,0.22304208652410895,0.16624978324952314,0.10181281105137191,0.22416927150286645,0.1653633326617532,0.1163036963036963,0.22991714901827262,0.1776480681435181,0.4255303864757435,0.47265376633036216,0.4524349315068493,0.9488287736571234,0.9142360440409504,0.9276170431819528,0.9179445133841517,0.8669887026131944,0.8826119154544899
2021-04-24,0.17483359812259225,0.2835581610212979,0.23249327133226647,0.019784975896809446,0.043351412574117586,0.03141400010978391,0.10654553054862566,0.22307168620950657,0.16627579330674527,0.1018859279262592,0.22424144012485173,0.16543595702511865,0.11641691641691641,0.23004199296334127,0.17776756442074945,0.4463467586162859,0.49171035425939036,0.4722465753424658,0.9513372825664519,0.9156253250323175,0.929439258722718,0.9188087218578266,0.867772562929286,0.8834204107699729
2021-04-25,0.17488897888262395,0.2836329571252792,0.23255894859161294,0.019788259710236303,0.043354783470472634,0.031417326894895216,0.10656331852484313,0.2230843717889627,0.16629096584012484,0.10191030021788829,0.22429556659134067,0.16547578328889972,0.11647019647019648,0.23008171603677222,0.1778135245273769,0.4468017176699711,0.49216622479215905,0.47270205479452054,0.9513608366407179,0.9156921888233459,0.9294893696500891,0.918853040241092,0.8678999402306509,0.8835223219441934
2021-04-26,0.1759121384242097,0.28507615408242654,0.23380486570951273,0.01980960449751087,0.043364896159537786,0.03143312912417392,0.1066122354594412,0.22313088558030184,0.16633865094503208,0.10194929588449483,0.22433616144120738,0.16551560955268077,0.1165034965034965,0.23015548745885825,0.17786867665532985,0.45714604983797075,0.5041328262773372,0.48397260273972603,0.9528447433194757,0.9173043491181408,0.9310519194762953,0.919274064882113,0.8689091603876189,0.8843511994945206
2021-04-27,0.17686814879425702,0.2868234401180552,0.2351805116713692,0.01993274750101798,0.043482877531964524,0.03155372508445876,0.1068256911740509,0.22351568149047102,0.16663993410785505,0.10215402313417922,0.22463385700689661,0.16576862346376045,0.11672993672993673,0.2304789467710816,0.17814750130220303,0.46432163210574207,0.5141199899228619,0.49275342465753424,0.9555770159343312,0.9226683110206386,0.9353979035410204,0.9204041836553802,0.870663047844874,0.8859138374992357
2021-04-28,0.18163366319498528,0.2964316740655545,0.24251425554176262,0.021014764025167144,0.04642229915356792,0.033552291240075784,0.11343392433884315,0.24118246514637046,0.17891668111669845,0.10829584062471058,0.24159348317343474,0.17752908488616717,0.1234099234099234,0.2470775167404381,0.19018292122437724,0.48216081605287103,0.5298295284139305,0.5093767123287671,0.9579442003980638,0.9250308316369742,0.9377622282051632,0.9212905513206878,0.8719172243506207,0.8870552426505058
2021-04-29,0.18602189616799752,0.3043048836338154,0.248750668965154,0.02165018192326385,0.048466747792905614,0.03488300528459815,0.11794317630997328,0.254202098194842,0.1877882781342119,0.11320442015880985,0.2548770201575982,0.18678751985456385,0.12904428904428905,0.2603733968902508,0.19995403989337254,0.503847197611864,0.5458089902467699,0.527804794520548,0.9613713182037663,0.9278019643095942,0.9407871060028336,0.9229968090764049,0.8741218314896285,0.8891070542914795
2021-04-30,0.18684153141646678,0.30532995810805097,0.24967925437452815,0.02169122959109955,0.04852068213458641,0.03493041197243426,0.1181255030662024,0.25444312420450843,0.18800069360152594,0.11331653270030367,0.2550439100959392,0.18692808313849701,0.1291908091908092,0.260628759505164,0.20015932836964181,0.510448094759191,0.5524251112683998,0.5344143835616438,0.9637149485932329,0.9298524539011307,0.9429509869574922,0.9240382910831413,0.8753172184716683,0.8902552535210311
2021-05-01,0.18720427539467444,0.30596756424035054,0.2501877654320426,0.021707648658233835,0.04856618923537958,0.03496118473471384,0.11836564074513832,0.25484483422061915,0.18832365181203398,0.11342377078347168,0.2552784581173913,0.18710144452201455,0.12933732933732933,0.2608273748723187,0.20033397677482612,0.5129144517344316,0.5559461113043895,0.5374828767123287,0.9647631048980697,0.9310114262789557,0.944067093976211,0.9244371565325297,0.8761794648193691,0.8909754258188562
2021-05-02,0.1901657615373699,0.3119806805341913,0.25476761629914496,0.02221335592596971,0.050147139625897924,0.035997478296885634,0.12194102396485096,0.26399536553497205,0.19475680596497313,0.11737208202738471,0.2646197841256095,0.19385082487220454,0.13354645354645356,0.27002042900919304,0.20723412078316022,0.5168414667241352,0.5621963362405077,0.5427363013698631,0.9787660020492045,0.944644210338628,0.9578430434643962,0.9253900017727353,0.8775316238646274,0.8922051539877842
2021-05-03,0.19574398859156344,0.3189017724837395,0.2610580021237815,0.02224126834009799,0.05020781576028882,0.036041558199610434,0.12216337366756941,0.2643463332332582,0.19504508409918503,0.11753781361046253,0.26484080053043935,0.19404527074831207,0.138987678987679,0.2765123141527636,0.21324263872292185,0.555752438420893,0.6010353059731036,0.5816061643835616,1.0042868415164112,0.9688711906212389,0.9825705083525805,0.9275616025527389,0.8798930030668535,0.8945083465251686
2021-05-04,0.20363436237708069,0.32748002729444714,0.2693131784347093,0.022326647489196254,0.05029882996187516,0.03612971800506004,0.12239461735839659,0.26467192977263215,0.19532469221432286,0.117659675068608,0.2650527958575211,0.19421394668903186,0.15202131202131203,0.290381341504937,0.2267273340074149,0.6275481697875261,0.6667586405460849,0.6499349315068493,1.0074077563566557,0.9711445595162034,0.9851717210370229,0.9287138805176387,0.8809414162396261,0.8955886049719065
2021-05-05,0.21090101035274084,0.33672654237843025,0.27762980525066927,0.022492480067252497,0.05054659084397132,0.036335978681961006,0.123195076288183,0.265255466427614,0.1960139587307092,0.11864431565042334,0.2654497232784401,0.19489333589470872,0.1556043956043956,0.2939450686641698,0.2302999662959218,0.6522835751799881,0.6943568026680422,0.6763047945205479,1.0789532569396192,1.0358464213013179,1.052520807423706,0.9354059563907109,0.8884958700359596,0.9028786509678165
2021-05-06,0.21331907278762516,0.33988575814741084,0.280440922004678,0.022638609764747606,0.050664572216398064,0.036468218390135414,0.12372871557470727,0.26544575011945587,0.19637159701751344,0.1195022203157674,0.26559406052241064,0.19538062194567699,0.15820845820845822,0.2960844399046646,0.2326531237552471,0.6654055520968025,0.7106181844356203,0.6912191780821918,1.0905418614784892,1.0490631639945915,1.065107761271542,0.9373781244460202,0.8898578273351688,0.9044277008159688
2021-05-07,0.21868892973219942,0.34773444440289103,0.2871253713853935,0.022817577596511276,0.05105728164176136,0.03675265851715207,0.12456475045692864,0.2672386453492551,0.19769810993584186,0.12031625485617911,0.2671276437395976,0.1965683816949121,0.15947385947385948,0.2986948133015549,0.23464472837576983,0.6762926424341108,0.7273594299219022,0.7054486301369863,1.1565168234975445,1.1102806793361168,1.128165530059723,0.9404139336996986,0.8929344790758287,0.9074918301208666
2021-05-08,0.22033996864064465,0.35709008822874855,0.2928623775297937,0.023116404618355204,0.05377085320757643,0.03824305824701712,0.12665039066842768,0.28199620278321613,0.20627926131437488,0.12276810739406584,0.28785356986599187,0.2085115753864319,0.16324342324342325,0.3192770400635569,0.24749211018169562,0.6808741599220982,0.7380663891454827,0.7135273972602739,1.1573058849854554,1.1109567465565147,1.1288853051983254,0.9409457542988832,0.8935419708207998,0.9080761208530644
2021-05-09,0.22039327262217515,0.35719124689396914,0.29294106018703064,0.023116404618355204,0.05377085320757643,0.03824305824701712,0.12665039066842768,0.28199620278321613,0.20627926131437488,0.12277298185239165,0.28785356986599187,0.2085139181078308,0.1632833832833833,0.3192997389626603,0.2475227502527806,0.681073703366697,0.73820434996461,0.7136917808219178,1.1574825405424503,1.1111276206891427,1.1290584156746981,0.9416105300478639,0.8946687700251815,0.9090612622038631
2021-05-10,0.22093392729198466,0.3586736811515657,0.29398116688331494,0.023144317032483482,0.05381467486019208,0.03827882118696366,0.1267348835554607,0.2821230585777774,0.2063854690480319,0.1228655965605822,0.2879437806434735,0.20860528424238733,0.1642024642024642,0.32060492566110543,0.2486503048687073,0.6835719872930734,0.7467039360821527,0.7196164383561644,1.159790839820518,1.1145079567911325,1.1320240714672936,0.9433611061868463,0.8970203509734566,0.9112285731756201
2021-05-11,0.22320246167478341,0.3610653172305087,0.2963149855347462,0.023177155166752044,0.05387366554640544,0.03832456448224412,0.12686384638303738,0.2823598560609584,0.2065697069533553,0.1230215792270084,0.28817381812605153,0.20879973011849484,0.16837162837162836,0.3247644989218023,0.25281429052915405,0.7026243953833629,0.7627853689552168,0.736972602739726,1.1613454087220736,1.1158898084723852,1.1334727328222018,0.9444912249601135,0.8985782733516887,0.9126553296147079
2021-05-12,0.2256288312236725,0.3636905378636884,0.2988468113690587,0.02322805427486832,0.053919172647198615,0.03837280286635805,0.12702393816899465,0.2825924250176541,0.20676694988728975,0.1231824363517604,0.288426408303,0.20900823232299567,0.17285381285381285,0.329190784246964,0.25726629285779945,0.7223791963986399,0.7793766570294036,0.7549212328767123,1.1632650657747523,1.118482637702263,1.1358051687143813,0.9465741889735863,0.9010180385855241,0.9149856984652177
2021-05-13,0.2275076235077481,0.36688102085646446,0.3014212298814623,0.023315075330680012,0.054087717464951106,0.038500052396865506,0.12742861462794225,0.28356075758280513,0.2074605514132131,0.1235480207261968,0.28912554182848227,0.20954705824473943,0.1738994338994339,0.33081375553285663,0.2586236480068634,0.7285490797056335,0.7891418837050278,0.7631438356164384,1.1805537562859936,1.1369370440260917,1.1538086582571419,0.9487236305619571,0.9041730763577931,0.9178324172651118
2021-05-14,0.22832725875621734,0.368574968686795,0.30270453751829696,0.023393886852924563,0.05423940780092835,0.03861482648320556,0.12779771513445487,0.28430497824423123,0.20802193514825731,0.12380636701746518,0.2896577854156236,0.2099476636039489,0.1748917748917749,0.33198842356145725,0.2597144345374881,0.7329470172245901,0.797683457897957,0.7699075342465753,1.183686448163371,1.1415283576767061,1.157835754602233,0.9494770430774685,0.905446849371442,0.9189466461032564
