FECHA,TotalA,TotalB,TotalC,Total,<=30A,<=30B,<=30C,<=30,31-40A,31-40B,31-40C,31-40,41-50A,41-50B,41-50C,41-50,51-60A,51-60B,51-60C,51-60,61-70A,61-70B,61-70C,61-70,71-80A,71-80B,71-80C,71-80,81-90A,81-90B,81-90C,81-90,>=91A,>=91B,>=91C,>=91
2020-12-29,668,0,0,668,106,0,0,106,218,0,0,218,210,0,0,210,131,0,0,131,3,0,0,3,0,0,0,0,0,0,0,0,0,0,0,0
2020-12-30,1445,0,0,1445,248,0,0,248,465,0,0,465,448,0,0,448,278,0,0,278,6,0,0,6,0,0,0,0,0,0,0,0,0,0,0,0
2020-12-31,1523,0,0,1523,258,0,0,258,492,0,0,492,475,0,0,475,291,0,0,291,7,0,0,7,0,0,0,0,0,0,0,0,0,0,0,0
2021-01-01,1524,0,0,1524,258,0,0,258,493,0,0,493,475,0,0,475,291,0,0,291,7,0,0,7,0,0,0,0,0,0,0,0,0,0,0,0
2021-01-02,1903,0,0,1903,300,0,0,300,641,0,0,641,588,0,0,588,365,0,0,365,9,0,0,9,0,0,0,0,0,0,0,0,0,0,0,0
2021-01-03,2050,0,0,2050,322,0,0,322,703,0,0,703,627,0,0,627,389,0,0,389,9,0,0,9,0,0,0,0,0,0,0,0,0,0,0,0
2021-01-04,2893,0,0,2893,470,0,0,470,994,0,0,994,872,0,0,872,547,0,0,547,10,0,0,10,0,0,0,0,0,0,0,0,0,0,0,0
2021-01-05,4092,0,0,4092,667,0,0,667,1431,0,0,1431,1209,0,0,1209,770,0,0,770,14,0,0,14,1,0,0,1,0,0,0,0,0,0,0,0
2021-01-06,5378,0,0,5378,901,0,0,901,1864,0,0,1864,1574,0,0,1574,1022,0,0,1022,16,0,0,16,1,0,0,1,0,0,0,0,0,0,0,0
2021-01-07,6795,0,0,6795,1142,0,0,1142,2351,0,0,2351,1983,0,0,1983,1302,0,0,1302,16,0,0,16,1,0,0,1,0,0,0,0,0,0,0,0
2021-01-08,8637,0,0,8637,1493,0,0,1493,2977,0,0,2977,2513,0,0,2513,1629,0,0,1629,24,0,0,24,1,0,0,1,0,0,0,0,0,0,0,0
2021-01-09,9077,0,0,9077,1547,0,0,1547,3149,0,0,3149,2651,0,0,2651,1705,0,0,1705,24,0,0,24,1,0,0,1,0,0,0,0,0,0,0,0
2021-01-10,9644,0,0,9644,1628,0,0,1628,3389,0,0,3389,2806,0,0,2806,1794,0,0,1794,26,0,0,26,1,0,0,1,0,0,0,0,0,0,0,0
2021-01-11,11492,0,0,11492,1997,0,0,1997,4055,0,0,4055,3303,0,0,3303,2105,0,0,2105,31,0,0,31,1,0,0,1,0,0,0,0,0,0,0,0
2021-01-12,13170,0,0,13170,2282,0,0,2282,4678,0,0,4678,3743,0,0,3743,2433,0,0,2433,33,0,0,33,1,0,0,1,0,0,0,0,0,0,0,0
2021-01-13,14525,0,0,14525,2540,0,0,2540,5165,0,0,5165,4104,0,0,4104,2681,0,0,2681,34,0,0,34,1,0,0,1,0,0,0,0,0,0,0,0
2021-01-14,16737,0,0,16737,2988,0,0,2988,5943,0,0,5943,4714,0,0,4714,3056,0,0,3056,35,0,0,35,1,0,0,1,0,0,0,0,0,0,0,0
2021-01-15,20145,0,0,20145,3653,0,0,3653,7178,0,0,7178,5631,0,0,5631,3644,0,0,3644,38,0,0,38,1,0,0,1,0,0,0,0,0,0,0,0
2021-01-16,21474,0,0,21474,3902,0,0,3902,7681,0,0,7681,5995,0,0,5995,3857,0,0,3857,38,0,0,38,1,0,0,1,0,0,0,0,0,0,0,0
2021-01-17,22303,0,0,22303,4061,0,0,4061,8008,0,0,8008,6220,0,0,6220,3975,0,0,3975,38,0,0,38,1,0,0,1,0,0,0,0,0,0,0,0
2021-01-18,22807,0,0,22807,4143,0,0,4143,8173,0,0,8173,6379,0,0,6379,4073,0,0,4073,38,0,0,38,1,0,0,1,0,0,0,0,0,0,0,0
2021-01-19,23207,352,0,23559,4207,39,0,4246,8312,110,0,8422,6493,125,0,6618,4156,75,0,4231,38,3,0,41,1,0,0,1,0,0,0,0,0,0,0,0
2021-01-20,23443,905,0,24348,4246,124,0,4370,8385,294,0,8679,6568,294,0,6862,4203,189,0,4392,40,4,0,44,1,0,0,1,0,0,0,0,0,0,0,0
2021-01-21,23570,1097,0,24667,4266,156,0,4422,8417,360,0,8777,6608,353,0,6961,4232,223,0,4455,45,5,0,50,2,0,0,2,0,0,0,0,0,0,0,0
2021-01-22,23592,1164,0,24756,4271,168,0,4439,8423,384,0,8807,6613,377,0,6990,4236,229,0,4465,46,6,0,52,3,0,0,3,0,0,0,0,0,0,0,0
2021-01-23,23633,1440,0,25073,4275,195,0,4470,8441,491,0,8932,6626,461,0,7087,4242,286,0,4528,46,7,0,53,3,0,0,3,0,0,0,0,0,0,0,0
2021-01-24,23654,1552,0,25206,4279,205,0,4484,8449,541,0,8990,6630,494,0,7124,4247,305,0,4552,46,7,0,53,3,0,0,3,0,0,0,0,0,0,0,0
2021-01-25,23751,2209,0,25960,4300,311,0,4611,8473,751,0,9224,6660,690,0,7350,4268,447,0,4715,47,10,0,57,3,0,0,3,0,0,0,0,0,0,0,0
2021-01-26,23900,3110,0,27010,4316,447,0,4763,8520,1040,0,9560,6707,972,0,7679,4304,635,0,4939,50,16,0,66,3,0,0,3,0,0,0,0,0,0,0,0
2021-01-27,24021,4101,0,28122,4336,617,0,4953,8554,1371,0,9925,6744,1249,0,7993,4329,847,0,5176,55,17,0,72,3,0,0,3,0,0,0,0,0,0,0,0
2021-01-28,24140,5246,0,29386,4348,824,0,5172,8600,1750,0,10350,6777,1569,0,8346,4354,1086,0,5440,58,17,0,75,3,0,0,3,0,0,0,0,0,0,0,0
2021-01-29,24200,6880,0,31080,4352,1111,0,5463,8620,2345,0,10965,6795,2040,0,8835,4372,1359,0,5731,58,25,0,83,3,0,0,3,0,0,0,0,0,0,0,0
2021-01-30,24206,7286,0,31492,4353,1168,0,5521,8622,2506,0,11128,6798,2159,0,8957,4372,1428,0,5800,58,25,0,83,3,0,0,3,0,0,0,0,0,0,0,0
2021-01-31,24208,7628,0,31836,4353,1224,0,5577,8622,2641,0,11263,6798,2251,0,9049,4373,1486,0,5859,58,26,0,84,4,0,0,4,0,0,0,0,0,0,0,0
2021-02-01,24211,9119,0,33330,4353,1490,0,5843,8622,3199,0,11821,6799,2656,0,9455,4374,1743,0,6117,58,31,0,89,5,0,0,5,0,0,0,0,0,0,0,0
2021-02-02,25936,10580,0,36516,4450,1750,0,6200,8876,3700,0,12576,7059,3042,0,10101,4746,2056,0,6802,727,32,0,759,70,0,0,70,7,0,0,7,1,0,0,1
2021-02-03,28292,11805,0,40097,4680,1985,0,6665,9397,4120,0,13517,7542,3358,0,10900,5215,2308,0,7523,1311,34,0,1345,134,0,0,134,12,0,0,12,1,0,0,1
2021-02-04,30060,13609,0,43669,4825,2323,0,7148,9775,4768,0,14543,7896,3862,0,11758,5605,2622,0,8227,1729,34,0,1763,209,0,0,209,19,0,0,19,2,0,0,2
2021-02-05,32878,16420,0,49298,5147,2859,0,8006,10521,5813,0,16334,8483,4592,0,13075,6203,3118,0,9321,2192,38,0,2230,303,0,0,303,27,0,0,27,2,0,0,2
2021-02-06,33180,17370,0,50550,5172,3033,0,8205,10602,6148,0,16750,8558,4863,0,13421,6274,3288,0,9562,2240,38,0,2278,305,0,0,305,27,0,0,27,2,0,0,2
2021-02-07,33554,18001,0,51555,5220,3129,0,8349,10726,6374,0,17100,8660,5063,0,13723,6334,3397,0,9731,2277,38,0,2315,308,0,0,308,27,0,0,27,2,0,0,2
2021-02-08,34733,19287,0,54020,5361,3396,0,8757,11046,6835,0,17881,8945,5419,0,14364,6553,3599,0,10152,2469,38,0,2507,329,0,0,329,28,0,0,28,2,0,0,2
2021-02-09,36719,20228,0,56947,5673,3567,0,9240,11599,7158,0,18757,9364,5689,0,15053,6962,3776,0,10738,2736,38,0,2774,350,0,0,350,33,0,0,33,2,0,0,2
2021-02-10,37741,20778,0,58519,5822,3666,0,9488,11865,7352,0,19217,9618,5845,0,15463,7174,3877,0,11051,2858,38,0,2896,366,0,0,366,36,0,0,36,2,0,0,2
2021-02-11,38857,21188,0,60045,5993,3747,0,9740,12204,7507,0,19711,9878,5955,0,15833,7385,3935,0,11320,2972,44,0,3016,386,0,0,386,37,0,0,37,2,0,0,2
2021-02-12,39771,21756,0,61527,6126,3848,0,9974,12506,7711,0,20217,10101,6129,0,16230,7529,4022,0,11551,3060,46,0,3106,407,0,0,407,40,0,0,40,2,0,0,2
2021-02-13,39801,21798,0,61599,6130,3854,0,9984,12515,7730,0,20245,10109,6136,0,16245,7536,4032,0,11568,3061,46,0,3107,408,0,0,408,40,0,0,40,2,0,0,2
2021-02-14,39802,21828,0,61630,6130,3863,0,9993,12515,7740,0,20255,10110,6145,0,16255,7536,4034,0,11570,3061,46,0,3107,408,0,0,408,40,0,0,40,2,0,0,2
2021-02-15,39802,21832,0,61634,6130,3864,0,9994,12515,7742,0,20257,10110,6145,0,16255,7536,4035,0,11571,3061,46,0,3107,408,0,0,408,40,0,0,40,2,0,0,2
2021-02-16,39808,21874,0,61682,6130,3866,0,9996,12520,7763,0,20283,10111,6160,0,16271,7536,4038,0,11574,3061,46,0,3107,408,1,0,409,40,0,0,40,2,0,0,2
2021-02-17,41809,22191,0,64000,6432,3922,0,10354,13101,7886,0,20987,10620,6255,0,16875,7927,4079,0,12006,3263,48,0,3311,424,1,0,425,40,0,0,40,2,0,0,2
2021-02-18,47275,22504,0,69779,7140,3978,0,11118,14576,7998,0,22574,11933,6356,0,18289,9040,4117,0,13157,3921,54,0,3975,598,1,0,599,65,0,0,65,2,0,0,2
2021-02-19,52581,22716,0,75297,7835,4021,0,11856,16071,8073,0,24144,13295,6412,0,19707,10050,4154,0,14204,4469,55,0,4524,767,1,0,768,89,0,0,89,5,0,0,5
2021-02-20,53811,22733,0,76544,7960,4025,0,11985,16474,8081,0,24555,13597,6416,0,20013,10289,4155,0,14444,4604,55,0,4659,792,1,0,793,90,0,0,90,5,0,0,5
2021-02-21,54642,22734,0,77376,8060,4025,0,12085,16753,8082,0,24835,13808,6416,0,20224,10454,4155,0,14609,4667,55,0,4722,803,1,0,804,92,0,0,92,5,0,0,5
2021-02-22,64176,22873,0,87049,8677,4049,0,12726,17921,8133,0,26054,14739,6457,0,21196,11233,4178,0,15411,5293,55,0,5348,1732,1,0,1733,3983,0,0,3983,598,0,0,598
2021-02-23,73896,24515,0,98411,9344,4162,0,13506,19216,8380,0,27596,15886,6739,0,22625,12071,4505,0,16576,5781,658,0,6439,2517,65,0,2582,7869,5,0,7874,1212,1,0,1213
2021-02-24,83752,26337,0,110089,9920,4308,0,14228,20428,8778,0,29206,16930,7110,0,24040,12789,4867,0,17656,6192,1138,0,7330,3475,125,0,3600,12139,10,0,12149,1879,1,0,1880
2021-02-25,93516,28170,0,121686,10509,4487,0,14996,21665,9159,0,30824,17928,7505,0,25433,13563,5251,0,18814,6611,1558,0,8169,4317,191,0,4508,16328,17,0,16345,2595,2,0,2597
2021-02-26,102788,30697,0,133485,11056,4754,0,15810,22731,9762,0,32493,18748,8018,0,26766,14249,5819,0,20068,6998,2032,0,9030,5111,286,0,5397,20541,24,0,20565,3354,2,0,3356
2021-02-27,104312,30814,0,135126,11156,4769,0,15925,22925,9797,0,32722,18932,8044,0,26976,14389,5845,0,20234,7145,2047,0,9192,5305,286,0,5591,20956,24,0,20980,3504,2,0,3506
2021-02-28,104677,30959,0,135636,11171,4786,0,15957,22953,9857,0,32810,18951,8078,0,27029,14402,5863,0,20265,7200,2062,0,9262,5357,287,0,5644,21072,24,0,21096,3571,2,0,3573
2021-03-01,112735,32081,0,144816,11387,4915,0,16302,23437,10166,0,33603,19314,8338,0,27652,14735,6079,0,20814,7458,2249,0,9707,6254,308,0,6562,25842,24,0,25866,4308,2,0,4310
2021-03-02,120442,33316,0,153758,11650,5082,0,16732,23883,10456,0,34339,19652,8602,0,28254,14969,6350,0,21319,7742,2467,0,10209,7179,328,0,7507,30340,29,0,30369,5027,2,0,5029
2021-03-03,127539,34947,0,162486,11822,5302,0,17124,24245,10941,0,35186,19967,9004,0,28971,15184,6682,0,21866,7942,2641,0,10583,7989,342,0,8331,34599,33,0,34632,5791,2,0,5793
2021-03-04,130522,36135,0,166657,12067,5499,0,17566,24674,11300,0,35974,20329,9252,0,29581,15435,6903,0,22338,8154,2776,0,10930,8284,370,0,8654,35612,33,0,35645,5967,2,0,5969
2021-03-05,133092,37306,0,170398,12249,5660,0,17909,25155,11647,0,36802,20778,9549,0,30327,15789,7116,0,22905,8362,2905,0,11267,8480,392,0,8872,36194,35,0,36229,6085,2,0,6087
2021-03-06,135974,37427,0,173401,12514,5676,0,18190,25816,11688,0,37504,21393,9580,0,30973,16293,7142,0,23435,8440,2911,0,11351,8690,393,0,9083,36594,35,0,36629,6234,2,0,6236
2021-03-07,138679,37440,0,176119,12739,5677,0,18416,26443,11696,0,38139,21995,9583,0,31578,16777,7142,0,23919,8518,2912,0,11430,8890,393,0,9283,36921,35,0,36956,6396,2,0,6398
2021-03-08,143127,37796,0,180923,13041,5724,0,18765,26974,11795,0,38769,22431,9671,0,32102,17192,7215,0,24407,8881,2954,0,11835,9372,398,0,9770,38464,37,0,38501,6772,2,0,6774
2021-03-09,153561,37986,0,191547,13476,5755,0,19231,27915,11876,0,39791,23196,9711,0,32907,17922,7240,0,25162,9495,2966,0,12461,10461,399,0,10860,43428,37,0,43465,7668,2,0,7670
2021-03-10,165804,38541,0,204345,14135,5828,0,19963,29283,12022,0,41305,24517,9841,0,34358,19126,7379,0,26505,9992,3027,0,13019,11508,405,0,11913,48647,37,0,48684,8596,2,0,8598
2021-03-11,179710,42172,0,221882,15041,6247,0,21288,31164,12921,0,44085,26462,10649,0,37111,20517,8138,0,28655,10333,3593,0,13926,12534,561,0,13095,54203,61,0,54264,9456,2,0,9458
2021-03-12,189232,46807,0,236039,15915,6859,0,22774,33300,14157,0,47457,28508,11815,0,40323,22048,9051,0,31099,10555,4123,0,14678,12937,719,0,13656,56132,80,0,56212,9837,3,0,9840
2021-03-13,195018,47637,0,242655,16817,6935,0,23752,34985,14398,0,49383,30075,12031,0,42106,23134,9228,0,32362,10670,4227,0,14897,13034,733,0,13767,56377,82,0,56459,9926,3,0,9929
2021-03-14,199288,48366,0,247654,17355,7006,0,24361,36151,14640,0,50791,31390,12232,0,43622,24166,9374,0,33540,10824,4286,0,15110,13090,742,0,13832,56384,83,0,56467,9928,3,0,9931
2021-03-15,206926,52705,0,259631,18050,7602,0,25652,37781,15874,0,53655,33054,13293,0,46347,25548,10188,0,35736,11182,4736,0,15918,13475,898,0,14373,57708,109,0,57817,10128,5,0,10133
2021-03-16,216587,56446,0,273033,18645,8119,0,26764,39087,16966,0,56053,34442,14192,0,48634,26734,10895,0,37629,11698,5154,0,16852,14332,993,0,15325,61099,120,0,61219,10550,7,0,10557
2021-03-17,225904,60582,0,286486,19069,8672,0,27741,40223,18157,0,58380,35588,15245,0,50833,27686,11617,0,39303,12376,5575,0,17951,15266,1160,0,16426,64667,147,0,64814,11029,9,0,11038
2021-03-18,236850,63925,0,300775,19864,9119,0,28983,41968,19099,0,61067,37217,16080,0,53297,29062,12263,0,41325,12919,5950,0,18869,16324,1238,0,17562,67940,166,0,68106,11556,10,0,11566
2021-03-19,247556,67353,0,314909,20740,9606,0,30346,43850,20075,0,63925,39029,16923,0,55952,30495,12966,0,43461,13218,6293,0,19511,17073,1304,0,18377,70899,176,0,71075,12252,10,0,12262
2021-03-20,254125,67923,0,322048,20972,9667,0,30639,44373,20236,0,64609,39528,17080,0,56608,31039,13090,0,44129,14701,6347,0,21048,18070,1316,0,19386,72778,177,0,72955,12664,10,0,12674
2021-03-21,258790,68407,0,327197,20992,9735,0,30727,44424,20391,0,64815,39558,17174,0,56732,31254,13165,0,44419,16699,6408,0,23107,19153,1341,0,20494,73814,183,0,73997,12896,10,0,12906
2021-03-22,262614,71180,0,333794,21095,10101,0,31196,44577,21247,0,65824,39752,17805,0,57557,31614,13681,0,45295,18431,6702,0,25133,20207,1441,0,21648,74003,193,0,74196,12935,10,0,12945
2021-03-23,270214,73619,0,343833,21180,10411,0,31591,44726,21955,0,66681,39919,18392,0,58311,31875,14090,0,45965,19444,6972,0,26416,21281,1567,0,22848,77858,222,0,78080,13931,10,0,13941
2021-03-24,275911,73915,0,349826,21188,10427,0,31615,44739,21982,0,66721,39929,18419,0,58348,31959,14106,0,46065,20099,7120,0,27219,22228,1621,0,23849,81177,230,0,81407,14592,10,0,14602
2021-03-25,280876,75405,0,356281,21374,10675,0,32049,45098,22454,0,67552,40276,18764,0,59040,32229,14324,0,46553,20237,7235,0,27472,22930,1687,0,24617,83612,252,0,83864,15120,14,0,15134
2021-03-26,283226,76838,0,360064,21385,10800,0,32185,45132,22728,0,67860,40302,18994,0,59296,32264,14521,0,46785,20345,7637,0,27982,23317,1878,0,25195,84953,266,0,85219,15528,14,0,15542
2021-03-27,285776,76894,0,362670,21390,10803,0,32193,45138,22742,0,67880,40305,19008,0,59313,32279,14534,0,46813,20396,7643,0,28039,23792,1884,0,25676,86522,266,0,86788,15954,14,0,15968
2021-03-28,288345,76922,0,365267,21396,10803,0,32199,45145,22745,0,67890,40311,19013,0,59324,32295,14539,0,46834,20457,7652,0,28109,24188,1889,0,26077,88099,267,0,88366,16454,14,0,16468
2021-03-29,295504,77960,0,373464,21987,10948,0,32935,46377,23036,0,69413,41367,19217,0,60584,33121,14741,0,47862,20728,7822,0,28550,24808,1912,0,26720,90060,270,0,90330,17056,14,0,17070
2021-03-30,304692,79220,0,383912,22252,11107,0,33359,46984,23344,0,70328,41886,19466,0,61352,36326,14971,0,51297,22520,8046,0,30566,25796,1993,0,27789,91411,279,0,91690,17517,14,0,17531
2021-03-31,316456,80180,0,396636,22862,11259,0,34121,48436,23633,0,72069,43255,19614,0,62869,36902,15135,0,52037,22751,8201,0,30952,30966,2042,0,33008,93180,282,0,93462,18104,14,0,18118
2021-04-01,328428,80338,0,408766,22900,11273,0,34173,48506,23677,0,72183,44803,19644,0,64447,38019,15162,0,53181,22987,8236,0,31223,38382,2050,0,40432,94393,282,0,94675,18438,14,0,18452
2021-04-02,340060,80339,0,420399,22904,11273,0,34177,48517,23677,0,72194,47449,19644,0,67093,38040,15163,0,53203,23028,8236,0,31264,46197,2050,0,48247,95278,282,0,95560,18647,14,0,18661
2021-04-03,349903,80340,0,430243,22913,11273,0,34186,48525,23678,0,72203,47465,19644,0,67109,38055,15163,0,53218,23048,8236,0,31284,55422,2050,0,57472,95678,282,0,95960,18797,14,0,18811
2021-04-04,352721,80379,0,433100,22913,11273,0,34186,48528,23678,0,72206,47474,19645,0,67119,38058,15168,0,53226,23057,8261,0,31318,58178,2058,0,60236,95700,282,0,95982,18813,14,0,18827
2021-04-05,367932,81094,0,449026,23052,11352,0,34404,48641,23848,0,72489,47626,19786,0,67412,38200,15306,0,53506,23250,8402,0,31652,72130,2099,0,74229,96090,287,0,96377,18943,14,0,18957
2021-04-06,385347,81588,0,466935,23219,11442,0,34661,48850,23995,0,72845,47757,19880,0,67637,38303,15391,0,53694,23488,8462,0,31950,87792,2116,0,89908,96798,287,0,97085,19140,15,0,19155
2021-04-07,404238,82202,0,486440,23379,11497,0,34876,49129,24113,0,73242,47918,19966,0,67884,38420,15498,0,53918,24751,8668,0,33419,103389,2157,0,105546,97871,288,0,98159,19381,15,0,19396
2021-04-08,424619,82457,0,507076,23658,11548,0,35206,49550,24177,0,73727,48149,19999,0,68148,38626,15552,0,54178,28489,8699,0,37188,118426,2168,0,120594,98238,297,0,98535,19483,17,0,19500
2021-04-09,442537,83206,0,525743,23919,11668,0,35587,49934,24406,0,74340,48382,20150,0,68532,38800,15655,0,54455,31586,8806,0,40392,131545,2202,0,133747,98717,302,0,99019,19654,17,0,19671
2021-04-10,449083,84543,0,533626,23936,11812,0,35748,49960,24596,0,74556,48395,20335,0,68730,38822,15811,0,54633,32815,9240,0,42055,136659,2409,0,139068,98806,321,0,99127,19690,19,0,19709
2021-04-11,455295,85877,0,541172,23938,11966,0,35904,49967,24871,0,74838,48399,20547,0,68946,38830,16035,0,54865,33970,9598,0,43568,141582,2507,0,144089,98885,333,0,99218,19724,20,0,19744
2021-04-12,475128,86706,0,561834,24234,12045,0,36279,50386,24988,0,75374,48642,20647,0,69289,39032,16141,0,55173,37595,9897,0,47492,156254,2615,0,158869,99155,353,0,99508,19830,20,0,19850
2021-04-13,490401,90912,0,581313,24518,12157,0,36675,50770,25175,0,75945,48972,20773,0,69745,39258,16482,0,55740,40711,12164,0,52875,166727,3747,0,170474,99500,393,0,99893,19945,21,0,19966
2021-04-14,502138,95602,0,597740,24817,12169,0,36986,51108,25187,0,76295,49296,20792,0,70088,39386,16489,0,55875,42530,12192,0,54722,174918,5332,0,180250,100004,3013,0,103017,20079,428,0,20507
2021-04-15,506922,99832,0,606754,25000,12171,0,37171,51247,25192,0,76439,49400,20794,0,70194,39475,16492,0,55967,43287,15549,0,58836,178117,6154,0,184271,100248,3046,0,103294,20148,434,0,20582
2021-04-16,516079,100236,0,616315,25129,12176,0,37305,51316,25199,0,76515,49460,20800,0,70260,39503,16500,0,56003,44747,15565,0,60312,184241,6466,0,190707,101281,3093,0,104374,20402,437,0,20839
2021-04-17,516886,100237,0,617123,25160,12176,0,37336,51358,25199,0,76557,49529,20801,0,70330,39571,16500,0,56071,44830,15565,0,60395,184653,6466,0,191119,101357,3093,0,104450,20428,437,0,20865
2021-04-18,517195,100239,0,617434,25182,12176,0,37358,51396,25199,0,76595,49591,20802,0,70393,39644,16500,0,56144,44856,15565,0,60421,184684,6467,0,191151,101395,3093,0,104488,20447,437,0,20884
2021-04-19,527569,100291,0,627860,25364,12183,0,37547,51469,25207,0,76676,49651,20809,0,70460,39660,16511,0,56171,46022,15573,0,61595,191882,6474,0,198356,102768,3096,0,105864,20753,438,0,21191
2021-04-20,538512,106120,0,644632,25583,12191,0,37774,51598,25230,0,76828,49794,20819,0,70613,40218,17465,0,57683,51245,18302,0,69547,195222,7188,0,202410,103827,3964,0,107791,21025,961,0,21986
2021-04-21,558980,106176,0,665156,25697,12209,0,37906,51684,25241,0,76925,49878,20831,0,70709,40513,17471,0,57984,69936,18308,0,88244,196178,7189,0,203367,104001,3964,0,107965,21093,963,0,22056
2021-04-22,582999,106181,0,689180,25791,12209,0,38000,51769,25242,0,77011,49961,20832,0,70793,40622,17473,0,58095,92383,18308,0,110691,197144,7190,0,204334,104194,3964,0,108158,21135,963,0,22098
2021-04-23,606396,106204,0,712600,25864,12210,0,38074,51871,25244,0,77115,50082,20838,0,70920,40759,17483,0,58242,114468,18311,0,132779,197753,7191,0,204944,104387,3964,0,108351,21212,963,0,22175
2021-04-24,612833,106205,0,719038,25878,12210,0,38088,51884,25244,0,77128,50114,20838,0,70952,40799,17483,0,58282,120280,18312,0,138592,198157,7191,0,205348,104479,3964,0,108443,21242,963,0,22205
2021-04-25,613041,106205,0,719246,25882,12210,0,38092,51891,25244,0,77135,50131,20838,0,70969,40815,17483,0,58298,120418,18312,0,138730,198169,7191,0,205360,104487,3964,0,108451,21248,963,0,22211
2021-04-26,616929,106218,0,723147,25901,12212,0,38113,51916,25245,0,77161,50146,20842,0,70988,40837,17485,0,58322,123753,18314,0,142067,198519,7192,0,205711,104577,3965,0,108542,21280,963,0,22243
2021-04-27,621140,106270,0,727410,26045,12217,0,38262,52038,25264,0,77302,50249,20851,0,71100,40926,17490,0,58416,126323,18323,0,144646,199472,7196,0,206668,104764,3966,0,108730,21323,963,0,22286
2021-04-28,627356,123195,0,750551,26223,14602,0,40825,52261,30911,0,83172,50395,25849,0,76244,41026,21367,0,62393,131200,18335,0,149535,199994,7200,0,207194,104892,3968,0,108860,21365,963,0,22328
2021-04-29,634384,135897,0,770281,26418,16183,0,42601,52470,34982,0,87452,50519,29760,0,80279,41138,24486,0,65624,136618,18342,0,154960,200657,7210,0,207867,105115,3969,0,109084,21449,965,0,22414
2021-04-30,637684,135923,0,773607,26613,16185,0,42798,52741,34983,0,87724,50658,29768,0,80426,41240,24491,0,65731,138561,18348,0,156909,201138,7213,0,208351,105232,3969,0,109201,21501,966,0,22467
2021-05-01,638941,136299,0,775240,26614,16233,0,42847,52744,35148,0,87892,50661,29851,0,80512,41246,24555,0,65801,139451,18362,0,157813,201386,7214,0,208600,105307,3969,0,109276,21532,967,0,22499
2021-05-02,641190,148211,0,789401,26674,17425,0,44099,52846,38038,0,90884,50716,32685,0,83401,41338,26728,0,68066,140969,18389,0,159358,201672,9962,0,211634,105402,4011,0,109413,21573,973,0,22546
2021-05-03,655550,153645,0,809195,26822,17438,0,44260,53100,38053,0,91153,50840,32702,0,83542,43313,26739,0,70052,152346,18413,0,170759,202020,15106,0,217126,105494,4186,0,109680,21615,1008,0,22623
2021-05-04,681028,154045,0,835073,27039,17443,0,44482,53370,38059,0,91429,50979,32710,0,83689,47766,26740,0,74506,172334,18448,0,190782,202279,15428,0,217707,105593,4208,0,109801,21668,1009,0,22677
2021-05-05,689623,171491,0,861114,27334,17460,0,44794,53746,38090,0,91836,51331,32729,0,84060,48978,26780,0,75758,178313,20218,0,198531,202476,30099,0,232575,105725,4969,0,110694,21720,1146,0,22866
2021-05-06,695677,174443,0,870120,27544,17462,0,45006,54017,38095,0,92112,51582,32735,0,84317,49820,26788,0,76608,182345,20577,0,202922,202781,32574,0,235355,105830,5046,0,110876,21758,1166,0,22924
2021-05-07,698708,192530,0,891238,27719,17714,0,45433,54276,38584,0,92860,51722,33179,0,84901,50239,27136,0,77375,184129,22997,0,207126,202947,46333,0,249280,105875,5351,0,111226,21801,1236,0,23037
2021-05-08,701403,207553,0,908956,27719,19514,0,47233,54279,42559,0,96838,51724,38294,0,90018,50603,30976,0,81579,186434,23059,0,209493,202957,46488,0,249445,105885,5396,0,111281,21802,1267,0,23069
2021-05-09,701533,207793,0,909326,27719,19514,0,47233,54279,42559,0,96838,51725,38295,0,90020,50627,30986,0,81613,186538,23107,0,209645,202957,46526,0,249483,105885,5484,0,111369,21803,1322,0,23125
2021-05-10,703890,208794,0,912684,27787,19515,0,47302,54363,42560,0,96923,51792,38300,0,90092,51026,30990,0,82016,188237,23148,0,211385,202984,47161,0,250145,105895,5710,0,111605,21806,1410,0,23216
2021-05-11,710625,209302,0,919927,27836,19524,0,47360,54441,42579,0,97020,51866,38316,0,90182,52384,31009,0,83393,193276,23196,0,216472,203085,47380,0,250465,105920,5827,0,111747,21817,1471,0,23288
2021-05-12,717633,210305,0,927938,27886,19549,0,47435,54516,42616,0,97132,51936,38355,0,90291,53830,31046,0,84876,198471,23289,0,221760,203221,47792,0,251013,105949,6088,0,112037,21824,1570,0,23394
2021-05-13,720371,215908,0,936279,27929,19672,0,47601,54605,42862,0,97467,51999,38536,0,90535,54171,31204,0,85375,200428,23939,0,224367,203384,51655,0,255039,106008,6369,0,112377,21847,1671,0,23518
2021-05-14,723055,217650,0,940705,28064,19692,0,47756,54859,42894,0,97753,52153,38596,0,90749,54513,31271,0,85784,201926,24504,0,226430,203584,52410,0,255994,106089,6525,0,112614,21867,1758,0,23625
2021-05-15,734260,218053,0,952313,28117,19703,0,47820,54962,42903,0,97865,52221,38611,0,90832,56904,31285,0,88189,210299,24589,0,234888,203721,52543,0,256264,106155,6612,0,112767,21881,1807,0,23688
2021-05-16,737258,218243,0,955501,28358,19712,0,48070,55870,42905,0,98775,53176,38619,0,91795,57470,31298,0,88768,210566,24608,0,235174,203769,52564,0,256333,106166,6689,0,112855,21883,1848,0,23731
2021-05-17,744809,219330,0,964139,28444,19770,0,48214,56371,42998,0,99369,53455,38740,0,92195,58962,31432,0,90394,215453,24742,0,240195,203975,52977,0,256952,106243,6768,0,113011,21906,1903,0,23809
2021-05-18,752937,219702,0,972639,28520,19779,0,48299,56498,43011,0,99509,53580,38762,0,92342,60663,31445,0,92108,221296,24832,0,246128,204148,53105,0,257253,106303,6832,0,113135,21929,1936,0,23865
2021-05-19,758658,220820,0,979478,28531,19912,0,48443,56519,43317,0,99836,53599,38908,0,92507,61841,31541,0,93382,225436,24967,0,250403,204380,53346,0,257726,106388,6876,0,113264,21964,1953,0,23917
2021-05-20,780431,221611,0,1002042,28610,20055,0,48665,56648,43580,0,100228,53705,39071,0,92776,67986,31640,0,99626,238489,25017,0,263506,205953,53381,0,259334,106959,6895,0,113854,22081,1972,0,24053
2021-05-21,782743,225857,0,1008600,28689,20342,0,49031,56846,44119,0,100965,53777,39507,0,93284,68104,31967,0,100071,239497,25295,0,264792,206598,55655,0,262253,107106,6982,0,114088,22126,1990,0,24116
2021-05-22,786179,226079,0,1012258,28800,20359,0,49159,56927,44145,0,101072,53843,39527,0,93370,68552,31988,0,100540,241681,25313,0,266994,207024,55767,0,262791,107202,6988,0,114190,22150,1992,0,24142
2021-05-23,790922,226081,0,1017003,28871,20359,0,49230,57020,44145,0,101165,53910,39527,0,93437,70649,31988,0,102637,243752,25314,0,269066,207260,55767,0,263027,107287,6988,0,114275,22173,1993,0,24166
2021-05-24,792693,226589,0,1019282,28904,20445,0,49349,57062,44303,0,101365,53947,39632,0,93579,71055,32049,0,103104,244877,25345,0,270222,207362,55822,0,263184,107308,6997,0,114305,22178,1996,0,24174
2021-05-25,794281,238136,0,1032417,28929,20456,0,49385,57074,44315,0,101389,53961,39640,0,93601,71399,32056,0,103455,245895,25349,0,271244,207485,57017,0,264502,107350,15934,0,123284,22188,3369,0,25557
2021-05-26,796819,241313,0,1038132,28983,20486,0,49469,57142,44374,0,101516,54014,39696,0,93710,73378,32118,0,105496,246146,25637,0,271783,207540,57447,0,264987,107402,17828,0,125230,22214,3727,0,25941
2021-05-27,802540,260055,0,1062595,29100,20554,0,49654,57249,44532,0,101781,54117,39850,0,93967,78446,32194,0,110640,246371,25909,0,272280,207591,59290,0,266881,107431,31802,0,139233,22235,5924,0,28159
2021-05-28,816192,271896,0,1088088,29252,20669,0,49921,57439,44764,0,102203,54537,39996,0,94533,90942,32269,0,123211,246644,26113,0,272757,207653,60572,0,268225,107470,40194,0,147664,22255,7319,0,29574
2021-05-29,832548,272888,0,1105436,29259,20674,0,49933,57460,44767,0,102227,55634,40003,0,95637,105634,32275,0,137909,247062,26117,0,273179,207747,60687,0,268434,107489,40941,0,148430,22263,7424,0,29687
2021-05-30,848350,272987,0,1121337,29278,20675,0,49953,57476,44769,0,102245,58958,40004,0,98962,117856,32275,0,150131,247223,26118,0,273341,207789,60697,0,268486,107504,41008,0,148512,22266,7441,0,29707
2021-05-31,869825,278500,0,1148325,29383,20848,0,50231,57627,45071,0,102698,71140,40242,0,111382,126409,32652,0,159061,247537,27292,0,274829,207879,61164,0,269043,107555,43319,0,150874,22295,7912,0,30207
2021-06-01,890553,281540,0,1172093,29787,20895,0,50682,58566,45153,0,103719,85527,40305,0,125832,131082,32696,0,163778,247756,27366,0,275122,207939,61545,0,269484,107585,45326,0,152911,22311,8254,0,30565
2021-06-02,910539,283597,0,1194136,31047,20909,0,51956,62854,45184,0,108038,94814,40332,0,135146,135686,32721,0,168407,248130,27426,0,275556,208049,61793,0,269842,107625,46593,0,154218,22334,8639,0,30973
2021-06-03,941234,285146,0,1226380,39081,20933,0,60014,76028,45215,0,121243,102442,40382,0,142824,137086,32755,0,169841,248447,27501,0,275948,208135,61998,0,270133,107662,47490,0,155152,22353,8872,0,31225
2021-06-04,969408,286527,0,1255935,45598,20979,0,66577,85512,45260,0,130772,109540,40458,0,149998,139455,32799,0,172254,250475,27701,0,278176,208614,62355,0,270969,107815,47964,0,155779,22399,9011,0,31410
2021-06-05,989664,287658,0,1277322,50672,20995,0,71667,94265,45282,0,139547,113128,40484,0,153612,140824,32835,0,173659,251573,28017,0,279590,208846,62564,0,271410,107919,48336,0,156255,22437,9145,0,31582
2021-06-06,1007244,288314,0,1295558,57754,20996,0,78750,102162,45282,0,147444,114783,40486,0,155269,141621,32841,0,174462,251677,28073,0,279750,208877,62723,0,271600,107929,48605,0,156534,22441,9308,0,31749
2021-06-07,1034148,289286,0,1323434,64161,21046,0,85207,108109,45405,0,153514,121137,40578,0,161715,148798,32897,0,181695,252412,28123,0,280535,209063,62886,0,271949,108006,48887,0,156893,22462,9464,0,31926
2021-06-08,1061975,291181,0,1353156,66652,21058,0,87710,111500,45422,0,156922,124662,40589,0,165251,166806,32916,0,199722,252667,28216,0,280883,209168,63307,0,272475,108047,49894,0,157941,22473,9779,0,32252
2021-06-09,1087353,291574,0,1378927,67329,21059,0,88388,112827,45425,0,158252,125926,40593,0,166519,188619,32922,0,221541,252867,28241,0,281108,209226,63392,0,272618,108073,50051,0,158124,22486,9891,0,32377
2021-06-10,1116213,292005,0,1408218,68962,21064,0,90026,115096,45428,0,160524,129855,40597,0,170452,208819,32938,0,241757,253478,28297,0,281775,209378,63487,0,272865,108122,50210,0,158332,22503,9984,0,32487
2021-06-11,1121674,312177,0,1433851,69360,21105,0,90465,115803,45501,0,161304,131213,40653,0,171866,211625,33013,0,244638,253604,28555,0,282159,209414,65837,0,275251,108142,65406,0,173548,22513,12107,0,34620
2021-06-12,1133193,314873,0,1448066,70393,21109,0,91502,117215,45506,0,162721,134114,40664,0,174778,217705,33050,0,250755,253659,28633,0,282292,209437,66254,0,275691,108153,67150,0,175303,22517,12507,0,35024
2021-06-13,1141601,314997,0,1456598,70854,21109,0,91963,117832,45511,0,163343,135983,40667,0,176650,223070,33051,0,256121,253732,28638,0,282370,209453,66269,0,275722,108158,67232,0,175390,22519,12520,0,35039
2021-06-14,1153612,315815,0,1469427,72450,21120,0,93570,119928,45524,0,165452,138675,40683,0,179358,228543,33062,0,261605,253829,28659,0,282488,209487,66375,0,275862,108172,67761,0,175933,22528,12631,0,35159
2021-06-15,1179902,317238,0,1497140,72721,21161,0,93882,120362,45591,0,165953,139529,40729,0,180258,252687,33115,0,285802,254214,28718,0,282932,209597,66722,0,276319,108234,68443,0,176677,22558,12759,0,35317
2021-06-16,1188074,326998,0,1515072,73432,21529,0,94961,121673,46182,0,167855,142085,42081,0,184166,256047,34059,0,290106,254340,28972,0,283312,209653,71330,0,280983,108267,69713,0,177980,22577,13132,0,35709
2021-06-17,1204366,336637,0,1541003,73874,21580,0,95454,122471,46276,0,168747,147975,42424,0,190399,264405,34206,0,298611,254889,29643,0,284532,209808,78000,0,287808,108343,70989,0,179332,22601,13519,0,36120
2021-06-18,1231661,339111,0,1570772,75362,21603,0,96965,124630,46327,0,170957,164362,42505,0,206867,270865,34268,0,305133,255459,30028,0,285487,209944,79157,0,289101,108407,71535,0,179942,22632,13688,0,36320
2021-06-19,1252797,340223,0,1593020,75874,21613,0,97487,125018,46342,0,171360,181104,42526,0,223630,273751,34291,0,308042,255913,30111,0,286024,210048,79372,0,289420,108446,72031,0,180477,22643,13937,0,36580
2021-06-20,1252818,340229,0,1593047,75878,21615,0,97493,125022,46342,0,171364,181112,42528,0,223640,273755,34292,0,308047,255913,30112,0,286025,210049,79372,0,289421,108446,72031,0,180477,22643,13937,0,36580
2021-06-21,1264442,340786,0,1605228,75914,21633,0,97547,125087,46377,0,171464,191104,42611,0,233715,274934,34398,0,309332,256165,30207,0,286372,210125,79462,0,289587,108465,72123,0,180588,22648,13975,0,36623
2021-06-22,1273594,341984,0,1615578,76177,21791,0,97968,125338,46630,0,171968,195514,42778,0,238292,277951,34626,0,312577,256978,30328,0,287306,210378,79572,0,289950,108567,72225,0,180792,22691,14034,0,36725
2021-06-23,1291654,343190,0,1634844,76418,21941,0,98359,125670,46858,0,172528,210792,42962,0,253754,279752,34862,0,314614,257248,30427,0,287675,210463,79673,0,290136,108602,72376,0,180978,22709,14091,0,36800
2021-06-24,1325327,344440,0,1669767,76888,22091,0,98979,130259,47099,0,177358,236771,43108,0,279879,281837,35051,0,316888,257648,30574,0,288222,210573,79907,0,290480,108636,72481,0,181117,22715,14129,0,36844
2021-06-25,1342832,358705,0,1701537,78448,22127,0,100575,133994,47133,0,181127,246476,43189,0,289665,283545,35443,0,318988,258232,40800,0,299032,210731,82581,0,293312,108681,73135,0,181816,22725,14297,0,37022
2021-06-26,1345750,377209,0,1722959,78482,22177,0,100659,134026,47200,0,181226,248089,43264,0,291353,284465,35796,0,320261,258462,56200,0,314662,210798,84530,0,295328,108697,73621,0,182318,22731,14421,0,37152
2021-06-27,1357293,382900,0,1740193,78499,22338,0,100837,134060,47389,0,181449,254914,43582,0,298496,288774,37098,0,325872,258721,58238,0,316959,210870,85845,0,296715,108721,73926,0,182647,22734,14484,0,37218
2021-06-28,1391619,385671,0,1777290,80725,22487,0,103212,136828,47657,0,184485,281491,43779,0,325270,291047,37379,0,328426,259069,59608,0,318677,210955,86165,0,297120,108762,74035,0,182797,22742,14561,0,37303
2021-06-29,1425195,389114,0,1814309,81120,22659,0,103779,137867,47910,0,185777,312007,43984,0,355991,292224,37755,0,329979,259389,61059,0,320448,211054,86735,0,297789,108784,74361,0,183145,22750,14651,0,37401
2021-06-30,1461396,391958,0,1853354,81473,22695,0,104168,147933,47946,0,195879,335959,44012,0,379971,293537,37793,0,331330,259732,63426,0,323158,211156,86932,0,298088,108828,74454,0,183282,22778,14700,0,37478
2021-07-01,1484028,395631,0,1879659,81788,22736,0,104524,157505,47995,0,205500,346703,44090,0,390793,294937,38422,0,333359,260123,64955,0,325078,211274,87749,0,299023,108893,74859,0,183752,22805,14825,0,37630
2021-07-02,1495753,412181,0,1907934,83462,22857,0,106319,163435,48203,0,211638,349787,44278,0,394065,295587,38662,0,334249,260353,66954,0,327307,211363,89517,0,300880,108945,84801,0,193746,22821,16909,0,39730
2021-07-03,1513650,417591,0,1931241,83505,22883,0,106388,174759,48271,0,223030,355016,44342,0,399358,296538,38794,0,335332,260604,67663,0,328267,211436,90412,0,301848,108966,87692,0,196658,22826,17534,0,40360
2021-07-04,1533948,418107,0,1952055,84871,22884,0,107755,192411,48279,0,240690,355893,44344,0,400237,296789,38806,0,335595,260707,67785,0,328492,211469,90520,0,301989,108980,87862,0,196842,22828,17627,0,40455
2021-07-05,1541843,420868,0,1962711,85521,22925,0,108446,198912,48337,0,247249,356357,44424,0,400781,296965,38904,0,335869,260758,68521,0,329279,211499,91145,0,302644,108994,88753,0,197747,22837,17859,0,40696
2021-07-06,1565354,422668,0,1988022,86597,22962,0,109559,220351,48406,0,268757,356865,44530,0,401395,297265,39047,0,336312,260876,68803,0,329679,211551,91420,0,302971,109005,89437,0,198442,22844,18063,0,40907
2021-07-07,1575438,424645,0,2000083,86886,23009,0,109895,227829,48486,0,276315,358395,44621,0,403016,297819,39157,0,336976,261026,69028,0,330054,211603,91836,0,303439,109028,90249,0,199277,22852,18259,0,41111
2021-07-08,1609912,425400,0,2035312,87770,23036,0,110806,255170,48546,0,303716,362694,44701,0,407395,299148,39282,0,338430,261442,69257,0,330699,211734,91903,0,303637,109079,90380,0,199459,22875,18295,0,41170
2021-07-09,1634720,426524,0,2061244,89159,23053,0,112212,272088,48575,0,320663,367080,44741,0,411821,300752,39358,0,340110,261792,69593,0,331385,211853,92446,0,304299,109115,90444,0,199559,22881,18314,0,41195
2021-07-10,1654767,428809,0,2083576,92349,23103,0,115452,287796,48678,0,336474,367807,44839,0,412646,301016,39518,0,340534,261903,70503,0,332406,211882,93096,0,304978,109131,90699,0,199830,22883,18373,0,41256
2021-07-11,1657012,432394,0,2089406,92717,23358,0,116075,289568,49269,0,338837,367866,45327,0,413193,301042,39765,0,340807,261912,70558,0,332470,211887,93410,0,305297,109136,92065,0,201201,22884,18642,0,41526
2021-07-12,1690411,433060,0,2123471,98720,23375,0,122095,315312,49301,0,364613,368817,45365,0,414182,301521,39802,0,341323,262061,70693,0,332754,211932,93552,0,305484,109155,92274,0,201429,22893,18698,0,41591
2021-07-13,1709373,433293,0,2142666,102136,23392,0,125528,328669,49322,0,377991,370188,45399,0,415587,302052,39832,0,341884,262255,70712,0,332967,211999,93592,0,305591,109174,92317,0,201491,22900,18727,0,41627
2021-07-14,1715965,433556,0,2149521,103473,23428,0,126901,332822,49377,0,382199,370839,45436,0,416275,302349,39868,0,342217,262361,70727,0,333088,212027,93630,0,305657,109189,92344,0,201533,22905,18746,0,41651
2021-07-15,1719354,464005,0,2183359,104196,23863,0,128059,334621,51277,0,385898,371324,58934,0,430258,302609,43203,0,345812,262439,72512,0,334951,212061,99950,0,312011,109196,94932,0,204128,22908,19334,0,42242
2021-07-16,1722194,494936,0,2217130,104847,23997,0,128844,336162,53794,0,389956,371690,73946,0,445636,302798,44207,0,347005,262493,72810,0,335303,212084,110074,0,322158,109209,96409,0,205618,22911,19699,0,42610
2021-07-17,1738229,504701,0,2242930,107938,24091,0,132029,345847,54691,0,400538,373723,80686,0,454409,303669,44986,0,348655,262754,73062,0,335816,212142,110817,0,322959,109239,96615,0,205854,22917,19753,0,42670
2021-07-18,1752596,513629,0,2266225,114737,24117,0,138854,351267,54853,0,406120,375117,86549,0,461666,304188,47372,0,351560,262922,73297,0,336219,212187,110974,0,323161,109258,96693,0,205951,22920,19774,0,42694
2021-07-19,1760243,540780,0,2301023,119311,25589,0,144900,353156,57048,0,410204,375770,106792,0,482562,304533,49241,0,353774,263041,73613,0,336654,212222,111288,0,323510,109284,97262,0,206546,22926,19947,0,42873
2021-07-20,1782779,556609,0,2339388,134943,25971,0,160914,357815,57857,0,415672,377075,119603,0,496678,305150,50135,0,355285,263267,73825,0,337092,212288,111679,0,323967,109309,97519,0,206828,22932,20020,0,42952
2021-07-21,1819547,557422,0,2376969,162936,26026,0,188962,364407,57931,0,422338,378289,119811,0,498100,305762,50186,0,355948,263512,73897,0,337409,212381,111942,0,324323,109325,97580,0,206905,22935,20049,0,42984
2021-07-22,1855834,557776,0,2413610,187622,26037,0,213659,372101,57963,0,430064,380609,119848,0,500457,306856,50217,0,357073,263851,73969,0,337820,212487,112006,0,324493,109364,97649,0,207013,22944,20087,0,43031
2021-07-23,1875168,571638,0,2446806,200436,26343,0,226779,375971,59815,0,435786,382041,130143,0,512184,307665,51151,0,358816,264139,74191,0,338330,212568,112142,0,324710,109398,97733,0,207131,22950,20120,0,43070
2021-07-24,1876506,599244,0,2475750,201575,26928,0,228503,376060,60681,0,436741,382073,141252,0,523325,307700,65150,0,372850,264158,74755,0,338913,212579,112347,0,324926,109406,97960,0,207366,22955,20171,0,43126
2021-07-25,1901855,599376,0,2501231,217587,26930,0,244517,381755,60693,0,442448,383996,141265,0,525261,308930,65163,0,374093,264549,74766,0,339315,212639,112379,0,325018,109433,97990,0,207423,22966,20190,0,43156
2021-07-26,1910796,629972,0,2540768,224964,32124,0,257088,382510,70084,0,452594,384410,150872,0,535282,309197,70071,0,379268,264642,75566,0,340208,212660,112817,0,325477,109444,98190,0,207634,22969,20248,0,43217
2021-07-27,1925068,649968,0,2575036,236774,35746,0,272520,383805,75650,0,459455,385058,156683,0,541741,309518,72488,0,382006,264772,77154,0,341926,212710,113407,0,326117,109459,98508,0,207967,22972,20332,0,43304
2021-07-28,1962822,650591,0,2613413,269237,35792,0,305029,386474,75759,0,462233,386557,156956,0,543513,310265,72533,0,382798,265023,77212,0,342235,212788,113450,0,326238,109491,98541,0,208032,22987,20348,0,43335
2021-07-29,1998750,652062,0,2650812,298609,35935,0,334544,390092,76071,0,466163,388211,157613,0,545824,311120,72709,0,383829,265287,77300,0,342587,212877,113504,0,326381,109535,98570,0,208105,23019,20360,0,43379
2021-07-30,2013081,670812,0,2683893,308412,37303,0,345715,392533,85613,0,478146,389426,163239,0,552665,311698,74354,0,386052,265467,77639,0,343106,212936,113651,0,326587,109574,98623,0,208197,23035,20390,0,43425
2021-07-31,2013604,696078,0,2709682,308738,40334,0,349072,392624,99871,0,492495,389473,169514,0,558987,311720,75459,0,387179,265490,78005,0,343495,212945,113769,0,326714,109578,98700,0,208278,23036,20426,0,43462
2021-08-01,2013664,710190,0,2723854,308756,43649,0,352405,392636,106195,0,498831,389482,172324,0,561806,311725,76482,0,388207,265493,78422,0,343915,212950,113906,0,326856,109583,98762,0,208345,23039,20450,0,43489
2021-08-02,2017832,742891,0,2760723,311007,47742,0,358749,393516,126395,0,519911,390054,179073,0,569127,312021,77637,0,389658,265596,78732,0,344328,212994,114023,0,327017,109600,98818,0,208418,23044,20471,0,43515
2021-08-03,2029504,763180,0,2792684,321312,52902,0,374214,394087,131516,0,525603,390462,183451,0,573913,312219,82633,0,394852,265693,79206,0,344899,213039,114128,0,327167,109631,98859,0,208490,23061,20485,0,43546
2021-08-04,2032619,788368,0,2820987,322802,55980,0,378782,394830,136401,0,531231,390921,186634,0,577555,312452,96181,0,408633,265791,79536,0,345327,213100,114234,0,327334,109652,98906,0,208558,23071,20496,0,43567
2021-08-05,2041270,797892,0,2839162,328753,57244,0,385997,396158,142090,0,538248,391660,188456,0,580116,312857,96704,0,409561,265934,79673,0,345607,213157,114291,0,327448,109671,98927,0,208598,23080,20507,0,43587
2021-08-06,2043296,805730,0,2849026,329884,57578,0,387462,396533,143377,0,539910,391939,188898,0,580837,313001,97018,0,410019,265990,82206,0,348196,213194,117118,0,330312,109675,99008,0,208683,23080,20527,0,43607
2021-08-07,2045587,828214,0,2873801,331868,57603,0,389471,396644,143410,0,540054,392033,188940,0,580973,313044,97099,0,410143,266012,85377,0,351389,213210,135944,0,349154,109686,99263,0,208949,23090,20578,0,43668
2021-08-08,2045621,850277,0,2895898,331879,57619,0,389498,396647,143440,0,540087,392037,188964,0,581001,313047,97186,0,410233,266020,97927,0,363947,213212,144924,0,358136,109687,99585,0,209272,23092,20632,0,43724
2021-08-09,2046003,883950,0,2929953,332022,57788,0,389810,396736,143801,0,540537,392095,189327,0,581422,313078,99735,0,412813,266042,123135,0,389177,213232,149596,0,362828,109698,99886,0,209584,23100,20682,0,43782
2021-08-10,2046472,917037,0,2963509,332239,58384,0,390623,396821,144781,0,541602,392174,191294,0,583468,313119,102865,0,415984,266063,140238,0,406301,213245,158481,0,371726,109708,100239,0,209947,23103,20755,0,43858
2021-08-11,2048917,946341,0,2995258,334490,58595,0,393085,396889,145461,0,542350,392216,191993,0,584209,313147,107905,0,421052,266094,158165,0,424259,213260,162810,0,376070,109718,100585,0,210303,23103,20827,0,43930
2021-08-12,2049403,968534,0,3017937,334668,59247,0,393915,396996,145905,0,542901,392305,192415,0,584720,313207,111944,0,425151,266117,166203,0,432320,213270,170913,0,384183,109728,100994,0,210722,23112,20913,0,44025
2021-08-13,2049588,999748,0,3049336,334738,59437,0,394175,397043,146237,0,543280,392335,192730,0,585065,313223,112758,0,425981,266122,178823,0,444945,213275,186611,0,399886,109738,102009,0,211747,23114,21143,0,44257
2021-08-14,2049637,1020963,0,3070600,334754,59660,0,394414,397055,146620,0,543675,392341,193208,0,585549,313227,116548,0,429775,266126,192571,0,458697,213275,188799,0,402074,109742,102334,0,212076,23117,21223,0,44340
2021-08-15,2049693,1045365,0,3095058,334766,60702,0,395468,397072,148418,0,545490,392353,196065,0,588418,313235,130341,0,443576,266131,195918,0,462049,213276,190006,0,403282,109743,102605,0,212348,23117,21310,0,44427
2021-08-16,2063464,1053048,0,3116512,337575,60933,0,398508,399190,148715,0,547905,396532,197356,0,593888,316208,131673,0,447881,267211,197368,0,464579,213659,192707,0,406366,109930,102905,0,212835,23159,21391,0,44550
2021-08-17,2092742,1054167,0,3146909,351814,60974,0,412788,410901,148796,0,559697,398929,197572,0,596501,316712,132385,0,449097,267491,197413,0,464904,213746,192724,0,406470,109979,102912,0,212891,23170,21391,0,44561
2021-08-18,2106374,1064474,0,3170848,360734,61553,0,422287,412999,149886,0,562885,400259,198830,0,599089,317484,135255,0,452739,267811,200519,0,468330,213869,193914,0,407783,110039,103083,0,213122,23179,21434,0,44613
2021-08-19,2111470,1071698,0,3183168,364737,62287,0,427024,413466,151045,0,564511,400603,199552,0,600155,317690,137909,0,455599,267862,201717,0,469579,213886,194541,0,408427,110046,103188,0,213234,23180,21459,0,44639
2021-08-20,2117638,1091321,0,3208959,369375,62756,0,432131,414152,153058,0,567210,401036,201362,0,602398,317965,152604,0,470569,267950,202093,0,470043,213914,194733,0,408647,110064,103242,0,213306,23182,21473,0,44655
2021-08-21,2118205,1112426,0,3230631,369656,66203,0,435859,414267,158592,0,572859,401117,206447,0,607564,318008,158524,0,476532,267975,202871,0,470846,213927,194968,0,408895,110070,103324,0,213394,23185,21497,0,44682
2021-08-22,2118264,1133626,0,3251890,369679,69687,0,439366,414274,169374,0,583648,401124,210313,0,611437,318015,160612,0,478627,267985,203630,0,471615,213932,195142,0,409074,110070,103367,0,213437,23185,21501,0,44686
2021-08-23,2131789,1153286,0,3285075,381102,72612,0,453714,415222,182502,0,597724,401744,212371,0,614115,318357,161670,0,480027,268113,203966,0,472079,213975,195247,0,409222,110085,103404,0,213489,23191,21514,0,44705
2021-08-24,2133547,1177363,0,3310910,381941,90093,0,472034,415647,185827,0,601474,402031,213854,0,615885,318488,162858,0,481346,268169,204364,0,472533,213985,195384,0,409369,110092,103450,0,213542,23194,21533,0,44727
2021-08-25,2135579,1207033,0,3342612,383111,93725,0,476836,416024,188192,0,604216,402304,226790,0,629094,318622,172385,0,491007,268215,205203,0,473418,214004,195624,0,409628,110102,103551,0,213653,23197,21563,0,44760
2021-08-26,2136877,1238716,0,3375593,383673,97583,0,481256,416335,190143,0,606478,402520,228007,0,630527,318743,179701,0,498444,268247,218811,0,487058,214031,198673,0,412704,110123,104099,0,214222,23205,21699,0,44904
2021-08-27,2137810,1274538,0,3412348,384098,119014,0,503112,416543,196136,0,612679,402651,229937,0,632588,318824,184586,0,503410,268280,220007,0,488287,214060,198956,0,413016,110137,104184,0,214321,23217,21718,0,44935
2021-08-28,2137873,1299042,0,3436915,384119,137750,0,521869,416556,199253,0,615809,402658,231445,0,634103,318835,185367,0,504202,268283,220204,0,488487,214063,199080,0,413143,110140,104219,0,214359,23219,21724,0,44943
2021-08-29,2137942,1323387,0,3461329,384148,139990,0,524138,416569,200519,0,617088,402677,235583,0,638260,318839,200851,0,519690,268286,220942,0,489228,214064,199435,0,413499,110140,104324,0,214464,23219,21743,0,44962
2021-08-30,2155828,1338509,0,3494337,391584,140329,0,531913,420598,201198,0,621796,406168,238292,0,644460,320787,206797,0,527584,268893,224137,0,493030,214316,201243,0,415559,110242,104686,0,214928,23240,21827,0,45067
2021-08-31,2167197,1360470,0,3527667,397001,158893,0,555894,423171,202574,0,625745,408280,239467,0,647747,321595,207371,0,528966,269183,224296,0,493479,214429,201314,0,415743,110283,104718,0,215001,23255,21837,0,45092
2021-09-01,2169117,1391876,0,3560993,397706,187110,0,584816,423526,203503,0,627029,408691,239967,0,648658,321844,207873,0,529717,269287,225176,0,494463,214489,201632,0,416121,110314,104771,0,215085,23260,21844,0,45104
2021-09-02,2171040,1425130,0,3596170,399340,205001,0,604341,423665,207294,0,630959,408768,246414,0,655182,321882,211693,0,533575,269308,226022,0,495330,214498,201995,0,416493,110319,104855,0,215174,23260,21856,0,45116
2021-09-03,2172268,1456004,0,3628272,399962,216681,0,616643,423938,210436,0,634374,408932,256373,0,665305,321989,215377,0,537366,269344,227875,0,497219,214514,202430,0,416944,110326,104952,0,215278,23263,21880,0,45143
2021-09-04,2173188,1479429,0,3652617,400335,222952,0,623287,424159,216873,0,641032,409100,265728,0,674828,322071,216374,0,538445,269392,228110,0,497502,214535,202522,0,417057,110331,104986,0,215317,23265,21884,0,45149
2021-09-05,2174097,1503008,0,3677105,400718,225186,0,625904,424395,221389,0,645784,409264,280766,0,690030,322144,217807,0,539951,269431,228374,0,497805,214542,202593,0,417135,110337,105003,0,215340,23266,21890,0,45156
2021-09-06,2175364,1534179,0,3709543,401305,227713,0,629018,424724,222502,0,647226,409452,302284,0,711736,322247,222604,0,544851,269476,229259,0,498735,214554,202823,0,417377,110338,105084,0,215422,23268,21910,0,45178
2021-09-07,2176480,1571626,0,3748106,401809,229574,0,631383,425047,226411,0,651458,409622,317922,0,727544,322325,230042,0,552367,269499,235676,0,505175,214563,204516,0,419079,110345,105483,0,215828,23270,22002,0,45272
2021-09-08,2183379,1586131,0,3769510,405712,230465,0,636177,426567,230187,0,656754,410435,323359,0,733794,322726,232763,0,555489,269647,236822,0,506469,214628,204897,0,419525,110386,105600,0,215986,23278,22038,0,45316
2021-09-09,2186173,1613931,0,3800104,407102,234245,0,641347,427298,247256,0,674554,410810,327617,0,738427,322909,234847,0,557756,269718,237235,0,506953,214654,205014,0,419668,110401,105666,0,216067,23281,22051,0,45332
2021-09-10,2188329,1622316,0,3810645,408198,237620,0,645818,427851,248461,0,676312,411097,328146,0,739243,323057,237211,0,560268,269766,237926,0,507692,214674,205180,0,419854,110405,105715,0,216120,23281,22057,0,45338
2021-09-11,2189151,1628193,0,3817344,409010,238188,0,647198,427855,251519,0,679374,411099,328707,0,739806,323059,238668,0,561727,269768,238079,0,507847,214674,205240,0,419914,110405,105732,0,216137,23281,22060,0,45341
2021-09-12,2189189,1630003,0,3819192,409032,238669,0,647701,427860,252193,0,680053,411104,329106,0,740210,323062,238868,0,561930,269769,238116,0,507885,214676,205256,0,419932,110405,105734,0,216139,23281,22061,0,45342
2021-09-13,2203009,1630948,0,3833957,417835,238798,0,656633,432431,252593,0,685024,411352,329303,0,740655,323168,239008,0,562176,269814,238149,0,507963,214692,205282,0,419974,110427,105746,0,216173,23290,22069,0,45359
2021-09-14,2204854,1643245,0,3848099,418636,239110,0,657746,432821,253096,0,685917,411634,329869,0,741503,323357,247611,0,570968,269896,240071,0,509967,214753,205597,0,420350,110456,105808,0,216264,23301,22083,0,45384
2021-09-15,2205673,1680078,0,3885751,419008,241489,0,660497,433038,256853,0,689891,411765,337022,0,748787,323408,265133,0,588541,269915,245206,0,515121,214767,206232,0,420999,110465,106008,0,216473,23307,22135,0,45442
2021-09-16,2206478,1715036,0,3921514,419395,246928,0,666323,433249,276402,0,709651,411884,341911,0,753795,323456,268139,0,591595,269933,246757,0,516690,214778,206604,0,421382,110471,106134,0,216605,23312,22161,0,45473
2021-09-17,2213891,1736001,0,3949892,423945,259461,0,683406,434663,281086,0,715749,412667,343787,0,756454,323842,269430,0,593272,270109,247118,0,517227,214841,206750,0,421591,110503,106192,0,216695,23321,22177,0,45498
2021-09-18,2214290,1761121,0,3975411,424291,276788,0,701079,434678,285407,0,720085,412683,345830,0,758513,323852,270475,0,594327,270116,247382,0,517498,214844,206828,0,421672,110505,106227,0,216732,23321,22184,0,45505
2021-09-19,2222420,1771609,0,3994029,427299,284222,0,711521,437195,287186,0,724381,414097,346604,0,760701,324587,270819,0,595406,270352,247467,0,517819,214981,206883,0,421864,110575,106239,0,216814,23334,22189,0,45523
2021-09-20,2230100,1778186,0,4008286,432765,285594,0,718359,438504,289972,0,728476,414647,347841,0,762488,324790,271504,0,596294,270427,247773,0,518200,215044,207027,0,422071,110586,106278,0,216864,23337,22197,0,45534
2021-09-21,2247401,1784964,0,4032365,448192,289631,0,737823,439432,291486,0,730918,415182,348412,0,763594,325055,271886,0,596941,270522,247958,0,518480,215077,207086,0,422163,110600,106298,0,216898,23341,22207,0,45548
2021-09-22,2253829,1795128,0,4048957,452806,295510,0,748316,440376,294201,0,734577,415663,349121,0,764784,325284,272325,0,597609,270605,248178,0,518783,215124,207227,0,422351,110621,106341,0,216962,23350,22225,0,45575
2021-09-23,2256343,1804472,0,4060815,454248,302136,0,756384,441038,295597,0,736635,415909,349796,0,765705,325382,272737,0,598119,270639,248300,0,518939,215147,207300,0,422447,110627,106376,0,217003,23353,22230,0,45583
2021-09-24,2262418,1810161,0,4072579,456836,305601,0,762437,442726,296386,0,739112,417262,350377,0,767639,325637,273354,0,598991,270738,248453,0,519191,215203,207354,0,422557,110652,106399,0,217051,23364,22237,0,45601
2021-09-25,2264510,1814867,0,4079377,457527,306989,0,764516,443664,297632,0,741296,417540,351289,0,768829,325759,274274,0,600033,270788,248636,0,519424,215209,207393,0,422602,110656,106414,0,217070,23367,22240,0,45607
2021-09-26,2265742,1837259,0,4103001,457726,308255,0,765981,443823,300776,0,744599,417826,360547,0,778373,326115,282285,0,608400,270964,249158,0,520122,215250,207514,0,422764,110670,106472,0,217142,23368,22252,0,45620
2021-09-27,2267906,1858314,0,4126220,458849,311373,0,770222,444261,310590,0,754851,418093,366157,0,784250,326268,284306,0,610574,271071,249492,0,520563,215293,207606,0,422899,110696,106524,0,217220,23375,22266,0,45641
2021-09-28,2271855,1882575,0,4154430,459957,312270,0,772227,445107,327764,0,772871,419122,367819,0,786941,326867,285468,0,612335,271329,250574,0,521903,215369,209260,0,424629,110722,107045,0,217767,23382,22375,0,45757
2021-09-29,2276226,1895685,0,4171911,463260,314335,0,777595,445629,335498,0,781127,419470,369243,0,788713,326990,286465,0,613455,271365,250992,0,522357,215384,209586,0,424970,110739,107168,0,217907,23389,22398,0,45787
2021-09-30,2286887,1903636,0,4190523,472085,316719,0,788804,446614,337026,0,783640,420054,370705,0,790759,327165,288117,0,615282,271412,251655,0,523067,215413,209775,0,425188,110754,107231,0,217985,23390,22408,0,45798
2021-10-01,2289489,1912419,0,4201908,474313,320473,0,794786,446793,339351,0,786144,420180,372169,0,792349,327211,288994,0,616205,271427,251897,0,523324,215417,209858,0,425275,110757,107263,0,218020,23391,22414,0,45805
2021-10-02,2292201,1915414,0,4207615,475960,321244,0,797204,447397,340323,0,787720,420438,372879,0,793317,327330,289336,0,616666,271483,252012,0,523495,215433,209912,0,425345,110765,107290,0,218055,23395,22418,0,45813
2021-10-03,2298219,1915430,0,4213649,478818,321252,0,800070,449165,340326,0,789491,421205,372880,0,794085,327667,289339,0,617006,271672,252013,0,523685,215498,209912,0,425410,110794,107290,0,218084,23400,22418,0,45818
2021-10-04,2305238,1919771,0,4225009,481857,323104,0,804961,451431,341520,0,792951,422196,373355,0,795551,328087,289811,0,617898,271853,252254,0,524107,215574,209992,0,425566,110825,107313,0,218138,23415,22422,0,45837
2021-10-05,2308265,1923655,0,4231920,483694,324129,0,807823,452102,342647,0,794749,422499,374227,0,796726,328233,290417,0,618650,271901,252426,0,524327,215585,210041,0,425626,110835,107336,0,218171,23416,22432,0,45848
2021-10-06,2321411,1925167,0,4246578,494817,324449,0,819266,453116,343021,0,796137,423079,374580,0,797659,328502,290703,0,619205,272002,252533,0,524535,215622,210078,0,425700,110847,107365,0,218212,23426,22438,0,45864
2021-10-07,2324656,1928083,0,4252739,496539,325232,0,821771,453837,343952,0,797789,423508,375011,0,798519,328721,291203,0,619924,272094,252735,0,524829,215660,210128,0,425788,110861,107379,0,218240,23436,22443,0,45879
2021-10-08,2325550,1948371,0,4273921,496959,326400,0,823359,454024,355430,0,809454,423627,377415,0,801042,328812,293985,0,622797,272138,255020,0,527158,215681,210246,0,425927,110870,107428,0,218298,23439,22447,0,45886
2021-10-09,2325569,1967889,0,4293458,496965,327768,0,824733,454029,363893,0,817922,423631,379896,0,803527,328815,298610,0,627425,272139,257410,0,529549,215681,210384,0,426065,110870,107474,0,218344,23439,22454,0,45893
2021-10-10,2325591,1982070,0,4307661,496978,328830,0,825808,454036,370793,0,824829,423632,381574,0,805206,328815,301309,0,630124,272140,259125,0,531265,215681,210470,0,426151,110870,107508,0,218378,23439,22461,0,45900
2021-10-11,2327118,1989777,0,4316895,498185,332665,0,830850,454192,372759,0,826951,423713,382602,0,806315,328861,301855,0,630716,272163,259311,0,531474,215686,210567,0,426253,110877,107554,0,218431,23441,22464,0,45905
2021-10-12,2331442,2006785,0,4338227,501275,342570,0,843845,454709,374968,0,829677,424115,384842,0,808957,329057,303560,0,632617,272239,260094,0,532333,215718,210692,0,426410,110888,107587,0,218475,23441,22472,0,45913
2021-10-13,2361159,2011212,0,4372371,530568,344337,0,874905,454888,375718,0,830606,424247,385620,0,809867,329116,304302,0,633418,272262,260400,0,532662,215728,210738,0,426466,110896,107618,0,218514,23454,22479,0,45933
2021-10-14,2375459,2023215,0,4398674,543930,350225,0,894155,455287,378795,0,834082,424523,387127,0,811650,329263,305306,0,634569,272325,260764,0,533089,215762,210841,0,426603,110911,107666,0,218577,23458,22491,0,45949
2021-10-15,2378530,2045715,0,4424245,546313,362117,0,908430,455612,384719,0,840331,424695,389668,0,814363,329385,306652,0,636037,272369,261322,0,533691,215780,211009,0,426789,110915,107722,0,218637,23461,22506,0,45967
2021-10-16,2385201,2056809,0,4442010,552161,368965,0,921126,456012,386945,0,842957,424904,390833,0,815737,329505,307194,0,636699,272429,261535,0,533964,215796,211087,0,426883,110928,107739,0,218667,23466,22511,0,45977
2021-10-17,2388259,2060472,0,4448731,554858,370613,0,925471,456207,387705,0,843912,424985,391390,0,816375,329553,307618,0,637171,272452,261722,0,534174,215806,211146,0,426952,110932,107761,0,218693,23466,22517,0,45983
2021-10-18,2404897,2067894,0,4472791,571078,373655,0,944733,456419,389362,0,845781,425085,392834,0,817919,329608,308516,0,638124,272471,262032,0,534503,215815,211199,0,427014,110946,107775,0,218721,23475,22521,0,45996
2021-10-19,2411155,2079782,0,4490937,576670,379438,0,956108,456774,391918,0,848692,425242,394697,0,819939,329696,309523,0,639219,272508,262609,0,535117,215832,211272,0,427104,110953,107799,0,218752,23480,22526,0,46006
2021-10-20,2421748,2086837,0,4508585,586834,383284,0,970118,456988,393278,0,850266,425355,395723,0,821078,329757,310048,0,639805,272532,262815,0,535347,215841,211335,0,427176,110960,107820,0,218780,23481,22534,0,46015
2021-10-21,2435403,2095317,0,4530720,599912,387887,0,987799,457261,394966,0,852227,425499,396704,0,822203,329825,310718,0,640543,272584,263189,0,535773,215860,211418,0,427278,110974,107881,0,218855,23488,22554,0,46042
2021-10-22,2452006,2107221,0,4559227,615565,394554,0,1010119,457669,397329,0,854998,425762,397932,0,823694,329974,311816,0,641790,272659,263571,0,536230,215891,211527,0,427418,110996,107929,0,218925,23490,22563,0,46053
2021-10-23,2465323,2111437,0,4576760,628425,396712,0,1025137,457883,398470,0,856353,425890,398349,0,824239,330038,312094,0,642132,272683,263724,0,536407,215906,211570,0,427476,111002,107950,0,218952,23496,22568,0,46064
2021-10-24,2481634,2113442,0,4595076,644510,397967,0,1042477,457976,398767,0,856743,425967,398544,0,824511,330075,312217,0,642292,272690,263821,0,536511,215912,211597,0,427509,111005,107959,0,218964,23499,22570,0,46069
2021-10-25,2496106,2119289,0,4615395,658088,400354,0,1058442,458278,400203,0,858481,426332,399482,0,825814,330209,312803,0,643012,272746,264109,0,536855,215937,211736,0,427673,111014,108019,0,219033,23502,22583,0,46085
2021-10-26,2515152,2123525,0,4638677,676527,402360,0,1078887,458587,401347,0,859934,426495,400000,0,826495,330286,313131,0,643417,272780,264241,0,537021,215950,211794,0,427744,111024,108052,0,219076,23503,22600,0,46103
2021-10-27,2531623,2132204,0,4663827,692330,409108,0,1101438,458941,402135,0,861076,426659,400582,0,827241,330359,313479,0,643838,272822,264384,0,537206,215971,211850,0,427821,111035,108066,0,219101,23506,22600,0,46106
2021-10-28,2552373,2137252,0,4689625,712444,411702,0,1124146,459289,403092,0,862381,426816,401269,0,828085,330434,313946,0,644380,272852,264594,0,537446,215984,211932,0,427916,111042,108102,0,219144,23512,22615,0,46127
2021-10-29,2574175,2140471,0,4714646,733790,413546,0,1147336,459545,403754,0,863299,426926,401617,0,828543,330491,314134,0,644625,272871,264698,0,537569,215990,211972,0,427962,111048,108127,0,219175,23514,22623,0,46137
2021-10-30,2589584,2142354,0,4731938,748768,414583,0,1163351,459750,404203,0,863953,427045,401820,0,828865,330557,314244,0,644801,272896,264760,0,537656,216002,211987,0,427989,111051,108133,0,219184,23515,22624,0,46139
2021-10-31,2603250,2144669,0,4747919,762021,415976,0,1177997,459962,404674,0,864636,427150,402050,0,829200,330623,314366,0,644989,272906,264822,0,537728,216016,212013,0,428029,111054,108143,0,219197,23518,22625,0,46143
2021-11-01,2610497,2152599,0,4763096,768890,418133,0,1187023,460148,408489,0,868637,427271,403089,0,830360,330666,314910,0,645576,272922,265088,0,538010,216025,212095,0,428120,111056,108162,0,219218,23519,22633,0,46152
2021-11-02,2613177,2157878,0,4771055,770852,420904,0,1191756,460467,409890,0,870357,427452,403665,0,831117,330789,315238,0,646027,272977,265218,0,538195,216043,212135,0,428178,111067,108184,0,219251,23530,22644,0,46174
2021-11-03,2616074,2174574,0,4790648,773251,436828,0,1210079,460620,410271,0,870891,427626,403841,0,831467,330917,315331,0,646248,273003,265288,0,538291,216052,212164,0,428216,111073,108201,0,219274,23532,22650,0,46182
2021-11-04,2620609,2189525,0,4810134,777409,450929,0,1228338,460769,410652,0,871421,427751,404033,0,831784,330966,315454,0,646420,273024,265368,0,538392,216073,212207,0,428280,111082,108220,0,219302,23535,22662,0,46197
2021-11-05,2623803,2193783,0,4817586,780139,454583,0,1234722,460940,410919,0,871859,427890,404163,0,832053,331065,315552,0,646617,273046,265433,0,538479,216090,212231,0,428321,111095,108233,0,219328,23538,22669,0,46207
2021-11-06,2626365,2197830,0,4824195,782325,458114,0,1240439,461084,411143,0,872227,427968,404298,0,832266,331163,315644,0,646807,273072,265476,0,538548,216108,212243,0,428351,111103,108243,0,219346,23542,22669,0,46211
2021-11-07,2628684,2201873,0,4830557,784501,461345,0,1245846,461145,411507,0,872652,428007,404499,0,832506,331186,315758,0,646944,273084,265545,0,538629,216114,212277,0,428391,111105,108266,0,219371,23542,22676,0,46218
2021-11-08,2633015,2215664,0,4848679,788057,474121,0,1262178,461496,411903,0,873399,428221,404750,0,832971,331296,315967,0,647263,273137,265645,0,538782,216150,212319,0,428469,111109,108278,0,219387,23549,22681,0,46230
2021-11-09,2636860,2220141,0,4857001,791394,477871,0,1269265,461726,412219,0,873945,428364,404948,0,833312,331374,316098,0,647472,273166,265694,0,538860,216171,212335,0,428506,111112,108290,0,219402,23553,22686,0,46239
2021-11-10,2642061,2226472,0,4868533,796298,483370,0,1279668,461867,412583,0,874450,428438,405134,0,833572,331423,316210,0,647633,273183,265783,0,538966,216181,212384,0,428565,111116,108310,0,219426,23555,22698,0,46253
2021-11-11,2645635,2232696,0,4878331,799395,488656,0,1288051,462060,412964,0,875024,428565,405350,0,833915,331512,316356,0,647868,273215,265865,0,539080,216202,212443,0,428645,111126,108355,0,219481,23560,22707,0,46267
2021-11-12,2650071,2243485,0,4893556,803402,498426,0,1301828,462253,413283,0,875536,428675,405687,0,834362,331571,316522,0,648093,273245,265985,0,539230,216223,212493,0,428716,111136,108373,0,219509,23566,22716,0,46282
2021-11-13,2651628,2244223,0,4895851,804945,499111,0,1304056,462259,413300,0,875559,428680,405703,0,834383,331572,316534,0,648106,273246,265991,0,539237,216223,212494,0,428717,111136,108374,0,219510,23567,22716,0,46283
2021-11-14,2652174,2246441,0,4898615,805480,501309,0,1306789,462265,413309,0,875574,428683,405709,0,834392,331574,316537,0,648111,273246,265993,0,539239,216223,212494,0,428717,111136,108374,0,219510,23567,22716,0,46283
2021-11-15,2654323,2257859,0,4912182,807136,511737,0,1318873,462513,413588,0,876101,428822,406060,0,834882,331630,316815,0,648445,273269,266047,0,539316,216241,212511,0,428752,111144,108384,0,219528,23568,22717,0,46285
2021-11-16,2656310,2275732,0,4932042,808713,525468,0,1334181,462722,415287,0,878009,428914,407581,0,836495,331682,317377,0,649059,273299,266307,0,539606,216257,212572,0,428829,111151,108416,0,219567,23572,22724,0,46296
2021-11-17,2659796,2296031,0,4955827,811808,544911,0,1356719,462893,415730,0,878623,429008,407775,0,836783,331742,317513,0,649255,273326,266353,0,539679,216278,212589,0,428867,111158,108430,0,219588,23583,22730,0,46313
2021-11-18,2664457,2314342,0,4978799,816075,562533,0,1378608,463060,416016,0,879076,429111,407986,0,837097,331807,317628,0,649435,273360,266394,0,539754,216289,212605,0,428894,111166,108441,0,219607,23589,22739,0,46328
2021-11-19,2668904,2331971,0,5000875,819977,578849,0,1398826,463292,416599,0,879891,429224,408339,0,837563,331931,317837,0,649768,273405,266490,0,539895,216302,212658,0,428960,111177,108457,0,219634,23596,22742,0,46338
2021-11-20,2670505,2337963,0,5008468,821250,584393,0,1405643,463397,416771,0,880168,429333,408449,0,837782,332001,317919,0,649920,273429,266538,0,539967,216314,212680,0,428994,111183,108469,0,219652,23598,22744,0,46342
2021-11-21,2672505,2343681,0,5016186,822970,589335,0,1412305,463497,417030,0,880527,429412,408662,0,838074,332060,318109,0,650169,273450,266619,0,540069,216329,212698,0,429027,111187,108479,0,219666,23600,22749,0,46349
2021-11-22,2673694,2352113,0,5025807,823960,596899,0,1420859,463564,417410,0,880974,429456,408890,0,838346,332105,318276,0,650381,273469,266674,0,540143,216344,212721,0,429065,111194,108488,0,219682,23602,22755,0,46357
2021-11-23,2681084,2359829,0,5040913,830857,603359,0,1434216,463777,417987,0,881764,429574,409227,0,838801,332214,318487,0,650701,273498,266757,0,540255,216356,212751,0,429107,111200,108504,0,219704,23608,22757,0,46365
2021-11-24,2685621,2372092,0,5057713,834964,614293,0,1449257,463931,418658,0,882589,429731,409537,0,839268,332278,318709,0,650987,273521,266837,0,540358,216372,212780,0,429152,111211,108518,0,219729,23613,22760,0,46373
2021-11-25,2687033,2375705,0,5062738,836075,616920,0,1452995,464002,419215,0,883217,429862,409742,0,839604,332323,318811,0,651134,273547,266901,0,540448,216387,212804,0,429191,111220,108547,0,219767,23617,22765,0,46382
2021-11-26,2690146,2384976,0,5075122,838544,624761,0,1463305,464239,419863,0,884102,430065,410116,0,840181,332439,319036,0,651475,273594,267005,0,540599,216411,212854,0,429265,111229,108571,0,219800,23625,22770,0,46395
2021-11-27,2692273,2393012,0,5085285,840389,631962,0,1472351,464356,420156,0,884512,430144,410330,0,840474,332493,319221,0,651714,273607,267093,0,540700,216419,212889,0,429308,111235,108585,0,219820,23630,22776,0,46406
2021-11-28,2694671,2400005,0,5094676,842539,638268,0,1480807,464447,420523,0,884970,430222,410491,0,840713,332534,319308,0,651842,273629,267136,0,540765,216430,212908,0,429338,111239,108594,0,219833,23631,22777,0,46408
2021-11-29,2697365,2406745,0,5104110,844667,643979,0,1488646,464711,421053,0,885764,430393,410765,0,841158,332612,319443,0,652055,273656,267198,0,540854,216444,212927,0,429371,111245,108600,0,219845,23637,22780,0,46417
2021-11-30,2700769,2414897,0,5115666,847372,650684,0,1498056,465029,421870,0,886899,430551,411080,0,841631,332719,319604,0,652323,273725,267297,0,541022,216474,212961,0,429435,111255,108613,0,219868,23644,22788,0,46432
2021-12-01,2704624,2425144,0,5129768,850436,659775,0,1510211,465360,422395,0,887755,430725,411378,0,842103,332867,319792,0,652659,273803,267388,0,541191,216511,212998,0,429509,111274,108623,0,219897,23648,22795,0,46443
2021-12-02,2708453,2436015,0,5144468,853176,669287,0,1522463,465726,423042,0,888768,431177,411713,0,842890,333017,320010,0,653027,273859,267477,0,541336,216552,213046,0,429598,111292,108638,0,219930,23654,22802,0,46456
2021-12-03,2709526,2439675,0,5149201,853847,672150,0,1525997,465958,423399,0,889357,431261,411900,0,843161,333055,320137,0,653192,273883,267558,0,541441,216568,213079,0,429647,111298,108648,0,219946,23656,22804,0,46460
2021-12-04,2710584,2443736,0,5154320,854606,675801,0,1530407,466055,423576,0,889631,431341,412014,0,843355,333105,320205,0,653310,273914,267596,0,541510,216595,213088,0,429683,111308,108651,0,219959,23660,22805,0,46465
2021-12-05,2711947,2446374,0,5158321,855661,678034,0,1533695,466203,423766,0,889969,431413,412104,0,843517,333153,320272,0,653425,273934,267639,0,541573,216603,213100,0,429703,111316,108654,0,219970,23664,22805,0,46469
2021-12-06,2715358,2453602,0,5168960,858486,684116,0,1542602,466424,424314,0,890738,431627,412398,0,844025,333233,320459,0,653692,273975,267713,0,541688,216624,213128,0,429752,111323,108666,0,219989,23666,22808,0,46474
2021-12-07,2718496,2458681,0,5177177,860911,687960,0,1548871,466763,424893,0,891656,431823,412715,0,844538,333322,320640,0,653962,274024,267814,0,541838,216654,213168,0,429822,111330,108680,0,220010,23669,22811,0,46480
2021-12-08,2720358,2462953,0,5183311,862386,691448,0,1553834,466910,425207,0,892117,431930,412903,0,844833,333396,320808,0,654204,274053,267889,0,541942,216668,213198,0,429866,111340,108686,0,220026,23675,22814,0,46489
2021-12-09,2723046,2470969,0,5194015,864559,698829,0,1563388,467124,425460,0,892584,432061,413080,0,845141,333481,320908,0,654389,274099,267949,0,542048,216695,213229,0,429924,111351,108698,0,220049,23676,22816,0,46492
2021-12-10,2725051,2475653,0,5200704,866200,702883,0,1569083,467301,425728,0,893029,432139,413228,0,845367,333525,321018,0,654543,274130,268010,0,542140,216708,213252,0,429960,111362,108710,0,220072,23686,22824,0,46510
2021-12-11,2726714,2478690,0,5205404,867517,705296,0,1572813,467444,426012,0,893456,432222,413379,0,845601,333585,321122,0,654707,274161,268064,0,542225,216724,213271,0,429995,111375,108718,0,220093,23686,22828,0,46514
2021-12-12,2728268,2481329,0,5209597,868671,707168,0,1575839,467653,426411,0,894064,432318,413575,0,845893,333645,321217,0,654862,274182,268121,0,542303,216735,213284,0,430019,111378,108723,0,220101,23686,22830,0,46516
2021-12-13,2730166,2483742,0,5213908,870050,708613,0,1578663,467913,426932,0,894845,432440,413801,0,846241,333727,321347,0,655074,274212,268175,0,542387,216748,213308,0,430056,111386,108735,0,220121,23690,22831,0,46521
2021-12-14,2732190,2488010,0,5220200,871441,711969,0,1583410,468172,427353,0,895525,432600,414066,0,846666,333827,321471,0,655298,274272,268238,0,542510,216774,213333,0,430107,111405,108747,0,220152,23699,22833,0,46532
2021-12-15,2734002,2492427,0,5226429,872788,715390,0,1588178,468317,427766,0,896083,432721,414329,0,847050,333932,321651,0,655583,274313,268331,0,542644,216810,213365,0,430175,111414,108756,0,220170,23707,22839,0,46546
2021-12-16,2736131,2496478,0,5232609,874498,718652,0,1593150,468490,428144,0,896634,432830,414526,0,847356,334002,321772,0,655774,274347,268385,0,542732,216828,213392,0,430220,111425,108765,0,220190,23711,22842,0,46553
2021-12-17,2738373,2500061,0,5238434,876399,721394,0,1597793,468637,428478,0,897115,432908,414734,0,847642,334049,321932,0,655981,274380,268467,0,542847,216848,213424,0,430272,111439,108784,0,220223,23713,22848,0,46561
2021-12-18,2739929,2503086,0,5243015,877508,723632,0,1601140,468779,428830,0,897609,433065,414941,0,848006,334132,322047,0,656179,274420,268535,0,542955,216861,213446,0,430307,111447,108804,0,220251,23717,22851,0,46568
2021-12-19,2741550,2506221,0,5247771,878703,725979,0,1604682,468965,429215,0,898180,433177,415149,0,848326,334200,322166,0,656366,274439,268585,0,543024,216878,213460,0,430338,111463,108812,0,220275,23725,22855,0,46580
2021-12-20,2744347,2510362,0,5254709,880711,729072,0,1609783,469431,429694,0,899125,433355,415435,0,848790,334277,322320,0,656597,274468,268648,0,543116,216895,213498,0,430393,111479,108833,0,220312,23731,22862,0,46593
2021-12-21,2747444,2514992,0,5262436,882978,732549,0,1615527,469872,430243,0,900115,433561,415736,0,849297,334399,322514,0,656913,274500,268711,0,543211,216911,213516,0,430427,111486,108853,0,220339,23737,22870,0,46607
2021-12-22,2750674,2520111,0,5270785,885595,736357,0,1621952,470081,430820,0,900901,433713,416093,0,849806,334508,322726,0,657234,274582,268812,0,543394,216957,213556,0,430513,111494,108869,0,220363,23744,22878,0,46622
2021-12-23,2754200,2523847,0,5278047,888470,739007,0,1627477,470359,431355,0,901714,433896,416391,0,850287,334618,322869,0,657487,274629,268872,0,543501,216976,213587,0,430563,111504,108884,0,220388,23748,22882,0,46630
2021-12-24,2755024,2525092,0,5280116,889080,739813,0,1628893,470480,431531,0,902011,433943,416524,0,850467,334640,322954,0,657594,274642,268897,0,543539,216982,213597,0,430579,111506,108890,0,220396,23751,22886,0,46637
2021-12-25,2755036,2525099,0,5280135,889081,739815,0,1628896,470480,431531,0,902011,433943,416524,0,850467,334640,322954,0,657594,274645,268897,0,543542,216984,213598,0,430582,111511,108891,0,220402,23752,22889,0,46641
2021-12-26,2756309,2528205,0,5284514,890133,742058,0,1632191,470585,431950,0,902535,434013,416763,0,850776,334666,323066,0,657732,274656,268945,0,543601,216991,213623,0,430614,111513,108904,0,220417,23752,22896,0,46648
2021-12-27,2759497,2533262,0,5292759,892302,745460,0,1637762,471119,432674,0,903793,434250,417255,0,851505,334810,323336,0,658146,274703,269050,0,543753,217022,213662,0,430684,111534,108922,0,220456,23757,22903,0,46660
2021-12-28,2762535,2538295,0,5300830,894269,749042,0,1643311,471535,433348,0,904883,434502,417701,0,852203,335062,323524,0,658586,274772,269144,0,543916,217074,213692,0,430766,111555,108936,0,220491,23766,22908,0,46674
2021-12-29,2766374,2543129,0,5309503,897079,752606,0,1649685,472013,433965,0,905978,434834,418066,0,852900,335191,323696,0,658887,274810,269213,0,544023,217097,213718,0,430815,111578,108956,0,220534,23772,22909,0,46681
2021-12-30,2769874,2547654,0,5317528,899695,755922,0,1655617,472483,434499,0,906982,435036,418419,0,853455,335314,323874,0,659188,274846,269293,0,544139,217130,213754,0,430884,111593,108979,0,220572,23777,22914,0,46691
2021-12-31,2770586,2549308,0,5319894,900266,757053,0,1657319,472553,434746,0,907299,435079,418569,0,853648,335330,323944,0,659274,274850,269323,0,544173,217135,213772,0,430907,111595,108986,0,220581,23778,22915,0,46693
2022-01-01,2770587,2549324,0,5319911,900266,757063,0,1657329,472553,434749,0,907302,435079,418571,0,853650,335331,323944,0,659275,274850,269324,0,544174,217135,213772,0,430907,111595,108986,0,220581,23778,22915,0,46693
2022-01-02,2772217,2552101,0,5324318,901596,759057,0,1660653,472694,435126,0,907820,435170,418764,0,853934,335372,324069,0,659441,274864,269375,0,544239,217146,213791,0,430937,111596,109002,0,220598,23779,22917,0,46696
2022-01-03,2774890,2556441,0,5331331,903375,761581,0,1664956,473124,436156,0,909280,435412,419155,0,854567,335499,324297,0,659796,274916,269481,0,544397,217172,213825,0,430997,111610,109027,0,220637,23782,22919,0,46701
2022-01-04,2777440,2560080,0,5337520,905083,763891,0,1668974,473504,436776,0,910280,435654,419501,0,855155,335634,324504,0,660138,274973,269565,0,544538,217190,213870,0,431060,111619,109049,0,220668,23783,22924,0,46707
2022-01-05,2780653,2564162,0,5344815,907305,766400,0,1673705,473961,437711,0,911672,435896,419822,0,855718,335779,324700,0,660479,275041,269641,0,544682,217238,213899,0,431137,111644,109063,0,220707,23789,22926,0,46715
2022-01-06,2784018,2567128,0,5351146,909844,768479,0,1678323,474301,438159,0,912460,436114,420046,0,856160,335894,324805,0,660699,275115,269712,0,544827,217281,213921,0,431202,111664,109076,0,220740,23805,22930,0,46735
2022-01-07,2787255,2573795,0,5361050,912083,772928,0,1685011,474739,439393,0,914132,436335,420574,0,856909,336034,325058,0,661092,275232,269827,0,545059,217326,213970,0,431296,111694,109102,0,220796,23812,22943,0,46755
2022-01-08,2788989,2576119,0,5365108,913424,774435,0,1687859,474886,439828,0,914714,436447,420768,0,857215,336104,325165,0,661269,275264,269878,0,545142,217346,213988,0,431334,111702,109110,0,220812,23816,22947,0,46763
2022-01-09,2790536,2578976,0,5369512,914605,776435,0,1691040,475045,440378,0,915423,436541,420942,0,857483,336163,325235,0,661398,275290,269922,0,545212,217366,214000,0,431366,111707,109113,0,220820,23819,22951,0,46770
2022-01-10,2793049,2581606,0,5374655,916414,778192,0,1694606,475405,440825,0,916230,436713,421163,0,857876,336244,325344,0,661588,275329,269971,0,545300,217401,214026,0,431427,111718,109131,0,220849,23825,22954,0,46779
2022-01-11,2795740,2584558,0,5380298,918400,780173,0,1698573,475815,441254,0,917069,436872,421442,0,858314,336319,325475,0,661794,275360,270035,0,545395,217415,214064,0,431479,111726,109154,0,220880,23833,22961,0,46794
2022-01-12,2798299,2587281,0,5385580,920405,782191,0,1702596,476067,441568,0,917635,437016,421637,0,858653,336384,325578,0,661962,275402,270076,0,545478,217447,214089,0,431536,111735,109175,0,220910,23843,22967,0,46810
2022-01-13,2800941,2589956,0,5390897,922581,784246,0,1706827,476294,441842,0,918136,437133,421809,0,858942,336438,325673,0,662111,275439,270122,0,545561,217468,214103,0,431571,111742,109186,0,220928,23846,22975,0,46821
2022-01-14,2803351,2592532,0,5395883,924535,786239,0,1710774,476517,442121,0,918638,437264,421960,0,859224,336491,325762,0,662253,275470,270156,0,545626,217476,214120,0,431596,111750,109196,0,220946,23848,22978,0,46826
2022-01-15,2804272,2594584,0,5398856,925244,787964,0,1713208,476617,442320,0,918937,437318,422025,0,859343,336524,325801,0,662325,275484,270171,0,545655,217478,214128,0,431606,111755,109197,0,220952,23852,22978,0,46830
2022-01-16,2805272,2596489,0,5401761,926037,789488,0,1715525,476719,442542,0,919261,437367,422108,0,859475,336551,325846,0,662397,275501,270192,0,545693,217485,214135,0,431620,111758,109199,0,220957,23854,22979,0,46833
2022-01-17,2807377,2600775,0,5408152,927472,792241,0,1719713,477044,443367,0,920411,437521,422468,0,859989,336651,326039,0,662690,275555,270283,0,545838,217504,214174,0,431678,111772,109215,0,220987,23858,22988,0,46846
2022-01-18,2809563,2604143,0,5413706,928952,794385,0,1723337,477382,443970,0,921352,437743,422798,0,860541,336733,326203,0,662936,275585,270347,0,545932,217518,214215,0,431733,111784,109231,0,221015,23866,22994,0,46860
2022-01-19,2811708,2607273,0,5418981,930539,796518,0,1727057,477666,444459,0,922125,437881,423047,0,860928,336799,326338,0,663137,275621,270417,0,546038,217539,214250,0,431789,111793,109246,0,221039,23870,22998,0,46868
2022-01-20,2814589,2611448,0,5426037,932695,799578,0,1732273,478022,444951,0,922973,438030,423344,0,861374,336923,326532,0,663455,275668,270506,0,546174,217565,214279,0,431844,111813,109258,0,221071,23873,23000,0,46873
2022-01-21,2816943,2615232,0,5432175,934624,802101,0,1736725,478216,445486,0,923702,438144,423707,0,861851,336973,326727,0,663700,275696,270589,0,546285,217584,214328,0,431912,111829,109284,0,221113,23877,23010,0,46887
2022-01-22,2818118,2616796,0,5434914,935470,803152,0,1738622,478359,445744,0,924103,438235,423858,0,862093,337029,326788,0,663817,275712,270613,0,546325,217595,214341,0,431936,111837,109290,0,221127,23881,23010,0,46891
2022-01-23,2819159,2618405,0,5437564,936259,804178,0,1740437,478469,446034,0,924503,438310,424037,0,862347,337052,326861,0,663913,275732,270639,0,546371,217610,214352,0,431962,111843,109293,0,221136,23884,23011,0,46895
2022-01-24,2821220,2622276,0,5443496,937758,806650,0,1744408,478756,446718,0,925474,438444,424412,0,862856,337108,327055,0,664163,275774,270721,0,546495,217632,214402,0,432034,111859,109305,0,221164,23889,23013,0,46902
2022-01-25,2823344,2625567,0,5448911,939087,808863,0,1747950,479081,447226,0,926307,438638,424707,0,863345,337254,327222,0,664476,275850,270780,0,546630,217658,214432,0,432090,111875,109318,0,221193,23901,23019,0,46920
2022-01-26,2825301,2628724,0,5454025,940570,811091,0,1751661,479226,447665,0,926891,438791,424948,0,863739,337375,327358,0,664733,275885,270849,0,546734,217670,214456,0,432126,111881,109335,0,221216,23903,23022,0,46925
2022-01-27,2827125,2631731,0,5458856,941958,813364,0,1755322,479415,448052,0,927467,438915,425143,0,864058,337446,327447,0,664893,275915,270890,0,546805,217683,214469,0,432152,111889,109339,0,221228,23904,23027,0,46931
2022-01-28,2828754,2634293,0,5463047,943136,815171,0,1758307,479584,448394,0,927978,439023,425346,0,864369,337536,327552,0,665088,275953,270948,0,546901,217701,214495,0,432196,111908,109353,0,221261,23913,23034,0,46947
2022-01-29,2829678,2636087,0,5465765,943824,816364,0,1760188,479685,448665,0,928350,439096,425497,0,864593,337563,327656,0,665219,275972,270989,0,546961,217716,214514,0,432230,111909,109368,0,221277,23913,23034,0,46947
2022-01-30,2830739,2637984,0,5468723,944666,817726,0,1762392,479791,448911,0,928702,439155,425653,0,864808,337599,327729,0,665328,275978,271025,0,547003,217722,214527,0,432249,111914,109377,0,221291,23914,23036,0,46950
2022-01-31,2832280,2640318,0,5472598,945745,819257,0,1765002,480041,449287,0,929328,439269,425866,0,865135,337649,327847,0,665496,275994,271078,0,547072,217733,214547,0,432280,111926,109396,0,221322,23923,23040,0,46963
2022-02-01,2834057,2642758,0,5476815,946897,820937,0,1767834,480347,449654,0,930001,439423,426087,0,865510,337732,327942,0,665674,276033,271119,0,547152,217761,214566,0,432327,111936,109408,0,221344,23928,23045,0,46973
2022-02-02,2835527,2645490,0,5481017,947907,822766,0,1770673,480552,450089,0,930641,439533,426318,0,865851,337798,328057,0,665855,276070,271177,0,547247,217782,214596,0,432378,111948,109433,0,221381,23937,23054,0,46991
2022-02-03,2836790,2647916,0,5484706,948924,824476,0,1773400,480661,450439,0,931100,439596,426506,0,866102,337824,328154,0,665978,276081,271216,0,547297,217802,214617,0,432419,111959,109445,0,221404,23943,23063,0,47006
2022-02-04,2839696,2652268,0,5491964,951305,827895,0,1779200,480865,450889,0,931754,439713,426779,0,866492,337936,328276,0,666212,276133,271260,0,547393,217827,214648,0,432475,111972,109454,0,221426,23945,23067,0,47012
2022-02-05,2841437,2654315,0,5495752,952709,829285,0,1781994,480955,451216,0,932171,439824,426945,0,866769,338030,328360,0,666390,276152,271300,0,547452,217839,214668,0,432507,111980,109466,0,221446,23948,23075,0,47023
2022-02-06,2842873,2656684,0,5499557,953932,831065,0,1784997,481059,451494,0,932553,439890,427127,0,867017,338054,328434,0,666488,276161,271330,0,547491,217844,214686,0,432530,111982,109472,0,221454,23951,23076,0,47027
2022-02-07,2844294,2659681,0,5503975,955067,833225,0,1788292,481205,451918,0,933123,439966,427311,0,867277,338088,328565,0,666653,276175,271389,0,547564,217854,214712,0,432566,111985,109481,0,221466,23954,23080,0,47034
2022-02-08,2846327,2662876,0,5509203,956691,835386,0,1792077,481427,452423,0,933850,440057,427615,0,867672,338136,328705,0,666841,276201,271438,0,547639,217866,214730,0,432596,111992,109498,0,221490,23957,23081,0,47038
2022-02-09,2848499,2665822,0,5514321,958509,837525,0,1796034,481590,452834,0,934424,440148,427826,0,867974,338188,328800,0,666988,276225,271483,0,547708,217881,214746,0,432627,111999,109515,0,221514,23959,23093,0,47052
2022-02-10,2850538,2668751,0,5519289,960272,839861,0,1800133,481729,453135,0,934864,440202,427977,0,868179,338218,328865,0,667083,276241,271518,0,547759,217889,214765,0,432654,112013,109533,0,221546,23974,23097,0,47071
2022-02-11,2852120,2672985,0,5525105,961529,843035,0,1804564,481886,453635,0,935521,440276,428232,0,868508,338254,329030,0,667284,276261,271599,0,547860,217905,214806,0,432711,112030,109548,0,221578,23979,23100,0,47079
2022-02-12,2853329,2675839,0,5529168,962410,845082,0,1807492,482014,454026,0,936040,440418,428451,0,868869,338290,329143,0,667433,276271,271644,0,547915,217912,214828,0,432740,112035,109562,0,221597,23979,23103,0,47082
2022-02-13,2854568,2678112,0,5532680,963253,846842,0,1810095,482169,454296,0,936465,440603,428597,0,869200,338328,329198,0,667526,276282,271666,0,547948,217916,214841,0,432757,112037,109566,0,221603,23980,23106,0,47086
2022-02-14,2855542,2680838,0,5536380,963945,848925,0,1812870,482267,454605,0,936872,440710,428765,0,869475,338374,329297,0,667671,276295,271705,0,548000,217922,214856,0,432778,112047,109575,0,221622,23982,23110,0,47092
2022-02-15,2856664,2683056,0,5539720,964757,850394,0,1815151,482444,454989,0,937433,440797,428953,0,869750,338395,329397,0,667792,276303,271746,0,548049,217930,214877,0,432807,112052,109587,0,221639,23986,23113,0,47099
2022-02-16,2857967,2685634,0,5543601,965757,852175,0,1817932,482611,455370,0,937981,440873,429161,0,870034,338417,329529,0,667946,276323,271786,0,548109,217938,214897,0,432835,112060,109598,0,221658,23988,23118,0,47106
2022-02-17,2859540,2688815,0,5548355,967006,854784,0,1821790,482867,455664,0,938531,440904,429299,0,870203,338438,329604,0,668042,276331,271817,0,548148,217944,214922,0,432866,112061,109605,0,221666,23989,23120,0,47109
2022-02-18,2860838,2691861,0,5552699,968116,857183,0,1825299,482979,455957,0,938936,440934,429467,0,870401,338463,329713,0,668176,276342,271859,0,548201,217949,214943,0,432892,112065,109614,0,221679,23990,23125,0,47115
2022-02-19,2861538,2693521,0,5555059,968691,858361,0,1827052,483049,456161,0,939210,440958,429609,0,870567,338483,329782,0,668265,276349,271897,0,548246,217953,214963,0,432916,112065,109620,0,221685,23990,23128,0,47118
2022-02-20,2862020,2695036,0,5557056,969057,859414,0,1828471,483092,456370,0,939462,440988,429738,0,870726,338501,329858,0,668359,276359,271924,0,548283,217963,214974,0,432937,112069,109630,0,221699,23991,23128,0,47119
2022-02-21,2862914,2696927,0,5559841,969696,860809,0,1830505,483182,456608,0,939790,441082,429851,0,870933,338534,329947,0,668481,276376,271956,0,548332,217977,214988,0,432965,112074,109637,0,221711,23993,23131,0,47124
2022-02-22,2863768,2699142,0,5562910,970301,862231,0,1832532,483309,456967,0,940276,441150,430071,0,871221,338554,330061,0,668615,276387,272014,0,548401,217988,215014,0,433002,112083,109646,0,221729,23996,23138,0,47134
2022-02-23,2864304,2700869,0,5565173,970657,863423,0,1834080,483396,457188,0,940584,441214,430227,0,871441,338569,330138,0,668707,276392,272053,0,548445,217990,215033,0,433023,112087,109661,0,221748,23999,23146,0,47145
2022-02-24,2864843,2702417,0,5567260,971060,864469,0,1835529,483457,457403,0,940860,441251,430358,0,871609,338585,330214,0,668799,276400,272086,0,548486,217997,215059,0,433056,112092,109673,0,221765,24001,23155,0,47156
2022-02-25,2865615,2704179,0,5569794,971614,865615,0,1837229,483556,457693,0,941249,441293,430513,0,871806,338631,330306,0,668937,276417,272128,0,548545,218008,215077,0,433085,112094,109687,0,221781,24002,23160,0,47162
2022-02-26,2865951,2705828,0,5571779,971902,866886,0,1838788,483578,457858,0,941436,441309,430609,0,871918,338636,330365,0,669001,276419,272160,0,548579,218008,215090,0,433098,112097,109697,0,221794,24002,23163,0,47165
2022-02-27,2866374,2707489,0,5573863,972275,868204,0,1840479,483600,457991,0,941591,441318,430713,0,872031,338648,330438,0,669086,276422,272181,0,548603,218012,215099,0,433111,112097,109699,0,221796,24002,23164,0,47166
2022-02-28,2866672,2708582,0,5575254,972542,869046,0,1841588,483613,458115,0,941728,441327,430786,0,872113,338652,330478,0,669130,276422,272189,0,548611,218016,215104,0,433120,112098,109700,0,221798,24002,23164,0,47166
2022-03-01,2866932,2709765,0,5576697,972733,869930,0,1842663,483649,458242,0,941891,441329,430861,0,872190,338668,330530,0,669198,276427,272210,0,548637,218020,215122,0,433142,112102,109703,0,221805,24004,23167,0,47171
2022-03-02,2867336,2711315,0,5578651,972981,870909,0,1843890,483700,458489,0,942189,441374,431005,0,872379,338705,330622,0,669327,276436,272254,0,548690,218026,215151,0,433177,112107,109712,0,221819,24007,23173,0,47180
2022-03-03,2867842,2713364,0,5581206,973340,872191,0,1845531,483769,458847,0,942616,441415,431205,0,872620,338719,330720,0,669439,276443,272307,0,548750,218034,215178,0,433212,112112,109733,0,221845,24010,23183,0,47193
2022-03-04,2868546,2714505,0,5583051,973599,872976,0,1846575,484082,459025,0,943107,441488,431286,0,872774,338745,330764,0,669509,276454,272333,0,548787,218048,215191,0,433239,112120,109743,0,221863,24010,23187,0,47197
2022-03-05,2868842,2715305,0,5584147,973835,873539,0,1847374,484122,459130,0,943252,441496,431352,0,872848,338752,330794,0,669546,276458,272353,0,548811,218049,215201,0,433250,112120,109745,0,221865,24010,23191,0,47201
2022-03-06,2869103,2716577,0,5585680,974059,874560,0,1848619,484141,459261,0,943402,441504,431423,0,872927,338759,330825,0,669584,276459,272367,0,548826,218050,215203,0,433253,112121,109747,0,221868,24010,23191,0,47201
2022-03-07,2869786,2717816,0,5587602,974588,875358,0,1849946,484205,459471,0,943676,441549,431544,0,873093,338786,330896,0,669682,276464,272390,0,548854,218056,215215,0,433271,112123,109749,0,221872,24015,23193,0,47208
2022-03-08,2870403,2719203,0,5589606,975074,876297,0,1851371,484270,459681,0,943951,441581,431666,0,873247,338800,330955,0,669755,276478,272418,0,548896,218059,215229,0,433288,112124,109761,0,221885,24017,23196,0,47213
2022-03-09,2870879,2720288,0,5591167,975389,876934,0,1852323,484338,459877,0,944215,441627,431773,0,873400,338817,331018,0,669835,276487,272457,0,548944,218069,215248,0,433317,112133,109776,0,221909,24019,23205,0,47224
2022-03-10,2871336,2721935,0,5593271,975686,878172,0,1853858,484394,460067,0,944461,441683,431881,0,873564,338846,331074,0,669920,276496,272479,0,548975,218073,215270,0,433343,112136,109781,0,221917,24022,23211,0,47233
2022-03-11,2872068,2723290,0,5595358,976180,879159,0,1855339,484522,460227,0,944749,441740,431981,0,873721,338870,331132,0,670002,276515,272498,0,549013,218080,215285,0,433365,112138,109793,0,221931,24023,23215,0,47238
2022-03-12,2872258,2724096,0,5596354,976276,879732,0,1856008,484570,460331,0,944901,441766,432036,0,873802,338881,331173,0,670054,276520,272515,0,549035,218083,215292,0,433375,112138,109802,0,221940,24024,23215,0,47239
2022-03-13,2872413,2724773,0,5597186,976357,880199,0,1856556,484626,460424,0,945050,441778,432099,0,873877,338884,331204,0,670088,276522,272525,0,549047,218084,215300,0,433384,112138,109805,0,221943,24024,23217,0,47241
2022-03-14,2873101,2726488,0,5599589,976762,881434,0,1858196,484813,460653,0,945466,441826,432239,0,874065,338918,331265,0,670183,276531,272553,0,549084,218086,215310,0,433396,112139,109815,0,221954,24026,23219,0,47245
2022-03-15,2873779,2728174,0,5601953,977173,882625,0,1859798,484961,460881,0,945842,441886,432394,0,874280,338946,331325,0,670271,276552,272583,0,549135,218091,215317,0,433408,112142,109827,0,221969,24028,23222,0,47250
2022-03-16,2874489,2729639,0,5604128,977723,883709,0,1861432,485055,461051,0,946106,441919,432482,0,874401,338963,331390,0,670353,276563,272615,0,549178,218093,215335,0,433428,112143,109832,0,221975,24030,23225,0,47255
2022-03-17,2875444,2731263,0,5606707,978272,884954,0,1863226,485290,461215,0,946505,442004,432573,0,874577,339000,331447,0,670447,276590,272647,0,549237,218108,215351,0,433459,112148,109846,0,221994,24032,23230,0,47262
2022-03-18,2876101,2732396,0,5608497,978698,885845,0,1864543,485420,461325,0,946745,442053,432633,0,874686,339023,331481,0,670504,276608,272665,0,549273,218113,215362,0,433475,112151,109855,0,222006,24035,23230,0,47265
2022-03-19,2876356,2733490,0,5609846,978889,886611,0,1865500,485455,461500,0,946955,442067,432712,0,874779,339029,331516,0,670545,276613,272683,0,549296,218115,215375,0,433490,112152,109860,0,222012,24036,23233,0,47269
2022-03-20,2876521,2734245,0,5610766,979001,887190,0,1866191,485492,461586,0,947078,442074,432752,0,874826,339034,331543,0,670577,276616,272693,0,549309,218115,215384,0,433499,112152,109863,0,222015,24037,23234,0,47271
2022-03-21,2876813,2735466,0,5612279,979177,887846,0,1867023,485548,461841,0,947389,442103,432910,0,875013,339047,331617,0,670664,276627,272730,0,549357,218117,215410,0,433527,112154,109876,0,222030,24040,23236,0,47276
2022-03-22,2877234,2736247,0,5613481,979414,888315,0,1867729,485639,461988,0,947627,442153,432996,0,875149,339074,331660,0,670734,276637,272747,0,549384,218121,215418,0,433539,112156,109884,0,222040,24040,23239,0,47279
2022-03-23,2877705,2737387,0,5615092,979707,888975,0,1868682,485725,462211,0,947936,442198,433136,0,875334,339095,331730,0,670825,276653,272769,0,549422,218128,215432,0,433560,112159,109893,0,222052,24040,23241,0,47281
