FECHA,SputnikA,SputnikB,Sputnik,ModernaA,ModernaB,Moderna,PfizerA,PfizerB,Pfizer,SinopharmA,SinopharmB,Sinopharm,AstraZenecaA,AstraZenecaB,AstraZeneca,CansinoA,CansinoB,Cansino,TotalA,TotalB,Total
2020-12-29,,,,,,,,,,,,,,,,,,,,,
2020-12-30,,,,,,,,,,,,,,,,,,,,,
2020-12-31,,,,,,,,,,,,,,,,,,,,,
2021-01-01,473.42857142857144,0.0,473.42857142857144,0.0,0.0,0.0,0.0,0.0,0.0,0.0,0.0,0.0,0.0,0.0,0.0,0.0,0.0,0.0,473.42857142857144,0.0,473.42857142857144
2021-01-02,552.2857142857143,0.0,552.2857142857143,0.0,0.0,0.0,0.0,0.0,0.0,0.0,0.0,0.0,0.0,0.0,0.0,0.0,0.0,0.0,552.2857142857143,0.0,552.2857142857143
2021-01-03,628.7142857142857,0.0,628.7142857142857,0.0,0.0,0.0,0.0,0.0,0.0,0.0,0.0,0.0,0.0,0.0,0.0,0.0,0.0,0.0,628.7142857142857,0.0,628.7142857142857
2021-01-04,841.7142857142857,0.0,841.7142857142857,0.0,0.0,0.0,0.0,0.0,0.0,0.0,0.0,0.0,0.0,0.0,0.0,0.0,0.0,0.0,841.7142857142857,0.0,841.7142857142857
2021-01-05,1107.0,0.0,1107.0,0.0,0.0,0.0,0.0,0.0,0.0,0.0,0.0,0.0,0.0,0.0,0.0,0.0,0.0,0.0,1107.0,0.0,1107.0
2021-01-06,1109.0,0.0,1109.0,0.0,0.0,0.0,0.0,0.0,0.0,0.0,0.0,0.0,0.0,0.0,0.0,0.0,0.0,0.0,1109.0,0.0,1109.0
2021-01-07,1166.4285714285713,0.0,1166.4285714285713,0.0,0.0,0.0,0.0,0.0,0.0,0.0,0.0,0.0,0.0,0.0,0.0,0.0,0.0,0.0,1166.4285714285713,0.0,1166.4285714285713
2021-01-08,1298.2857142857142,0.0,1298.2857142857142,0.0,0.0,0.0,0.0,0.0,0.0,0.0,0.0,0.0,0.0,0.0,0.0,0.0,0.0,0.0,1298.2857142857142,0.0,1298.2857142857142
2021-01-09,1350.4285714285713,0.0,1350.4285714285713,0.0,0.0,0.0,0.0,0.0,0.0,0.0,0.0,0.0,0.0,0.0,0.0,0.0,0.0,0.0,1350.4285714285713,0.0,1350.4285714285713
2021-01-10,1339.0,0.0,1339.0,0.0,0.0,0.0,0.0,0.0,0.0,0.0,0.0,0.0,0.0,0.0,0.0,0.0,0.0,0.0,1339.0,0.0,1339.0
2021-01-11,1430.4285714285713,0.0,1430.4285714285713,0.0,0.0,0.0,0.0,0.0,0.0,0.0,0.0,0.0,0.0,0.0,0.0,0.0,0.0,0.0,1430.4285714285713,0.0,1430.4285714285713
2021-01-12,1654.2857142857142,0.0,1654.2857142857142,0.0,0.0,0.0,0.0,0.0,0.0,0.0,0.0,0.0,0.0,0.0,0.0,0.0,0.0,0.0,1654.2857142857142,0.0,1654.2857142857142
2021-01-13,1781.857142857143,0.0,1781.857142857143,0.0,0.0,0.0,0.0,0.0,0.0,0.0,0.0,0.0,0.0,0.0,0.0,0.0,0.0,0.0,1781.857142857143,0.0,1781.857142857143
2021-01-14,1819.142857142857,0.0,1819.142857142857,0.0,0.0,0.0,0.0,0.0,0.0,0.0,0.0,0.0,0.0,0.0,0.0,0.0,0.0,0.0,1819.142857142857,0.0,1819.142857142857
2021-01-15,1625.4285714285713,0.0,1625.4285714285713,0.0,0.0,0.0,0.0,0.0,0.0,0.0,0.0,0.0,0.0,0.0,0.0,0.0,0.0,0.0,1625.4285714285713,0.0,1625.4285714285713
2021-01-16,1431.142857142857,60.857142857142854,1492.0,0.0,0.0,0.0,0.0,0.0,0.0,0.0,0.0,0.0,0.0,0.0,0.0,0.0,0.0,0.0,1431.142857142857,60.857142857142854,1492.0
2021-01-17,1258.857142857143,153.14285714285714,1412.0,0.0,0.0,0.0,0.0,0.0,0.0,0.0,0.0,0.0,0.0,0.0,0.0,0.0,0.0,0.0,1258.857142857143,153.14285714285714,1412.0
2021-01-18,953.0,185.85714285714286,1138.857142857143,0.0,0.0,0.0,0.0,0.0,0.0,0.0,0.0,0.0,0.0,0.0,0.0,0.0,0.0,0.0,953.0,185.85714285714286,1138.857142857143
2021-01-19,464.7142857142857,196.85714285714286,661.5714285714286,0.0,0.0,0.0,0.0,0.0,0.0,0.0,0.0,0.0,0.0,0.0,0.0,0.0,0.0,0.0,464.7142857142857,196.85714285714286,661.5714285714286
2021-01-20,274.42857142857144,242.14285714285714,516.5714285714286,0.0,0.0,0.0,0.0,0.0,0.0,0.0,0.0,0.0,0.0,0.0,0.0,0.0,0.0,0.0,274.42857142857144,242.14285714285714,516.5714285714286
2021-01-21,156.0,260.7142857142857,416.7142857142857,0.0,0.0,0.0,0.0,0.0,0.0,0.0,0.0,0.0,0.0,0.0,0.0,0.0,0.0,0.0,156.0,260.7142857142857,416.7142857142857
2021-01-22,84.71428571428571,365.42857142857144,450.14285714285717,0.0,0.0,0.0,0.0,0.0,0.0,0.0,0.0,0.0,0.0,0.0,0.0,0.0,0.0,0.0,84.71428571428571,365.42857142857144,450.14285714285717
2021-01-23,39.857142857142854,447.14285714285717,487.0,0.0,0.0,0.0,0.0,0.0,0.0,0.0,0.0,0.0,0.0,0.0,0.0,0.0,0.0,0.0,39.857142857142854,447.14285714285717,487.0
2021-01-24,19.285714285714285,512.2857142857143,531.5714285714286,0.0,0.0,0.0,0.0,0.0,0.0,0.0,0.0,0.0,0.0,0.0,0.0,0.0,0.0,0.0,19.285714285714285,512.2857142857143,531.5714285714286
2021-01-25,7.0,660.4285714285714,667.4285714285714,0.0,0.0,0.0,0.0,0.0,0.0,0.0,0.0,0.0,0.0,0.0,0.0,0.0,0.0,0.0,7.0,660.4285714285714,667.4285714285714
2021-01-26,6.714285714285714,891.8571428571429,898.5714285714286,0.0,0.0,0.0,0.0,0.0,0.0,0.0,0.0,0.0,0.0,0.0,0.0,0.0,0.0,0.0,6.714285714285714,891.8571428571429,898.5714285714286
2021-01-27,6.0,905.8571428571429,911.8571428571429,0.0,0.0,0.0,0.0,0.0,0.0,0.0,0.0,0.0,0.0,0.0,0.0,0.0,0.0,0.0,6.0,905.8571428571429,911.8571428571429
2021-01-28,5.714285714285714,936.1428571428571,941.8571428571429,0.0,0.0,0.0,0.0,0.0,0.0,0.0,0.0,0.0,0.0,0.0,0.0,0.0,0.0,0.0,5.714285714285714,936.1428571428571,941.8571428571429
2021-01-29,4.571428571428571,1044.142857142857,1048.7142857142858,0.0,0.0,0.0,0.0,0.0,0.0,0.0,0.0,0.0,0.0,0.0,0.0,0.0,0.0,0.0,4.571428571428571,1044.142857142857,1048.7142857142858
2021-01-30,249.0,1110.142857142857,1359.142857142857,0.0,0.0,0.0,0.0,0.0,0.0,0.0,0.0,0.0,0.0,0.0,0.0,0.0,0.0,0.0,249.0,1110.142857142857,1359.142857142857
2021-01-31,584.1428571428571,1127.4285714285713,1711.5714285714287,0.0,0.0,0.0,0.0,0.0,0.0,0.0,0.0,0.0,0.0,0.0,0.0,0.0,0.0,0.0,584.1428571428571,1127.4285714285713,1711.5714285714287
2021-02-01,836.2857142857143,1203.7142857142858,2040.0,0.0,0.0,0.0,0.0,0.0,0.0,0.0,0.0,0.0,0.0,0.0,0.0,0.0,0.0,0.0,836.2857142857143,1203.7142857142858,2040.0
2021-02-02,1237.4285714285713,1362.4285714285713,2599.8571428571427,0.0,0.0,0.0,0.0,0.0,0.0,0.0,0.0,0.0,0.0,0.0,0.0,0.0,0.0,0.0,1237.4285714285713,1362.4285714285713,2599.8571428571427
2021-02-03,1280.2857142857142,1438.5714285714287,2718.8571428571427,0.0,0.0,0.0,0.0,0.0,0.0,0.0,0.0,0.0,0.0,0.0,0.0,0.0,0.0,0.0,1280.2857142857142,1438.5714285714287,2718.8571428571427
2021-02-04,1333.5714285714287,1479.857142857143,2813.4285714285716,0.0,0.0,0.0,0.0,0.0,0.0,0.0,0.0,0.0,0.0,0.0,0.0,0.0,0.0,0.0,1333.5714285714287,1479.857142857143,2813.4285714285716
2021-02-05,1501.5714285714287,1450.7142857142858,2952.285714285714,0.0,0.0,0.0,0.0,0.0,0.0,0.0,0.0,0.0,0.0,0.0,0.0,0.0,0.0,0.0,1501.5714285714287,1450.7142857142858,2952.285714285714
2021-02-06,1537.142857142857,1376.2857142857142,2913.4285714285716,0.0,0.0,0.0,0.0,0.0,0.0,0.0,0.0,0.0,0.0,0.0,0.0,0.0,0.0,0.0,1537.142857142857,1376.2857142857142,2913.4285714285716
2021-02-07,1345.4285714285713,1279.857142857143,2625.285714285714,0.0,0.0,0.0,0.0,0.0,0.0,0.0,0.0,0.0,0.0,0.0,0.0,0.0,0.0,0.0,1345.4285714285713,1279.857142857143,2625.285714285714
2021-02-08,1252.142857142857,1080.2857142857142,2332.4285714285716,0.0,0.0,0.0,0.0,0.0,0.0,0.0,0.0,0.0,0.0,0.0,0.0,0.0,0.0,0.0,1252.142857142857,1080.2857142857142,2332.4285714285716
2021-02-09,978.4285714285714,758.5714285714286,1737.0,0.0,0.0,0.0,0.0,0.0,0.0,0.0,0.0,0.0,0.0,0.0,0.0,0.0,0.0,0.0,978.4285714285714,758.5714285714286,1737.0
2021-02-10,940.0,629.0,1569.0,0.0,0.0,0.0,0.0,0.0,0.0,0.0,0.0,0.0,0.0,0.0,0.0,0.0,0.0,0.0,940.0,629.0,1569.0
2021-02-11,886.7142857142857,543.0,1429.7142857142858,0.0,0.0,0.0,0.0,0.0,0.0,0.0,0.0,0.0,0.0,0.0,0.0,0.0,0.0,0.0,886.7142857142857,543.0,1429.7142857142858
2021-02-12,718.7142857142857,359.42857142857144,1078.142857142857,0.0,0.0,0.0,0.0,0.0,0.0,0.0,0.0,0.0,0.0,0.0,0.0,0.0,0.0,0.0,718.7142857142857,359.42857142857144,1078.142857142857
2021-02-13,437.0,231.14285714285714,668.1428571428571,0.0,0.0,0.0,0.0,0.0,0.0,0.0,0.0,0.0,0.0,0.0,0.0,0.0,0.0,0.0,437.0,231.14285714285714,668.1428571428571
2021-02-14,577.7142857142857,196.57142857142858,774.2857142857143,0.0,0.0,0.0,0.0,0.0,0.0,0.0,0.0,0.0,0.0,0.0,0.0,0.0,0.0,0.0,577.7142857142857,196.57142857142858,774.2857142857143
2021-02-15,1195.7142857142858,180.14285714285714,1375.857142857143,0.0,0.0,0.0,0.0,0.0,0.0,0.0,0.0,0.0,0.0,0.0,0.0,0.0,0.0,0.0,1195.7142857142858,180.14285714285714,1375.857142857143
2021-02-16,1822.857142857143,129.28571428571428,1952.142857142857,0.0,0.0,0.0,0.14285714285714285,0.0,0.0,0.0,0.0,0.0,0.0,0.0,0.0,0.0,0.0,0.0,1822.857142857143,129.28571428571428,1952.142857142857
2021-02-17,1993.0,125.57142857142857,2118.5714285714284,0.0,0.0,0.0,0.14285714285714285,0.0,0.0,0.0,0.0,0.0,0.0,0.0,0.0,0.0,0.0,0.0,1993.0,125.57142857142857,2118.5714285714284
2021-02-18,2111.4285714285716,121.57142857142857,2233.0,0.0,0.0,0.0,0.14285714285714285,0.0,0.0,0.0,0.0,0.0,0.42857142857142855,0.0,0.42857142857142855,0.0,0.0,0.0,2111.8571428571427,121.57142857142857,2233.4285714285716
2021-02-19,2695.1428571428573,141.28571428571428,2836.4285714285716,0.0,0.0,0.0,0.14285714285714285,0.0,0.0,0.0,0.0,0.0,778.2857142857143,0.0,778.2857142857143,0.0,0.0,0.0,3473.4285714285716,141.28571428571428,3614.714285714286
2021-02-20,3339.4285714285716,369.7142857142857,3709.1428571428573,0.0,0.0,0.0,0.14285714285714285,0.0,0.0,0.0,0.0,0.0,1524.857142857143,0.0,1524.857142857143,0.0,0.0,0.0,4864.285714285715,369.7142857142857,5234.0
2021-02-21,3624.714285714286,585.2857142857143,4210.0,0.0,0.0,0.0,0.14285714285714285,0.0,0.0,0.0,0.0,0.0,2361.5714285714284,0.0,2361.5714285714284,0.0,0.0,0.0,5986.285714285715,585.2857142857143,6571.571428571428
2021-02-22,3416.714285714286,805.7142857142857,4222.428571428572,0.0,0.0,0.0,0.14285714285714285,0.0,0.0,0.0,0.0,0.0,3187.4285714285716,0.0,3187.4285714285716,0.0,0.0,0.0,6604.142857142857,805.7142857142857,7409.857142857143
2021-02-23,3151.1428571428573,1136.7142857142858,4287.857142857143,0.0,0.0,0.0,0.0,0.0,0.0,0.0,0.0,0.0,4026.285714285714,0.0,4026.285714285714,0.0,0.0,0.0,7177.428571428572,1136.7142857142858,8314.142857142857
2021-02-24,3088.5714285714284,1151.142857142857,4239.714285714285,0.0,0.0,0.0,0.0,0.0,0.0,0.14285714285714285,0.0,0.14285714285714285,4131.142857142857,0.0,4131.142857142857,0.0,0.0,0.0,7219.857142857143,1151.142857142857,8371.0
2021-02-25,2983.4285714285716,1171.2857142857142,4154.714285714285,0.0,0.0,0.0,0.0,0.0,0.0,0.2857142857142857,0.0,0.2857142857142857,4169.285714285715,0.0,4169.285714285715,0.0,0.0,0.0,7153.0,1171.2857142857142,8324.285714285714
2021-02-26,2636.714285714286,1311.4285714285713,3948.1428571428573,0.0,0.0,0.0,0.0,0.0,0.0,0.2857142857142857,0.0,0.2857142857142857,4302.142857142857,0.0,4302.142857142857,0.0,0.0,0.0,6939.142857142857,1311.4285714285713,8250.57142857143
2021-02-27,2204.285714285714,1252.2857142857142,3456.5714285714284,0.0,0.0,0.0,0.0,0.0,0.0,18.571428571428573,0.0,18.571428571428573,4420.571428571428,0.14285714285714285,4420.714285714285,0.0,0.0,0.0,6643.428571428572,1252.4285714285713,7895.857142857143
2021-02-28,1719.857142857143,1225.857142857143,2945.714285714286,0.0,0.0,0.0,0.0,0.0,0.0,125.57142857142857,0.0,125.57142857142857,4398.428571428572,0.14285714285714285,4398.571428571428,0.0,0.0,0.0,6243.857142857143,1226.0,7469.857142857143
2021-03-01,1230.0,1133.5714285714287,2363.5714285714284,0.0,0.0,0.0,0.0,0.0,0.0,275.57142857142856,0.0,275.57142857142856,3765.4285714285716,0.14285714285714285,3765.5714285714284,0.0,0.0,0.0,5271.0,1133.7142857142858,6404.714285714285
2021-03-02,812.5714285714286,940.0,1752.5714285714287,0.0,0.0,0.0,0.0,0.0,0.0,448.42857142857144,0.0,448.42857142857144,3044.5714285714284,0.14285714285714285,3044.714285714286,0.0,0.0,0.0,4305.571428571428,940.1428571428571,5245.714285714285
2021-03-03,702.0,940.4285714285714,1642.4285714285713,0.0,0.0,0.0,0.0,0.0,0.0,737.5714285714286,0.0,737.5714285714286,3058.0,0.14285714285714285,3058.1428571428573,0.0,0.0,0.0,4497.571428571428,940.5714285714286,5438.142857142857
2021-03-04,689.7142857142857,921.7142857142857,1611.4285714285713,0.0,0.0,0.0,0.0,0.0,0.0,1010.8571428571429,0.0,1010.8571428571429,3130.714285714286,0.14285714285714285,3130.8571428571427,0.0,0.0,0.0,4831.285714285715,921.8571428571429,5753.142857142857
2021-03-05,641.8571428571429,812.1428571428571,1454.0,0.0,0.0,0.0,0.0,0.0,0.0,1119.142857142857,0.0,1119.142857142857,2554.285714285714,0.14285714285714285,2554.4285714285716,0.0,0.0,0.0,4315.285714285715,812.2857142857143,5127.571428571428
2021-03-06,1433.142857142857,663.8571428571429,2097.0,0.0,0.0,0.0,0.0,0.0,0.0,1319.857142857143,0.0,1319.857142857143,1955.0,0.0,1955.0,0.0,0.0,0.0,4708.0,663.8571428571429,5371.857142857143
2021-03-07,2477.5714285714284,509.57142857142856,2987.1428571428573,0.0,0.0,0.0,0.0,0.0,0.0,1686.0,0.0,1686.0,1280.5714285714287,0.0,1280.5714285714287,0.0,0.0,0.0,5444.142857142857,509.57142857142856,5953.714285714285
2021-03-08,3518.714285714286,857.1428571428571,4375.857142857143,0.0,0.0,0.0,0.0,0.0,0.0,2258.714285714286,0.0,2258.714285714286,1228.7142857142858,0.0,1228.7142857142858,0.0,0.0,0.0,7006.142857142857,857.1428571428571,7863.285714285715
2021-03-09,3931.1428571428573,1348.142857142857,5279.285714285715,0.0,0.0,0.0,0.0,0.14285714285714285,0.0,2904.1428571428573,0.0,2904.1428571428573,1164.4285714285713,0.0,1164.4285714285713,0.0,0.0,0.0,7999.714285714285,1348.142857142857,9347.857142857143
2021-03-10,3973.5714285714284,1448.142857142857,5421.714285714285,0.0,0.0,0.0,0.0,0.14285714285714285,0.0,3344.0,0.0,3344.0,1098.0,0.0,1098.0,0.0,0.0,0.0,8415.57142857143,1448.142857142857,9863.714285714286
2021-03-11,4014.1428571428573,1550.857142857143,5565.0,0.0,0.0,0.0,0.0,0.14285714285714285,0.0,3638.714285714286,0.0,3638.714285714286,986.7142857142857,0.0,986.7142857142857,0.0,0.0,0.0,8639.57142857143,1550.857142857143,10190.42857142857
2021-03-12,4130.285714285715,2117.285714285714,6247.571428571428,0.0,0.0,0.0,0.0,0.14285714285714285,0.0,4265.142857142857,0.0,4265.142857142857,701.4285714285714,0.0,701.4285714285714,0.0,0.0,0.0,9096.857142857143,2117.285714285714,11214.142857142857
2021-03-13,3889.714285714286,2622.8571428571427,6512.571428571428,0.0,0.0,0.0,0.0,0.14285714285714285,0.0,4631.428571428572,0.0,4631.428571428572,465.14285714285717,0.2857142857142857,465.42857142857144,0.0,0.0,0.0,8986.285714285714,2623.1428571428573,11609.42857142857
2021-03-14,3596.285714285714,3133.0,6729.285714285715,0.0,0.0,0.0,0.0,0.14285714285714285,0.0,4622.0,0.0,4622.0,351.57142857142856,0.2857142857142857,351.85714285714283,0.0,0.0,0.0,8569.857142857143,3133.285714285714,11703.142857142857
2021-03-15,3332.1428571428573,3083.5714285714284,6415.714285714285,0.0,0.0,0.0,0.0,0.14285714285714285,0.0,4571.285714285715,0.0,4571.285714285715,243.28571428571428,0.7142857142857143,244.0,0.0,0.0,0.0,8146.714285714285,3084.285714285714,11231.0
2021-03-16,3606.1428571428573,2906.1428571428573,6512.285714285715,0.0,0.0,0.0,0.0,0.0,0.0,4486.571428571428,0.0,4486.571428571428,221.71428571428572,0.8571428571428571,222.57142857142858,0.0,0.0,0.0,8314.42857142857,2907.0,11221.42857142857
2021-03-17,4289.142857142857,2869.8571428571427,7159.0,0.0,0.0,0.0,0.0,0.0,0.0,3967.4285714285716,0.0,3967.4285714285716,169.85714285714286,0.8571428571428571,170.71428571428572,0.0,0.0,0.0,8426.42857142857,2870.714285714286,11297.142857142857
2021-03-18,4903.857142857143,2833.285714285714,7737.142857142857,0.0,0.0,0.0,0.0,0.0,0.0,3408.5714285714284,0.0,3408.5714285714284,170.0,1.0,171.0,0.0,0.0,0.0,8482.42857142857,2834.285714285714,11316.714285714286
2021-03-19,5066.857142857143,2607.4285714285716,7674.285714285715,0.0,0.0,0.0,0.0,0.0,0.0,2746.285714285714,0.0,2746.285714285714,123.42857142857143,1.2857142857142858,124.71428571428571,0.0,0.0,0.0,7936.571428571428,2608.714285714286,10545.285714285714
2021-03-20,5316.857142857143,2419.0,7735.857142857143,0.0,0.0,0.0,0.0,0.0,0.0,2220.4285714285716,0.0,2220.4285714285716,99.14285714285714,1.2857142857142858,100.42857142857143,0.0,0.0,0.0,7636.428571428572,2420.285714285714,10056.714285714286
2021-03-21,5287.142857142857,1872.142857142857,7159.285714285715,0.0,0.0,0.0,0.0,0.0,0.0,1762.142857142857,0.0,1762.142857142857,72.85714285714286,1.2857142857142858,74.14285714285714,0.0,0.0,0.0,7122.142857142857,1873.4285714285713,8995.57142857143
2021-03-22,4961.285714285715,1612.5714285714287,6573.857142857143,0.0,0.0,0.0,0.0,0.0,0.0,1240.5714285714287,0.0,1240.5714285714287,62.57142857142857,0.8571428571428571,63.42857142857143,0.0,0.0,0.0,6264.428571428572,1613.4285714285713,7877.857142857143
2021-03-23,4430.571428571428,1333.7142857142858,5764.285714285715,0.0,0.0,0.0,0.0,0.0,0.0,510.7142857142857,0.0,510.7142857142857,130.57142857142858,0.7142857142857143,131.28571428571428,0.0,0.0,0.0,5071.857142857143,1334.4285714285713,6406.285714285715
2021-03-24,3974.285714285714,1260.7142857142858,5235.0,0.0,0.0,0.0,0.0,0.0,0.0,300.85714285714283,0.0,300.85714285714283,223.42857142857142,0.7142857142857143,224.14285714285714,0.0,0.0,0.0,4498.571428571428,1261.4285714285713,5760.0
2021-03-25,3580.714285714286,1196.4285714285713,4777.142857142857,0.0,0.0,0.0,0.0,0.0,0.0,291.57142857142856,0.0,291.57142857142856,327.57142857142856,0.5714285714285714,328.14285714285717,0.0,0.0,0.0,4199.857142857143,1197.0,5396.857142857143
2021-03-26,4014.285714285714,949.8571428571429,4964.142857142857,0.0,0.0,0.0,0.0,0.0,0.0,219.42857142857142,0.0,219.42857142857142,439.57142857142856,0.2857142857142857,439.85714285714283,0.0,0.0,0.0,4673.285714285715,950.1428571428571,5623.428571428572
2021-03-27,4190.428571428572,780.7142857142857,4971.142857142857,0.0,0.0,0.0,0.0,0.0,0.0,160.14285714285714,0.0,160.14285714285714,550.1428571428571,0.0,550.1428571428571,0.0,0.0,0.0,4900.714285714285,780.7142857142857,5681.428571428572
2021-03-28,4416.142857142857,872.8571428571429,5289.0,0.0,0.0,0.0,0.0,0.0,0.0,161.14285714285714,0.0,161.14285714285714,1185.7142857142858,0.0,1185.7142857142858,0.0,0.0,0.0,5763.0,872.8571428571429,6635.857142857143
2021-03-29,4837.0,687.0,5524.0,0.0,0.0,0.0,0.0,0.0,0.0,17.0,0.0,17.0,1912.142857142857,0.0,1912.142857142857,0.0,0.0,0.0,6766.142857142857,687.0,7453.142857142857
2021-03-30,5565.0,486.2857142857143,6051.285714285715,0.0,0.0,0.0,0.0,0.0,0.0,45.42857142857143,0.0,45.42857142857143,2485.0,0.0,2485.0,0.0,0.0,0.0,8095.428571428572,486.2857142857143,8581.714285714286
2021-03-31,6222.571428571428,478.57142857142856,6701.142857142857,0.0,0.0,0.0,0.0,0.0,0.0,100.0,0.0,100.0,2814.5714285714284,0.0,2814.5714285714284,0.0,0.0,0.0,9137.142857142857,478.57142857142856,9615.714285714286
2021-04-01,6342.571428571428,480.7142857142857,6823.285714285715,0.0,0.0,0.0,0.0,0.0,0.0,103.57142857142857,0.0,103.57142857142857,2725.8571428571427,0.0,2725.8571428571427,0.0,0.0,0.0,9172.0,480.7142857142857,9652.714285714286
2021-04-02,6644.571428571428,429.42857142857144,7074.0,0.0,0.0,0.0,0.0,0.0,0.0,856.4285714285714,5.285714285714286,861.7142857142857,2821.1428571428573,0.0,2821.1428571428573,0.0,0.0,0.0,10322.142857142857,434.7142857142857,10756.857142857143
2021-04-03,6256.714285714285,320.7142857142857,6577.428571428572,0.0,0.0,0.0,0.0,0.0,0.0,2453.4285714285716,5.571428571428571,2459.0,2787.1428571428573,0.2857142857142857,2787.4285714285716,0.0,0.0,0.0,11497.285714285714,326.57142857142856,11823.857142857143
2021-04-04,5698.142857142857,272.0,5970.142857142857,0.0,0.0,0.0,0.0,0.0,0.0,4663.0,5.714285714285714,4668.714285714285,2157.4285714285716,0.42857142857142855,2157.8571428571427,0.0,0.0,0.0,12518.57142857143,278.14285714285717,12796.714285714286
2021-04-05,5193.285714285715,284.85714285714283,5478.142857142857,0.0,0.0,0.0,0.0,0.0,0.0,7108.571428571428,5.857142857142857,7114.428571428572,1413.7142857142858,0.42857142857142855,1414.142857142857,0.0,0.0,0.0,13715.57142857143,291.14285714285717,14006.714285714286
2021-04-06,5658.857142857143,391.0,6049.857142857143,0.0,0.0,0.0,0.0,0.0,0.0,8204.57142857143,5.857142857142857,8210.42857142857,745.2857142857143,0.42857142857142855,745.7142857142857,0.0,0.0,0.0,14608.714285714286,397.2857142857143,15006.0
2021-04-07,5583.142857142857,580.7142857142857,6163.857142857143,0.0,0.0,0.0,0.0,0.0,0.0,8214.285714285714,5.857142857142857,8220.142857142857,339.42857142857144,0.42857142857142855,339.85714285714283,0.0,0.0,0.0,14136.857142857143,587.0,14723.857142857143
2021-04-08,6000.857142857143,765.0,6765.857142857143,0.0,0.0,0.0,0.0,0.0,0.0,8295.714285714286,5.857142857142857,8301.57142857143,324.0,0.42857142857142855,324.42857142857144,0.0,0.0,0.0,14620.57142857143,771.2857142857143,15391.857142857143
2021-04-09,7286.857142857143,787.8571428571429,8074.714285714285,0.0,0.0,0.0,0.0,0.0,0.0,7883.0,1.1428571428571428,7884.142857142857,115.0,0.42857142857142855,115.42857142857143,0.0,0.0,0.0,15284.857142857143,789.4285714285714,16074.285714285714
2021-04-10,8455.57142857143,1321.5714285714287,9777.142857142857,0.0,0.0,0.0,0.0,0.0,0.0,6490.857142857143,0.8571428571428571,6491.714285714285,36.42857142857143,0.14285714285714285,36.57142857142857,0.0,0.0,0.0,14982.857142857143,1322.5714285714287,16305.42857142857
2021-04-11,9420.857142857143,1903.857142857143,11324.714285714286,0.0,0.0,0.0,0.0,0.0,0.0,4506.857142857143,0.8571428571428571,4507.714285714285,32.142857142857146,0.0,32.142857142857146,0.0,0.0,0.0,13959.857142857143,1904.7142857142858,15864.57142857143
2021-04-12,9475.57142857143,2471.8571428571427,11947.42857142857,0.0,0.0,0.0,0.0,0.0,0.0,2233.8571428571427,0.7142857142857143,2234.5714285714284,27.142857142857142,0.0,27.142857142857142,0.0,0.0,0.0,11736.57142857143,2472.5714285714284,14209.142857142857
2021-04-13,9193.142857142857,2422.4285714285716,11615.57142857143,0.0,0.0,0.0,0.0,0.0,0.0,1272.2857142857142,0.8571428571428571,1273.142857142857,22.857142857142858,0.14285714285714285,23.0,0.0,0.0,0.0,10488.285714285714,2423.4285714285716,12911.714285714286
2021-04-14,8427.285714285714,2232.8571428571427,10660.142857142857,0.0,0.0,0.0,0.0,0.0,0.0,1235.4285714285713,0.8571428571428571,1236.2857142857142,7.142857142857143,0.14285714285714285,7.285714285714286,0.0,0.0,0.0,9669.857142857143,2233.8571428571427,11903.714285714286
2021-04-15,7628.0,2043.142857142857,9671.142857142857,0.0,0.0,0.0,0.0,0.0,0.0,1192.5714285714287,0.8571428571428571,1193.4285714285713,7.428571428571429,0.14285714285714285,7.571428571428571,0.0,0.0,0.0,8828.0,2044.142857142857,10872.142857142857
2021-04-16,5294.857142857143,1929.857142857143,7224.714285714285,0.0,0.0,0.0,0.0,0.0,0.0,958.7142857142857,0.7142857142857143,959.4285714285714,1222.857142857143,3.7142857142857144,1226.5714285714287,0.0,0.0,0.0,7476.428571428572,1934.2857142857142,9410.714285714286
2021-04-17,3415.4285714285716,2155.5714285714284,5571.0,0.0,0.0,0.0,0.0,0.0,0.0,810.2857142857143,0.8571428571428571,811.1428571428571,2634.1428571428573,8.142857142857142,2642.285714285714,0.0,0.0,0.0,6859.857142857143,2164.5714285714284,9024.42857142857
2021-04-18,2077.8571428571427,1489.5714285714287,3567.4285714285716,0.0,0.0,0.0,0.0,0.0,0.0,628.2857142857143,0.7142857142857143,629.0,5401.285714285715,14.0,5415.285714285715,0.0,0.0,0.0,8107.428571428572,1504.2857142857142,9611.714285714286
2021-04-19,4538.0,886.8571428571429,5424.857142857143,0.0,0.0,0.0,0.0,0.0,0.0,557.7142857142857,0.8571428571428571,558.5714285714286,5757.571428571428,14.142857142857142,5771.714285714285,0.0,0.0,0.0,10853.285714285714,901.8571428571429,11755.142857142857
2021-04-20,6257.857142857143,833.0,7090.857142857143,0.2857142857142857,0.0,0.2857142857142857,0.0,0.0,0.0,433.7142857142857,0.8571428571428571,434.57142857142856,6195.857142857143,14.0,6209.857142857143,0.0,0.0,0.0,12887.714285714286,847.8571428571429,13735.57142857143
2021-04-21,6855.428571428572,832.8571428571429,7688.285714285715,0.2857142857142857,0.0,0.2857142857142857,0.0,0.0,0.0,407.0,0.8571428571428571,407.85714285714283,6428.285714285715,14.0,6442.285714285715,0.0,0.0,0.0,13691.0,847.7142857142857,14538.714285714286
2021-04-22,6854.714285714285,832.7142857142857,7687.428571428572,0.2857142857142857,0.0,0.2857142857142857,0.0,0.0,0.0,367.2857142857143,0.8571428571428571,368.14285714285717,6454.0,14.0,6468.0,0.0,0.0,0.0,13676.285714285714,847.5714285714286,14523.857142857143
2021-04-23,6868.0,831.2857142857143,7699.285714285715,0.2857142857142857,0.0,0.2857142857142857,0.0,0.0,0.0,272.14285714285717,0.42857142857142855,272.57142857142856,5609.714285714285,11.0,5620.714285714285,0.0,0.0,0.0,12750.142857142857,842.7142857142857,13592.857142857143
2021-04-24,6954.857142857143,11.0,6965.857142857143,0.2857142857142857,0.0,0.2857142857142857,0.0,0.0,0.0,228.57142857142858,0.8571428571428571,229.42857142857142,4603.0,7.714285714285714,4610.714285714285,0.0,0.0,0.0,11786.714285714286,19.571428571428573,11806.285714285714
2021-04-25,7082.857142857143,9.428571428571429,7092.285714285715,0.2857142857142857,0.0,0.2857142857142857,0.0,0.0,0.0,185.42857142857142,2412.285714285714,2597.714285714286,2482.714285714286,3.0,2485.714285714286,0.0,0.0,0.0,9751.285714285714,2424.714285714286,12176.0
2021-04-26,4947.571428571428,9.571428571428571,4957.142857142857,0.2857142857142857,0.0,0.2857142857142857,0.0,0.0,0.0,79.71428571428571,4220.857142857143,4300.571428571428,2299.4285714285716,4.0,2303.4285714285716,0.0,0.0,0.0,7327.0,4234.428571428572,11561.42857142857
2021-04-27,2408.5714285714284,7.0,2415.5714285714284,0.0,0.0,0.0,0.0,0.0,0.0,37.714285714285715,4220.714285714285,4258.428571428572,2011.5714285714287,5.285714285714286,2016.857142857143,0.0,0.0,0.0,4457.857142857143,4233.0,8690.857142857143
2021-04-28,1894.142857142857,7.0,1901.142857142857,0.0,0.0,0.0,0.0,0.0,0.0,36.857142857142854,4268.571428571428,4305.428571428572,1787.5714285714287,5.285714285714286,1792.857142857143,0.0,0.0,0.0,3718.5714285714284,4280.857142857143,7999.428571428572
2021-04-29,2101.5714285714284,7.0,2108.5714285714284,0.0,0.0,0.0,0.0,0.0,0.0,35.142857142857146,5965.714285714285,6000.857142857143,1873.7142857142858,5.285714285714286,1879.0,0.0,0.0,0.0,4010.4285714285716,5978.0,9988.42857142857
2021-04-30,3830.714285714286,6.285714285714286,3837.0,0.0,0.0,0.0,0.0,0.0,0.0,25.142857142857142,6731.714285714285,6756.857142857143,1651.2857142857142,6.428571428571429,1657.7142857142858,0.0,0.0,0.0,5507.142857142857,6744.428571428572,12251.57142857143
2021-05-01,7144.285714285715,1.7142857142857142,7146.0,0.0,0.0,0.0,0.0,0.0,0.0,12.285714285714286,6784.857142857143,6797.142857142857,1386.4285714285713,7.857142857142857,1394.2857142857142,0.0,0.0,0.0,8543.0,6794.428571428572,15337.42857142857
2021-05-02,7927.142857142857,92.0,8019.142857142857,0.0,0.0,0.0,0.0,0.0,0.0,41.0,6765.714285714285,6806.714285714285,912.4285714285714,6.857142857142857,919.2857142857143,0.0,0.0,0.0,8880.57142857143,6864.571428571428,15745.142857142857
2021-05-03,7636.571428571428,91.71428571428571,7728.285714285715,0.0,0.0,0.0,0.0,0.0,0.0,38.57142857142857,5374.571428571428,5413.142857142857,1066.142857142857,6.857142857142857,1073.0,0.0,0.0,0.0,8741.285714285714,5473.142857142857,14214.42857142857
2021-05-04,7594.857142857143,92.0,7686.857142857143,0.0,0.0,0.0,0.0,0.0,0.0,39.714285714285715,7946.142857142857,7985.857142857143,1068.4285714285713,5.857142857142857,1074.2857142857142,0.0,0.0,0.0,8703.0,8044.0,16747.0
2021-05-05,7731.571428571428,92.0,7823.571428571428,0.0,0.0,0.0,0.0,0.0,0.0,40.142857142857146,10037.714285714286,10077.857142857143,1137.2857142857142,5.857142857142857,1143.142857142857,0.0,0.0,0.0,8909.0,10135.57142857143,19044.571428571428
2021-05-06,7523.714285714285,92.0,7615.714285714285,0.0,0.0,0.0,0.0,0.0,0.0,39.42857142857143,8374.142857142857,8413.57142857143,1042.142857142857,5.857142857142857,1048.0,0.0,0.0,0.0,8605.285714285714,8472.0,17077.285714285714
2021-05-07,5913.0,92.28571428571429,6005.285714285715,0.0,0.0,0.0,0.0,0.0,0.0,38.285714285714285,7748.857142857143,7787.142857142857,939.7142857142857,4.428571428571429,944.1428571428571,0.0,0.0,0.0,6891.0,7845.571428571428,14736.57142857143
2021-05-08,3343.714285714286,99.14285714285714,3442.8571428571427,0.0,0.0,0.0,0.0,0.0,0.0,38.857142857142854,7756.857142857143,7795.714285714285,834.8571428571429,1.8571428571428572,836.7142857142857,0.0,0.0,0.0,4217.428571428572,7857.857142857143,12075.285714285714
2021-05-09,3269.5714285714284,50.714285714285715,3320.285714285714,0.0,0.0,0.0,0.0,0.0,0.0,3.4285714285714284,5462.714285714285,5466.142857142857,720.2857142857143,2.0,722.2857142857143,0.0,0.0,0.0,3993.285714285714,5515.428571428572,9508.714285714286
2021-05-10,3008.5714285714284,59.42857142857143,3068.0,0.0,0.0,0.0,0.0,0.0,0.0,13.571428571428571,5822.142857142857,5835.714285714285,497.7142857142857,6.142857142857143,503.85714285714283,0.0,0.0,0.0,3519.8571428571427,5887.714285714285,9407.57142857143
2021-05-11,3022.8571428571427,65.57142857142857,3088.4285714285716,0.0,0.0,0.0,0.0,0.0,0.0,12.428571428571429,3486.5714285714284,3499.0,434.85714285714283,6.142857142857143,441.0,0.0,0.0,0.0,3470.1428571428573,3558.285714285714,7028.428571428572
2021-05-12,4298.0,65.71428571428571,4363.714285714285,0.0,0.0,0.0,0.0,0.0,0.0,12.142857142857142,1403.142857142857,1415.2857142857142,373.0,6.142857142857143,379.14285714285717,0.0,0.0,0.0,4683.142857142857,1475.0,6158.142857142857
2021-05-13,4720.571428571428,65.71428571428571,4786.285714285715,0.0,0.0,0.0,0.14285714285714285,0.0,0.0,12.142857142857142,1396.2857142857142,1408.4285714285713,360.14285714285717,6.285714285714286,366.42857142857144,0.0,0.0,0.0,5092.857142857143,1468.2857142857142,6561.142857142857
2021-05-14,5462.714285714285,94.57142857142857,5557.285714285715,0.0,0.0,0.0,0.14285714285714285,0.0,0.0,12.714285714285714,1375.2857142857142,1388.0,357.7142857142857,8.142857142857142,365.85714285714283,0.0,0.0,0.0,5833.142857142857,1478.0,7311.142857142857
2021-05-15,5639.428571428572,93.85714285714286,5733.285714285715,0.0,0.0,0.0,0.14285714285714285,0.0,0.0,12.285714285714286,1356.142857142857,1368.4285714285713,379.14285714285717,8.428571428571429,387.57142857142856,0.0,0.0,0.0,6030.857142857143,1458.4285714285713,7489.285714285715
2021-05-16,5490.571428571428,52.285714285714285,5542.857142857143,0.0,0.0,0.0,0.14285714285714285,0.0,0.0,12.142857142857142,1410.5714285714287,1422.7142857142858,341.57142857142856,8.714285714285714,350.2857142857143,0.0,0.0,0.0,5844.285714285715,1471.5714285714287,7315.857142857143
2021-05-17,8307.57142857143,50.857142857142854,8358.42857142857,0.0,0.0,0.0,0.14285714285714285,0.0,0.0,2.142857142857143,737.8571428571429,740.0,249.71428571428572,3.5714285714285716,253.28571428571428,0.0,0.0,0.0,8559.42857142857,792.2857142857143,9351.714285714286
2021-05-18,8323.57142857143,47.285714285714285,8370.857142857143,0.0,0.0,0.0,0.14285714285714285,0.0,0.0,2.0,1102.142857142857,1104.142857142857,179.71428571428572,3.2857142857142856,183.0,0.0,0.0,0.0,8505.285714285714,1152.7142857142858,9658.0
2021-05-19,7232.0,51.42857142857143,7283.428571428572,0.0,0.0,0.0,0.14285714285714285,0.0,0.0,1.8571428571428572,1072.5714285714287,1074.4285714285713,163.42857142857142,3.2857142857142856,166.71428571428572,0.0,0.0,0.0,7397.285714285715,1127.2857142857142,8524.57142857143
2021-05-20,7484.714285714285,51.42857142857143,7536.142857142857,0.0,0.0,0.0,0.0,0.0,0.0,1.8571428571428572,1045.857142857143,1047.7142857142858,159.28571428571428,3.4285714285714284,162.71428571428572,0.0,0.0,0.0,7645.857142857143,1100.7142857142858,8746.57142857143
2021-05-21,6705.857142857143,23.0,6728.857142857143,0.0,0.0,0.0,0.0,0.0,0.0,1.2857142857142858,995.2857142857143,996.5714285714286,114.85714285714286,1.4285714285714286,116.28571428571429,0.0,0.0,0.0,6822.0,1019.7142857142857,7841.714285714285
2021-05-22,5824.571428571428,16.142857142857142,5840.714285714285,0.0,0.0,0.0,0.0,0.0,0.0,1.0,952.7142857142857,953.7142857142857,62.714285714285715,1644.2857142857142,1707.0,0.0,0.0,0.0,5888.285714285715,2613.1428571428573,8501.42857142857
2021-05-23,5376.857142857143,18.714285714285715,5395.571428571428,0.0,0.0,0.0,0.0,0.0,0.0,1.0,894.5714285714286,895.5714285714286,59.57142857142857,1993.4285714285713,2053.0,0.0,0.0,0.0,5437.428571428572,2906.714285714286,8344.142857142857
2021-05-24,3067.714285714286,14.857142857142858,3082.5714285714284,0.0,0.0,0.0,0.0,0.0,0.0,0.8571428571428571,852.4285714285714,853.2857142857143,79.0,4577.285714285715,4656.285714285715,0.0,0.0,0.0,3147.5714285714284,5444.571428571428,8592.142857142857
2021-05-25,4678.714285714285,22.142857142857142,4700.857142857143,0.0,0.0,0.0,0.0,0.0,0.0,0.5714285714285714,333.14285714285717,333.7142857142857,85.85714285714286,6155.571428571428,6241.428571428572,0.0,0.0,0.0,4765.142857142857,6510.857142857143,11276.0
2021-05-26,5472.571428571428,18.142857142857142,5490.714285714285,0.0,0.0,0.0,0.0,0.0,0.0,0.5714285714285714,306.85714285714283,307.42857142857144,1132.0,6290.857142857143,7422.857142857143,0.0,0.0,0.0,6605.142857142857,6615.857142857143,13221.0
2021-05-27,6020.428571428572,18.285714285714285,6038.714285714285,0.0,0.0,0.0,0.0,0.0,0.0,0.5714285714285714,306.85714285714283,307.42857142857144,2158.714285714286,6302.571428571428,8461.285714285714,0.0,0.0,0.0,8179.714285714285,6627.714285714285,14807.42857142857
2021-05-28,7174.714285714285,436.2857142857143,7611.0,0.0,0.0,0.0,0.0,0.0,0.0,0.5714285714285714,302.0,302.57142857142856,3813.0,6592.571428571428,10405.57142857143,0.0,0.0,0.0,10988.285714285714,7330.857142857143,18319.14285714286
2021-05-29,7899.142857142857,676.4285714285714,8575.57142857143,0.0,0.0,0.0,0.0,0.0,0.0,0.5714285714285714,320.85714285714283,321.42857142857144,5815.142857142857,5120.285714285715,10935.42857142857,0.0,0.0,0.0,13714.857142857143,6117.571428571428,19832.428571428572
2021-05-30,8281.57142857143,697.7142857142857,8979.285714285714,0.0,0.0,0.0,0.0,0.0,0.0,0.7142857142857143,232.28571428571428,233.0,7904.571428571428,5024.857142857143,12929.42857142857,0.0,0.0,0.0,16186.857142857143,5954.857142857143,22141.714285714286
2021-05-31,8416.285714285714,703.1428571428571,9119.42857142857,0.0,0.0,0.0,0.0,0.0,0.0,0.7142857142857143,182.85714285714286,183.57142857142858,11326.714285714286,2631.4285714285716,13958.142857142857,0.0,0.0,0.0,19743.714285714286,3517.4285714285716,23261.14285714286
2021-06-01,6691.0,699.5714285714286,7390.571428571428,0.0,0.0,0.0,0.0,0.0,0.0,0.7142857142857143,158.28571428571428,159.0,15119.42857142857,1183.2857142857142,16302.714285714286,0.0,0.0,0.0,21811.14285714286,2041.142857142857,23852.285714285714
2021-06-02,5467.0,727.4285714285714,6194.428571428572,0.0,0.0,0.0,0.14285714285714285,0.0,0.0,0.7142857142857143,158.28571428571428,159.0,16859.285714285714,1179.7142857142858,18039.0,0.0,0.0,0.0,22327.0,2065.4285714285716,24392.428571428572
2021-06-03,4297.428571428572,727.4285714285714,5024.857142857143,0.14285714285714285,0.0,0.14285714285714285,0.14285714285714285,0.0,0.0,0.7142857142857143,160.28571428571428,161.0,18282.714285714286,1257.5714285714287,19540.285714285714,0.0,0.0,0.0,22581.0,2145.285714285714,24726.285714285714
2021-06-04,2941.1428571428573,312.85714285714283,3254.0,0.14285714285714285,0.0,0.14285714285714285,0.14285714285714285,0.0,0.0,0.42857142857142855,136.71428571428572,137.14285714285714,20406.714285714286,1056.2857142857142,21463.0,0.0,0.0,0.0,23348.428571428572,1505.857142857143,24854.285714285714
2021-06-05,2586.0,74.0,2660.0,0.14285714285714285,0.0,0.14285714285714285,0.14285714285714285,0.0,0.0,1.1428571428571428,144.14285714285714,145.28571428571428,21774.14285714286,1126.0,22900.14285714286,0.0,0.0,0.0,24361.428571428572,1344.142857142857,25705.571428571428
2021-06-06,3836.4285714285716,50.142857142857146,3886.5714285714284,0.14285714285714285,0.0,0.14285714285714285,0.14285714285714285,0.0,0.0,1.0,138.71428571428572,139.71428571428572,21302.285714285714,925.2857142857143,22227.571428571428,0.0,0.0,0.0,25139.85714285714,1114.142857142857,26254.0
2021-06-07,5151.0,44.285714285714285,5195.285714285715,0.14285714285714285,0.0,0.14285714285714285,0.14285714285714285,0.0,0.0,0.8571428571428571,126.57142857142857,127.42857142857143,19722.85714285714,789.5714285714286,20512.428571428572,0.0,0.0,0.0,24874.85714285714,960.4285714285714,25835.285714285714
2021-06-08,5066.714285714285,2768.8571428571427,7835.571428571428,0.14285714285714285,0.0,0.14285714285714285,0.14285714285714285,0.0,0.0,0.7142857142857143,73.71428571428571,74.42857142857143,16568.571428571428,778.1428571428571,17346.714285714286,0.0,0.0,0.0,21636.14285714286,3620.714285714286,25256.85714285714
2021-06-09,6336.142857142857,3016.4285714285716,9352.57142857143,0.14285714285714285,0.0,0.14285714285714285,0.0,0.0,0.0,0.7142857142857143,73.57142857142857,74.28571428571429,14091.142857142857,753.7142857142857,14844.857142857143,0.0,0.0,0.0,20428.14285714286,3843.714285714286,24271.85714285714
2021-06-10,7333.714285714285,3030.4285714285716,10364.142857142857,0.0,0.0,0.0,0.0,0.0,0.0,0.7142857142857143,71.57142857142857,72.28571428571429,11786.285714285714,666.1428571428571,12452.42857142857,0.0,0.0,0.0,19120.714285714286,3768.1428571428573,22888.85714285714
2021-06-11,7681.857142857143,3129.5714285714284,10811.42857142857,0.0,0.0,0.0,0.0,0.0,0.0,8.428571428571429,32.142857142857146,40.57142857142857,9307.714285714286,584.2857142857143,9892.0,0.0,0.0,0.0,16998.0,3746.0,20744.0
2021-06-12,7160.714285714285,3258.5714285714284,10419.285714285714,0.0,0.0,0.0,0.0,0.0,0.0,26.857142857142858,35.142857142857146,62.0,9581.42857142857,383.7142857142857,9965.142857142857,0.0,0.0,0.0,16769.0,3677.4285714285716,20446.428571428572
2021-06-13,5342.142857142857,3263.285714285714,8605.42857142857,0.0,0.0,0.0,0.0,0.0,0.0,57.142857142857146,35.0,92.14285714285714,8914.57142857143,1711.0,10625.57142857143,0.0,0.0,0.0,14313.857142857143,5009.285714285715,19323.14285714286
2021-06-14,3191.1428571428573,3412.1428571428573,6603.285714285715,0.0,0.0,0.0,0.0,0.0,0.0,75.28571428571429,36.285714285714285,111.57142857142857,9255.42857142857,2870.714285714286,12126.142857142857,0.0,0.0,0.0,12521.857142857143,6319.142857142857,18841.0
2021-06-15,3469.714285714286,837.1428571428571,4306.857142857143,0.0,0.0,0.0,0.0,0.0,0.0,95.57142857142857,35.857142857142854,131.42857142857142,12055.42857142857,2940.285714285714,14995.714285714286,0.0,0.0,0.0,15620.714285714286,3813.285714285714,19434.0
2021-06-16,2275.8571428571427,616.5714285714286,2892.4285714285716,0.0,0.0,0.0,0.0,0.0,0.0,95.57142857142857,35.857142857142854,131.42857142857142,14615.57142857143,2935.714285714286,17551.285714285714,0.0,0.0,0.0,16987.0,3588.1428571428573,20575.14285714286
2021-06-17,1224.7142857142858,602.4285714285714,1827.142857142857,0.0,0.0,0.0,0.0,0.0,0.0,95.57142857142857,35.857142857142854,131.42857142857142,14470.714285714286,2933.5714285714284,17404.285714285714,0.0,0.0,0.0,15791.0,3571.8571428571427,19362.85714285714
2021-06-18,839.8571428571429,498.7142857142857,1338.5714285714287,0.0,0.0,0.0,0.0,0.0,0.0,87.85714285714286,34.57142857142857,122.42857142857143,14810.714285714286,3004.1428571428573,17814.85714285714,0.0,0.0,0.0,15738.42857142857,3537.4285714285716,19275.85714285714
2021-06-19,917.2857142857143,373.0,1290.2857142857142,0.0,0.0,0.0,0.0,0.0,0.0,89.71428571428571,5.571428571428571,95.28571428571429,12297.0,3124.285714285714,15421.285714285714,0.0,0.0,0.0,13304.0,3502.8571428571427,16806.85714285714
2021-06-20,810.5714285714286,410.7142857142857,1221.2857142857142,0.0,0.0,0.0,0.0,0.0,0.0,2051.0,6.857142857142857,2057.8571428571427,11855.714285714286,1869.2857142857142,13725.0,0.0,0.0,0.0,14717.285714285714,2286.8571428571427,17004.14285714286
2021-06-21,772.0,259.2857142857143,1031.2857142857142,0.0,0.0,0.0,0.0,0.0,0.0,6246.285714285715,8.714285714285714,6255.0,10184.285714285714,828.0,11012.285714285714,0.0,0.0,0.0,17202.571428571428,1096.0,18298.571428571428
2021-06-22,765.2857142857143,111.28571428571429,876.5714285714286,0.0,0.0,0.0,0.0,0.0,0.0,6832.428571428572,9.857142857142858,6842.285714285715,8222.857142857143,2648.1428571428573,10871.0,0.0,0.0,0.0,15820.57142857143,2769.285714285714,18589.85714285714
2021-06-23,633.1428571428571,56.857142857142854,690.0,0.0,0.0,0.0,0.0,0.0,0.0,7072.428571428572,9.857142857142858,7082.285714285715,5526.714285714285,5164.714285714285,10691.42857142857,0.0,0.0,0.0,13232.285714285714,5231.428571428572,18463.714285714286
2021-06-24,633.0,57.42857142857143,690.4285714285714,0.0,0.0,0.0,0.0,0.0,0.0,8636.57142857143,10.142857142857142,8646.714285714286,5603.857142857143,5966.285714285715,11570.142857142857,0.0,0.0,0.0,14873.42857142857,6033.857142857143,20907.285714285714
2021-06-25,673.8571428571429,58.714285714285715,732.5714285714286,0.0,0.0,0.0,0.0,0.0,0.0,13220.714285714286,84.14285714285714,13304.857142857143,4214.571428571428,6203.714285714285,10418.285714285714,0.0,0.0,0.0,18109.14285714286,6346.571428571428,24455.714285714286
2021-06-26,582.0,117.0,699.0,0.0,0.0,0.0,0.0,0.0,0.0,16069.714285714286,88.57142857142857,16158.285714285714,4939.285714285715,6460.428571428572,11399.714285714286,0.0,0.0,0.0,21591.0,6666.0,28257.0
2021-06-27,539.8571428571429,76.85714285714286,616.7142857142857,0.0,0.0,0.0,0.0,0.0,0.0,15573.714285714286,90.85714285714286,15664.57142857143,8049.571428571428,6723.857142857143,14773.42857142857,0.0,0.0,0.0,24163.14285714286,6891.571428571428,31054.714285714286
2021-06-28,635.5714285714286,79.0,714.5714285714286,0.0,0.0,0.0,0.0,0.0,0.0,11657.714285714286,90.14285714285714,11747.857142857143,10276.142857142857,7059.857142857143,17336.0,0.0,0.0,0.0,22569.428571428572,7229.0,29798.428571428572
2021-06-29,1022.2857142857143,2090.4285714285716,3112.714285714286,0.0,0.0,0.0,0.0,0.0,0.0,11171.0,98.28571428571429,11269.285714285714,9546.285714285714,5357.142857142857,14903.42857142857,0.0,0.0,0.0,21739.571428571428,7545.857142857143,29285.428571428572
2021-06-30,3369.5714285714284,2743.285714285714,6112.857142857143,0.0,0.0,0.0,0.0,0.0,0.0,10933.57142857143,103.0,11036.57142857143,9565.142857142857,2845.1428571428573,12410.285714285714,0.0,0.0,0.0,23868.285714285714,5691.428571428572,29559.714285714286
2021-07-01,3541.0,2780.714285714286,6321.714285714285,0.0,0.0,0.0,0.0,0.0,0.0,9389.714285714286,103.0,9492.714285714286,12187.42857142857,2075.285714285714,14262.714285714286,0.0,0.0,0.0,25118.14285714286,4959.0,30077.14285714286
2021-07-02,3488.5714285714284,3024.8571428571427,6513.428571428572,0.0,0.0,0.0,0.0,0.0,0.0,4842.428571428572,29.571428571428573,4872.0,13018.142857142857,1898.142857142857,14916.285714285714,0.0,0.0,0.0,21349.14285714286,4952.571428571428,26301.714285714286
2021-07-03,6492.571428571428,3124.285714285714,9616.857142857143,0.0,0.0,0.0,0.0,0.0,0.0,1984.5714285714287,32.42857142857143,2017.0,11430.57142857143,1556.857142857143,12987.42857142857,0.0,0.0,0.0,19907.714285714286,4713.571428571428,24621.285714285714
2021-07-04,7239.142857142857,3353.5714285714284,10592.714285714286,0.0,0.0,0.0,0.0,0.0,0.0,522.0,29.428571428571427,551.4285714285714,8423.142857142857,1202.7142857142858,9625.857142857143,0.0,0.0,0.0,16184.285714285714,4585.714285714285,20770.0
2021-07-05,11722.42857142857,3403.714285714286,15126.142857142857,0.0,0.0,0.0,0.0,0.0,0.0,248.0,36.142857142857146,284.14285714285717,5912.0,734.2857142857143,6646.285714285715,0.0,0.0,0.0,17882.428571428572,4174.142857142857,22056.571428571428
2021-07-06,11340.57142857143,1388.0,12728.57142857143,0.0,0.0,0.0,0.0,0.0,0.0,3097.8571428571427,38.857142857142854,3136.714285714286,5313.0,568.1428571428571,5881.142857142857,0.0,0.0,0.0,19751.428571428572,1995.0,21746.428571428572
2021-07-07,8991.42857142857,737.0,9728.42857142857,0.0,0.0,0.0,0.0,0.0,0.0,5763.714285714285,93.0,5856.714285714285,5299.142857142857,722.2857142857143,6021.428571428572,0.0,0.0,0.0,20054.285714285714,1552.2857142857142,21606.571428571428
2021-07-08,8820.285714285714,1200.7142857142858,10021.0,0.0,0.0,0.0,0.0,0.0,0.0,5745.571428571428,92.85714285714286,5838.428571428572,2912.5714285714284,691.2857142857143,3603.8571428571427,0.0,0.0,0.0,17478.428571428572,1984.857142857143,19463.285714285714
2021-07-09,8827.714285714286,1007.7142857142857,9835.42857142857,0.0,0.0,0.0,0.0,0.0,0.0,10270.857142857143,97.42857142857143,10368.285714285714,2008.857142857143,586.5714285714286,2595.4285714285716,0.0,0.0,0.0,21107.428571428572,1691.7142857142858,22799.14285714286
2021-07-10,5884.857142857143,850.2857142857143,6735.142857142857,0.0,0.0,0.0,0.0,0.0,0.0,12054.142857142857,95.14285714285714,12149.285714285714,2514.8571428571427,529.7142857142857,3044.5714285714284,0.0,0.0,0.0,20453.85714285714,1475.142857142857,21929.0
2021-07-11,5367.0,620.0,5987.0,0.0,0.0,0.0,0.0,0.0,0.0,12488.142857142857,115.85714285714286,12604.0,2102.5714285714284,505.42857142857144,2608.0,0.0,0.0,0.0,19957.714285714286,1241.2857142857142,21199.0
2021-07-12,1000.4285714285714,2950.285714285714,3950.714285714286,0.0,0.0,0.0,0.0,0.0,0.0,12634.57142857143,2005.857142857143,14640.42857142857,1877.142857142857,498.57142857142856,2375.714285714286,0.0,0.0,0.0,15512.142857142857,5454.714285714285,20966.85714285714
2021-07-13,794.8571428571429,5066.857142857143,5861.714285714285,0.0,0.0,0.0,0.0,0.0,0.0,9848.0,4244.428571428572,14092.42857142857,1720.7142857142858,365.57142857142856,2086.285714285714,0.0,0.0,0.0,12363.57142857143,9676.857142857143,22040.428571428572
2021-07-14,962.0,5176.0,6138.0,0.0,0.0,0.0,0.0,0.0,0.0,7854.285714285715,5410.142857142857,13264.42857142857,2958.0,153.14285714285714,3111.1428571428573,0.0,0.0,0.0,11774.285714285714,10739.285714285714,22513.571428571428
2021-07-15,961.8571428571429,4677.857142857143,5639.714285714285,0.0,0.0,0.0,0.0,0.0,0.0,7882.857142857143,6641.857142857143,14524.714285714286,4640.285714285715,185.85714285714286,4826.142857142857,0.0,0.0,0.0,13485.0,11505.57142857143,24990.571428571428
2021-07-16,1118.7142857142858,4752.285714285715,5871.0,0.0,0.0,0.0,0.0,0.0,0.0,3402.285714285714,10331.42857142857,13733.714285714286,5276.142857142857,187.14285714285714,5463.285714285715,0.0,0.0,0.0,9797.142857142857,15270.857142857143,25068.0
2021-07-17,1171.5714285714287,4824.857142857143,5996.428571428572,0.0,0.0,0.0,0.0,0.0,0.0,3136.8571428571427,12453.57142857143,15590.42857142857,5971.0,202.14285714285714,6173.142857142857,0.0,0.0,0.0,10279.42857142857,17480.571428571428,27760.0
2021-07-18,1079.142857142857,4868.428571428572,5947.571428571428,0.0,0.0,0.0,0.0,0.0,0.0,7618.285714285715,12465.857142857143,20084.14285714286,5882.428571428572,220.0,6102.428571428572,0.0,0.0,0.0,14579.857142857143,17554.285714285714,32134.14285714286
2021-07-19,899.2857142857143,2495.285714285714,3394.5714285714284,0.0,0.0,0.0,0.0,0.0,0.0,12330.57142857143,10572.857142857143,22903.428571428572,6047.714285714285,210.14285714285714,6257.857142857143,0.0,0.0,0.0,19277.571428571428,13278.285714285714,32555.85714285714
2021-07-20,793.0,379.57142857142856,1172.5714285714287,0.0,0.0,0.0,0.0,0.0,0.0,14585.57142857143,10258.57142857143,24844.14285714286,6262.571428571428,225.14285714285714,6487.714285714285,0.0,0.0,0.0,21641.14285714286,10863.285714285714,32504.428571428572
2021-07-21,682.2857142857143,270.14285714285717,952.4285714285714,0.0,0.0,0.0,0.0,0.0,0.0,13915.285714285714,9043.285714285714,22958.571428571428,4970.857142857143,4096.428571428572,9067.285714285714,0.0,0.0,0.0,19568.428571428572,13409.857142857143,32978.28571428572
2021-07-22,682.4285714285714,266.57142857142856,949.0,0.0,0.0,0.0,0.0,0.0,0.0,17497.85714285714,7823.857142857143,25321.714285714286,2977.285714285714,4067.714285714286,7045.0,0.0,0.0,0.0,21157.571428571428,12158.142857142857,33315.71428571428
2021-07-23,646.8571428571429,142.14285714285714,789.0,0.0,0.0,0.0,0.0,0.0,0.0,18416.428571428572,4134.857142857143,22551.285714285714,2299.5714285714284,8371.857142857143,10671.42857142857,0.0,0.0,0.0,21362.85714285714,12648.857142857143,34011.71428571428
2021-07-24,648.8571428571429,121.0,769.8571428571429,0.2857142857142857,0.0,0.2857142857142857,0.0,0.0,0.0,18625.85714285714,2019.4285714285713,20645.285714285714,928.5714285714286,11094.57142857143,12023.142857142857,0.0,0.0,0.0,20203.571428571428,13235.0,33438.57142857143
2021-07-25,618.2857142857143,77.0,695.2857142857143,0.2857142857142857,0.0,0.2857142857142857,0.0,0.0,0.0,18783.285714285714,2049.4285714285716,20832.714285714286,945.8571428571429,11082.142857142857,12028.0,0.0,0.0,0.0,20347.714285714286,13208.57142857143,33556.28571428572
2021-07-26,695.7142857142857,74.28571428571429,770.0,0.2857142857142857,0.0,0.2857142857142857,0.0,0.0,0.0,18731.14285714286,2072.0,20803.14285714286,868.8571428571429,11221.57142857143,12090.42857142857,0.0,0.0,0.0,20296.0,13367.857142857143,33663.857142857145
2021-07-27,729.5714285714286,96.71428571428571,826.2857142857143,0.42857142857142855,4.857142857142857,5.285714285714286,0.0,0.0,0.0,18076.0,2598.8571428571427,20674.85714285714,774.1428571428571,11369.285714285714,12143.42857142857,0.0,0.0,0.0,19580.14285714286,14069.714285714286,33649.857142857145
2021-07-28,682.5714285714286,94.57142857142857,777.1428571428571,0.42857142857142855,5.142857142857143,5.571428571428571,0.0,0.0,0.0,18082.14285714286,4799.571428571428,22881.714285714286,699.7142857142857,8833.142857142857,9532.857142857143,0.0,0.0,0.0,19464.85714285714,13732.42857142857,33197.28571428572
2021-07-29,682.2857142857143,94.57142857142857,776.8571428571429,0.42857142857142855,5.142857142857143,5.571428571428571,0.0,0.0,0.0,14470.714285714286,4796.857142857143,19267.571428571428,700.0,10823.0,11523.0,0.0,0.0,0.0,15853.42857142857,15719.57142857143,31573.0
2021-07-30,605.0,116.28571428571429,721.2857142857143,4.571428571428571,10.285714285714286,14.857142857142858,0.0,0.0,0.0,13976.714285714286,9398.42857142857,23375.14285714286,582.4285714285714,6500.0,7082.428571428572,0.0,0.0,0.0,15168.714285714286,16025.0,31193.714285714286
2021-07-31,492.85714285714283,76.71428571428571,569.5714285714286,1180.857142857143,13.0,1193.857142857143,0.0,0.0,0.0,12596.0,9430.714285714286,22026.714285714286,531.8571428571429,6561.857142857143,7093.714285714285,0.0,0.0,0.0,14801.57142857143,16082.285714285714,30883.85714285714
2021-08-01,428.42857142857144,84.85714285714286,513.2857142857143,1182.142857142857,13.0,1195.142857142857,0.0,0.0,0.0,7646.571428571428,9785.142857142857,17431.714285714286,608.2857142857143,9701.142857142857,10309.42857142857,0.0,0.0,0.0,9865.42857142857,19584.14285714286,29449.571428571428
2021-08-02,276.57142857142856,80.42857142857143,357.0,1302.4285714285713,13.0,1315.4285714285713,0.0,0.0,0.0,3924.0,11019.857142857143,14943.857142857143,487.7142857142857,9622.857142857143,10110.57142857143,0.0,0.0,0.0,5990.714285714285,20736.14285714286,26726.85714285714
2021-08-03,168.28571428571428,57.142857142857146,225.42857142857142,1359.857142857143,786.2857142857143,2146.1428571428573,0.0,0.0,0.0,2357.8571428571427,8759.857142857143,11117.714285714286,357.2857142857143,9576.42857142857,9933.714285714286,0.0,0.0,0.0,4243.285714285715,19179.714285714286,23423.0
2021-08-04,157.71428571428572,57.714285714285715,215.42857142857142,1617.857142857143,3974.4285714285716,5592.285714285715,0.0,0.0,0.0,2407.0,6552.571428571428,8959.57142857143,308.57142857142856,8192.714285714286,8501.285714285714,0.0,0.0,0.0,4491.142857142857,18777.428571428572,23268.571428571428
2021-08-05,158.0,57.857142857142854,215.85714285714286,1621.142857142857,7101.0,8722.142857142857,0.0,0.0,0.0,2405.1428571428573,6543.285714285715,8948.42857142857,306.85714285714283,6199.285714285715,6506.142857142857,0.0,0.0,0.0,4491.142857142857,19901.428571428572,24392.571428571428
2021-08-06,105.42857142857143,42.0,147.42857142857142,1624.5714285714287,11760.0,13384.57142857143,0.0,0.0,0.0,1939.7142857142858,1937.857142857143,3877.5714285714284,291.0,6294.0,6585.0,0.0,0.0,0.0,3960.714285714286,20033.85714285714,23994.571428571428
2021-08-07,50.42857142857143,26.428571428571427,76.85714285714286,454.14285714285717,15720.0,16174.142857142857,0.0,0.0,0.0,1597.2857142857142,1898.857142857143,3496.1428571428573,272.2857142857143,4199.714285714285,4472.0,0.0,0.0,0.0,2374.1428571428573,21845.0,24219.14285714286
2021-08-08,1.5714285714285714,19.428571428571427,21.0,762.0,19666.85714285714,20428.85714285714,0.0,0.0,0.0,1450.7142857142858,1504.0,2954.714285714286,75.14285714285714,1232.142857142857,1307.2857142857142,0.0,0.0,0.0,2289.4285714285716,22422.428571428572,24711.85714285714
2021-08-09,1.5714285714285714,854.4285714285714,856.0,643.5714285714286,21731.571428571428,22375.14285714286,0.0,0.0,0.0,373.42857142857144,325.57142857142856,699.0,107.71428571428571,1305.857142857143,1413.5714285714287,0.0,0.0,0.0,1126.2857142857142,24217.428571428572,25343.714285714286
2021-08-10,1.8571428571428572,5025.142857142857,5027.0,586.4285714285714,21020.714285714286,21607.14285714286,0.0,0.0,0.0,163.57142857142858,133.42857142857142,297.0,115.85714285714286,1338.857142857143,1454.7142857142858,0.0,0.0,0.0,867.7142857142857,27518.14285714286,28385.85714285714
2021-08-11,1.7142857142857142,5359.571428571428,5361.285714285715,330.2857142857143,20249.571428571428,20579.85714285714,0.0,0.0,0.0,104.85714285714286,133.71428571428572,238.57142857142858,116.14285714285714,1580.142857142857,1696.2857142857142,0.0,0.0,0.0,553.0,27323.0,27876.0
2021-08-12,1.5714285714285714,6102.714285714285,6104.285714285715,327.0,17130.85714285714,17457.85714285714,0.0,0.0,0.0,104.85714285714286,133.28571428571428,238.14285714285714,118.85714285714286,4274.428571428572,4393.285714285715,0.0,0.0,0.0,552.2857142857143,27641.285714285714,28193.571428571428
2021-08-13,1914.7142857142858,6755.857142857143,8670.57142857143,319.42857142857144,12475.857142857143,12795.285714285714,0.0,0.0,0.0,66.28571428571429,132.0,198.28571428571428,116.57142857142857,4577.142857142857,4693.714285714285,0.0,0.0,0.0,2417.0,23940.85714285714,26357.85714285714
2021-08-14,6022.285714285715,6761.285714285715,12783.57142857143,315.2857142857143,8628.857142857143,8944.142857142857,0.0,0.0,0.0,83.28571428571429,128.28571428571428,211.57142857142858,85.14285714285714,3878.285714285714,3963.4285714285716,0.0,0.0,0.0,6506.0,19396.714285714286,25902.714285714286
2021-08-15,7888.142857142857,6931.857142857143,14820.0,7.857142857142857,5329.142857142857,5337.0,0.0,0.0,0.0,134.71428571428572,114.85714285714286,249.57142857142858,61.714285714285715,4314.285714285715,4376.0,0.0,0.0,0.0,8092.428571428572,16690.14285714286,24782.571428571428
2021-08-16,8442.57142857143,6233.428571428572,14676.0,151.28571428571428,3425.8571428571427,3577.1428571428573,0.0,0.0,0.0,126.71428571428571,263.0,389.7142857142857,28.857142857142858,4636.428571428572,4665.285714285715,0.0,0.0,0.0,8749.42857142857,14558.714285714286,23308.14285714286
2021-08-17,9246.285714285714,2080.5714285714284,11326.857142857143,151.71428571428572,3374.4285714285716,3526.1428571428573,0.0,0.14285714285714285,0.0,122.14285714285714,255.42857142857142,377.57142857142856,78.28571428571429,7201.714285714285,7280.0,0.0,0.0,0.0,9598.42857142857,12912.142857142857,22510.571428571428
2021-08-18,9313.714285714286,1745.5714285714287,11059.285714285714,149.85714285714286,957.1428571428571,1107.0,0.0,0.14285714285714285,0.0,121.28571428571429,252.71428571428572,374.0,89.28571428571429,9946.42857142857,10035.714285714286,0.0,0.0,0.0,9674.142857142857,12901.857142857143,22576.0
2021-08-19,9313.57142857143,1002.2857142857143,10315.857142857143,149.85714285714286,949.2857142857143,1099.142857142857,0.0,0.14285714285714285,0.0,129.0,3251.5714285714284,3380.5714285714284,86.28571428571429,7251.0,7337.285714285715,0.0,0.0,0.0,9678.714285714286,12454.142857142857,22132.85714285714
2021-08-20,7519.714285714285,342.57142857142856,7862.285714285715,195.28571428571428,944.0,1139.2857142857142,0.14285714285714285,0.14285714285714285,0.0,1858.2857142857142,5583.285714285715,7441.571428571428,111.57142857142857,7283.714285714285,7395.285714285715,0.0,0.0,0.0,9684.857142857143,14153.57142857143,23838.428571428572
2021-08-21,3526.4285714285716,337.7142857142857,3864.1428571428573,193.28571428571428,830.4285714285714,1023.7142857142857,0.14285714285714285,0.14285714285714285,0.0,1879.5714285714287,8683.57142857143,10563.142857142857,185.57142857142858,7567.0,7752.571428571428,0.0,0.0,0.0,5784.857142857143,17418.714285714286,23203.571428571428
2021-08-22,1765.7142857142858,170.71428571428572,1936.4285714285713,262.0,189.42857142857142,451.42857142857144,0.14285714285714285,0.14285714285714285,0.0,1884.4285714285713,9631.714285714286,11516.142857142857,224.28571428571428,10176.0,10400.285714285714,0.0,0.0,0.0,4136.428571428572,20167.85714285714,24304.285714285714
2021-08-23,1301.5714285714287,32.714285714285715,1334.2857142857142,123.85714285714286,3525.4285714285716,3649.285714285714,0.14285714285714285,0.14285714285714285,0.0,1906.142857142857,10311.42857142857,12217.57142857143,262.14285714285717,9758.857142857143,10021.0,0.0,0.0,0.0,3593.714285714286,23628.428571428572,27222.14285714286
2021-08-24,513.2857142857143,14.0,527.2857142857143,124.85714285714286,4262.428571428572,4387.285714285715,0.14285714285714285,0.0,0.0,2002.7142857142858,14063.57142857143,16066.285714285714,211.0,7589.714285714285,7800.714285714285,0.0,0.0,0.0,2851.8571428571427,25929.714285714286,28781.571428571428
2021-08-25,445.85714285714283,48.714285714285715,494.57142857142856,124.85714285714286,4262.857142857143,4387.714285714285,0.14285714285714285,0.0,0.0,2009.0,17440.0,19449.0,199.85714285714286,4661.0,4860.857142857143,0.0,0.0,0.0,2779.5714285714284,26412.571428571428,29192.14285714286
2021-08-26,446.42857142857144,2424.285714285714,2870.714285714286,124.85714285714286,4263.0,4387.857142857143,0.14285714285714285,0.0,0.0,2007.142857142857,14683.714285714286,16690.85714285714,202.0,5491.285714285715,5693.285714285715,0.0,0.0,0.0,2780.4285714285716,26862.285714285714,29642.714285714286
2021-08-27,2792.4285714285716,4207.142857142857,6999.571428571428,79.42857142857143,4259.285714285715,4338.714285714285,0.14285714285714285,0.0,0.0,290.7142857142857,12372.285714285714,12663.0,229.71428571428572,5374.428571428572,5604.142857142857,0.0,0.0,0.0,3392.285714285714,26213.14285714286,29605.428571428572
2021-08-28,4194.0,4206.714285714285,8400.714285714286,79.42857142857143,4257.571428571428,4337.0,0.14285714285714285,0.0,0.0,268.7142857142857,12238.57142857143,12507.285714285714,216.14285714285714,5173.571428571428,5389.714285714285,0.0,0.0,0.0,4758.285714285715,25876.428571428572,30634.714285714286
2021-08-29,4289.0,4395.0,8684.0,11.428571428571429,5213.571428571428,5225.0,0.14285714285714285,0.0,0.0,232.71428571428572,14551.57142857143,14784.285714285714,206.28571428571428,1974.857142857143,2181.1428571428573,0.0,0.0,0.0,4739.428571428572,26135.0,30874.428571428572
2021-08-30,4201.571428571428,6335.571428571428,10537.142857142857,210.0,1899.0,2109.0,0.14285714285714285,0.0,0.0,240.71428571428572,16181.42857142857,16422.14285714286,174.14285714285714,1967.857142857143,2142.0,0.0,0.0,0.0,4826.428571428572,26383.85714285714,31210.285714285714
2021-08-31,4259.285714285715,7332.857142857143,11592.142857142857,209.71428571428572,1889.0,2098.714285714286,0.14285714285714285,0.0,0.0,203.85714285714286,14480.714285714286,14684.57142857143,191.85714285714286,1987.142857142857,2179.0,0.0,0.0,0.0,4864.714285714285,25689.714285714286,30554.428571428572
2021-09-01,4372.142857142857,7298.0,11670.142857142857,209.71428571428572,1888.7142857142858,2098.4285714285716,0.14285714285714285,0.0,0.0,200.0,12830.57142857143,13030.57142857143,202.85714285714286,3528.8571428571427,3731.714285714286,0.0,0.0,0.0,4984.714285714285,25546.14285714286,30530.85714285714
2021-09-02,4489.0,4922.428571428572,9411.42857142857,209.71428571428572,1888.5714285714287,2098.285714285714,0.14285714285714285,0.0,0.0,195.57142857142858,13094.0,13289.57142857143,208.85714285714286,5542.428571428572,5751.285714285715,0.0,0.0,0.0,5103.142857142857,25447.428571428572,30550.571428571428
2021-09-03,2038.5714285714287,3157.0,5195.571428571428,210.42857142857142,2100.4285714285716,2310.8571428571427,0.0,0.0,0.0,325.0,13192.142857142857,13517.142857142857,168.57142857142858,9292.857142857143,9461.42857142857,0.0,0.0,0.0,2742.5714285714284,27742.428571428572,30485.0
2021-09-04,522.5714285714286,5028.857142857143,5551.428571428572,212.14285714285714,2150.8571428571427,2363.0,0.0,0.0,0.0,410.2857142857143,10344.57142857143,10754.857142857143,137.71428571428572,12448.714285714286,12586.42857142857,0.0,0.0,0.0,1282.7142857142858,29973.0,31255.714285714286
2021-09-05,1172.142857142857,5530.571428571428,6702.714285714285,230.57142857142858,1202.0,1432.5714285714287,0.0,0.0,0.0,479.14285714285717,7184.857142857143,7664.0,109.14285714285714,13602.285714285714,13711.42857142857,0.0,0.0,0.0,1991.0,27519.714285714286,29510.714285714286
2021-09-06,1399.4285714285713,3590.0,4989.428571428572,24.857142857142858,1019.1428571428571,1044.0,0.0,0.0,0.0,565.5714285714286,5088.428571428572,5654.0,126.14285714285714,17000.571428571428,17126.714285714286,0.0,0.0,0.0,2116.0,26698.14285714286,28814.14285714286
2021-09-07,1511.7142857142858,3000.285714285714,4512.0,23.428571428571427,664.8571428571429,688.2857142857143,0.0,0.0,0.0,610.8571428571429,3256.714285714286,3867.5714285714284,97.85714285714286,16590.85714285714,16688.714285714286,0.0,0.0,0.0,2243.8571428571427,23512.714285714286,25756.571428571428
2021-09-08,1398.7142857142858,3184.5714285714284,4583.285714285715,137.71428571428572,664.7142857142857,802.4285714285714,0.0,0.0,0.0,608.4285714285714,1579.0,2187.4285714285716,87.71428571428571,15590.142857142857,15677.857142857143,0.0,0.0,0.0,2232.5714285714284,21018.428571428572,23251.0
2021-09-09,1281.2857142857142,3184.714285714286,4466.0,137.71428571428572,664.7142857142857,802.4285714285714,0.0,0.0,0.0,611.4285714285714,1153.142857142857,1764.5714285714287,79.14285714285714,12923.142857142857,13002.285714285714,0.14285714285714285,0.0,0.0,2109.5714285714284,17925.714285714286,20035.285714285714
2021-09-10,1266.857142857143,3167.285714285714,4434.142857142857,137.28571428571428,456.42857142857144,593.7142857142857,0.0,0.0,0.0,481.42857142857144,1060.4285714285713,1541.857142857143,67.71428571428571,8941.42857142857,9009.142857142857,1946.5714285714287,0.0,0.0,1953.2857142857142,13625.57142857143,15578.857142857143
2021-09-11,1350.7142857142858,1298.5714285714287,2649.285714285714,136.28571428571428,2026.5714285714287,2162.8571428571427,0.0,0.0,0.0,390.42857142857144,985.8571428571429,1376.2857142857142,39.57142857142857,5746.714285714285,5786.285714285715,2089.1428571428573,0.0,0.0,1917.0,10057.714285714286,11974.714285714286
2021-09-12,501.14285714285717,5360.428571428572,5861.571428571428,115.57142857142857,2394.5714285714284,2510.1428571428573,0.0,0.0,0.0,310.0,900.7142857142857,1210.7142857142858,36.142857142857146,4621.142857142857,4657.285714285715,2177.1428571428573,0.0,0.0,962.8571428571429,13276.857142857143,14239.714285714286
2021-09-13,271.0,7081.142857142857,7352.142857142857,115.71428571428571,2400.1428571428573,2515.8571428571427,0.0,384.14285714285717,0.0,176.57142857142858,485.7142857142857,662.2857142857143,21.0,3979.5714285714284,4000.5714285714284,2273.8571428571427,1.8571428571428572,0.0,584.2857142857143,13946.57142857143,14530.857142857143
2021-09-14,200.57142857142858,6859.857142857143,7060.428571428572,132.28571428571428,2032.5714285714287,2164.8571428571427,0.0,770.5714285714286,0.0,74.57142857142857,697.5714285714286,772.1428571428571,22.0,5743.0,5765.0,3180.5714285714284,5.428571428571429,0.0,429.42857142857144,15333.0,15762.42857142857
2021-09-15,200.57142857142858,6675.571428571428,6876.142857142857,63.42857142857143,2142.285714285714,2205.714285714286,0.0,770.5714285714286,0.0,83.14285714285714,3701.285714285714,3784.4285714285716,22.0,5546.714285714285,5568.714285714285,3180.5714285714284,5.428571428571429,0.0,369.14285714285717,18065.85714285714,18435.0
2021-09-16,200.85714285714286,6675.571428571428,6876.428571428572,63.42857142857143,2142.285714285714,2205.714285714286,0.0,770.5714285714286,0.0,1216.0,5110.142857142857,6326.142857142857,22.0,5370.428571428572,5392.428571428572,3180.4285714285716,5.428571428571429,0.0,1502.2857142857142,19298.428571428572,20800.714285714286
2021-09-17,230.71428571428572,7246.428571428572,7477.142857142857,63.285714285714285,2142.285714285714,2205.5714285714284,0.0,770.5714285714286,0.0,2135.714285714286,5143.285714285715,7279.0,21.428571428571427,5562.428571428572,5583.857142857143,1344.5714285714287,5.428571428571429,0.0,2451.1428571428573,20094.428571428572,22545.571428571428
2021-09-18,147.0,7293.285714285715,7440.285714285715,62.714285714285715,521.2857142857143,584.0,0.0,770.7142857142857,0.0,4498.857142857143,5960.142857142857,10459.0,21.285714285714285,5531.285714285715,5552.571428571428,1248.5714285714287,5.428571428571429,0.0,4729.857142857143,19306.0,24035.85714285714
2021-09-19,196.85714285714286,2793.8571428571427,2990.714285714286,62.57142857142857,140.0,202.57142857142858,0.0,770.7142857142857,0.0,5313.428571428572,7071.714285714285,12385.142857142857,23.0,5503.428571428572,5526.428571428572,1175.5714285714287,8.142857142857142,0.0,5595.857142857143,15509.0,21104.85714285714
2021-09-20,197.14285714285714,1084.0,1281.142857142857,62.42857142857143,140.57142857142858,203.0,0.0,1168.4285714285713,0.0,5652.142857142857,7536.428571428572,13188.57142857143,15.857142857142858,2710.8571428571427,2726.714285714286,1082.2857142857142,6.285714285714286,0.0,5927.571428571428,11471.857142857143,17399.428571428572
2021-09-21,81.71428571428571,909.7142857142857,991.4285714285714,91.28571428571429,239.0,330.2857142857143,0.0,1359.5714285714287,0.0,6456.428571428572,7168.714285714285,13625.142857142857,11.142857142857142,799.0,810.1428571428571,178.71428571428572,2.7142857142857144,0.0,6640.571428571428,9116.42857142857,15757.0
2021-09-22,361.42857142857144,909.7142857142857,1271.142857142857,45.857142857142854,129.28571428571428,175.14285714285714,0.0,1359.5714285714287,0.0,6462.857142857143,4269.142857142857,10732.0,11.857142857142858,908.1428571428571,920.0,178.71428571428572,2.7142857142857144,0.0,6882.0,6216.285714285715,13098.285714285714
2021-09-23,361.14285714285717,909.5714285714286,1270.7142857142858,45.857142857142854,129.28571428571428,175.14285714285714,0.0,1359.5714285714287,0.0,5492.857142857143,2806.5714285714284,8299.42857142857,17.428571428571427,4052.714285714286,4070.1428571428573,178.71428571428572,2.7142857142857144,0.0,5917.285714285715,7898.142857142857,13815.42857142857
2021-09-24,349.57142857142856,347.85714285714283,697.4285714285714,45.714285714285715,127.57142857142857,173.28571428571428,0.0,1359.5714285714287,0.0,4782.857142857143,2782.1428571428573,7565.0,27.857142857142858,6667.142857142857,6695.0,109.71428571428571,2.7142857142857144,0.0,5206.0,9924.714285714286,15130.714285714286
2021-09-25,750.5714285714286,3566.4285714285716,4317.0,46.285714285714285,160.28571428571428,206.57142857142858,0.0,1359.4285714285713,0.0,2424.285714285714,1960.0,4384.285714285715,81.85714285714286,6706.428571428572,6788.285714285715,121.14285714285714,2.7142857142857144,0.0,3303.0,12393.142857142857,15696.142857142857
2021-09-26,851.5714285714286,4529.571428571428,5381.142857142857,46.285714285714285,160.28571428571428,206.57142857142858,357.7142857142857,1359.5714285714287,0.0,1644.857142857143,1094.5714285714287,2739.4285714285716,82.28571428571429,7024.285714285715,7106.571428571428,154.0,0.0,0.0,2625.0,12808.714285714286,15433.714285714286
2021-09-27,1219.857142857143,4931.714285714285,6151.571428571428,46.42857142857143,156.0,202.42857142857142,1411.0,577.8571428571429,0.0,1328.0,684.4285714285714,2012.4285714285713,83.42857142857143,7616.142857142857,7699.571428571428,198.14285714285714,0.0,0.0,2677.714285714286,13388.285714285714,16066.0
2021-09-28,1220.0,5080.428571428572,6300.428571428572,1.4285714285714286,230.14285714285714,231.57142857142858,1686.4285714285713,0.2857142857142857,0.0,578.2857142857143,652.8571428571429,1231.142857142857,90.0,8443.42857142857,8533.42857142857,213.85714285714286,0.0,0.0,1889.7142857142858,14406.857142857143,16296.57142857143
2021-09-29,1136.2857142857142,5080.428571428572,6216.714285714285,1.4285714285714286,230.14285714285714,231.57142857142858,1789.5714285714287,0.42857142857142855,0.0,638.5714285714286,528.7142857142857,1167.2857142857142,94.57142857142857,8321.42857142857,8416.0,213.85714285714286,0.0,0.0,1870.857142857143,14160.714285714286,16031.57142857143
2021-09-30,1976.7142857142858,5080.428571428572,7057.142857142857,1.4285714285714286,230.14285714285714,231.57142857142858,1789.5714285714287,0.42857142857142855,0.0,471.42857142857144,502.2857142857143,973.7142857142857,89.28571428571429,5176.428571428572,5265.714285714285,213.85714285714286,0.0,0.0,2538.8571428571427,10989.285714285714,13528.142857142857
2021-10-01,2581.0,5243.571428571428,7824.571428571428,1.4285714285714286,228.14285714285714,229.57142857142858,1789.5714285714287,0.42857142857142855,0.0,564.5714285714286,561.7142857142857,1126.2857142857142,84.0,2599.1428571428573,2683.1428571428573,197.0,0.0,0.0,3231.0,8632.57142857143,11863.57142857143
2021-10-02,2206.285714285714,1973.7142857142858,4180.0,0.8571428571428571,195.42857142857142,196.28571428571428,1816.857142857143,0.7142857142857143,0.0,675.0,596.7142857142857,1271.7142857142858,191.42857142857142,2984.1428571428573,3175.5714285714284,184.0,0.0,0.0,3073.5714285714284,5750.0,8823.57142857143
2021-10-03,,,,,,,,,,,,,,,,,,,,,
2021-10-04,,,,,,,,,,,,,,,,,,,,,
2021-10-05,,,,,,,,,,,,,,,,,,,,,
